商品名称,种类,鲜(干)货,市场名称,价格,采集时间
松露,野生菌,鲜货,南华市场,380.00,2020-12-22
羊肚菌,野生菌,干货,南华市场,2200.00,2020-12-22
黑牛肝,野生菌,干货,南华市场,450.00,2020-12-22
虎掌菌,野生菌,干货,南华市场,1100.00,2020-12-22
鸡油菌,野生菌,干货,南华市场,400.00,2020-12-22
松茸,野生菌,干货,南华市场,1400.00,2020-12-22
牛肝菌,野生菌,干货,南华市场,400.00,2020-12-22
大红菇,野生菌,干货,南华市场,1200.00,2020-12-22
鸡枞,野生菌,干货,南华市场,500.00,2020-12-20
松露,野生菌,鲜货,南华市场,380.00,2020-12-14
松茸,野生菌,干货,南华市场,1500.00,2020-12-14
牛肝菌,野生菌,干货,南华市场,400.00,2020-12-14
羊肚菌,野生菌,干货,南华市场,2200.00,2020-12-14
黑牛肝菌,野生菌,干货,南华市场,450.00,2020-12-14
虎掌菌,野生菌,干货,南华市场,1100.00,2020-12-14
鸡枞,野生菌,干货,南华市场,500.00,2020-12-14
大红菇,野生菌,干货,南华市场,1200.00,2020-12-14
松露,野生菌,鲜货,南华市场,380.00,2020-11-18
松茸,野生菌,干货,南华市场,1500.00,2020-11-18
黑牛肝菌,野生菌,干货,南华市场,450.00,2020-11-18
牛肝菌,野生菌,干货,南华市场,400.00,2020-11-18
鸡油菌,野生菌,干货,南华市场,400.00,2020-11-18
大红菇,野生菌,干货,南华市场,1200.00,2020-11-18
鸡枞,野生菌,干货,南华市场,500.00,2020-11-18
虎掌菌,野生菌,干货,南华市场,1080.00,2020-11-18
松露,野生菌,鲜货,南华市场,380.00,2020-10-20
干巴菌,野生菌,鲜货,南华市场,560.00,2020-10-20
松茸,野生菌,干货,南华市场,1500.00,2020-10-20
黑牛肝菌,野生菌,干货,南华市场,450.00,2020-10-20
鸡油菌,野生菌,干货,南华市场,400.00,2020-10-20
虎掌菌,野生菌,干货,南华市场,1100.00,2020-10-20
大红菇,野生菌,干货,南华市场,1200.00,2020-10-20
鸡枞,野生菌,干货,南华市场,5000.00,2020-10-20
鸡枞,野生菌,鲜货,南华市场,280.00,2020-10-08
鸡油菌,野生菌,鲜货,南华市场,120.00,2020-10-08
松露,野生菌,鲜货,南华市场,380.00,2020-10-08
干巴菌,野生菌,鲜货,南华市场,560.00,2020-10-08
青头菌,野生菌,鲜货,南华市场,110.00,2020-10-08
黑虎掌菌,野生菌,鲜货,南华市场,160.00,2020-10-08
松茸,野生菌,鲜货,南华市场,680.00,2020-10-08
牛肝菌,野生菌,鲜货,南华市场,60.00,2020-10-08
松茸,野生菌,鲜货,南华市场,600.00,2020-09-22
黑虎掌菌,野生菌,鲜货,南华市场,160.00,2020-09-22
鸡枞,野生菌,鲜货,南华市场,280.00,2020-09-22
牛肝菌,野生菌,鲜货,南华市场,60.00,2020-09-22
香根,野生菌,鲜货,南华市场,95.00,2020-09-22
鸡油菌,野生菌,鲜货,南华市场,100.00,2020-09-22
青头菌,野生菌,鲜货,南华市场,110.00,2020-09-22
干巴菌,野生菌,鲜货,南华市场,560.00,2020-09-22
松茸,野生菌,鲜货,南华市场,480.00,2020-08-24
白牛肝菌,野生菌,鲜货,南华市场,100.00,2020-08-24
红牛肝菌,野生菌,鲜货,南华市场,110.00,2020-08-24
青头菌,野生菌,鲜货,南华市场,95.00,2020-08-24
牛肝菌,野生菌,鲜货,南华市场,40.00,2020-08-24
鸡枞,野生菌,鲜货,南华市场,280.00,2020-08-24
干巴菌,野生菌,鲜货,南华市场,500.00,2020-08-24
鸡油菌,野生菌,鲜货,南华上市场,100.00,2020-08-24
松茸,野生菌,鲜货,南华市场,480.00,2020-08-17
干巴菌,野生菌,鲜货,南华市场,500.00,2020-08-17
白牛肝菌,野生菌,鲜货,南华市场,100.00,2020-08-17
红牛肝菌,野生菌,鲜货,南华市场,110.00,2020-08-17
鸡枞,野生菌,鲜货,南华市场,280.00,2020-08-17
青头菌,野生菌,鲜货,南华市场,95.00,2020-08-17
鸡油菌,野生菌,鲜货,南华市场,110.00,2020-08-17
牛肝菌,野生菌,鲜货,南华市场,40.00,2020-08-17
松茸,野生菌,鲜货,南华市场,480.00,2020-08-10
干巴菌,野生菌,鲜货,南华市场,500.00,2020-08-10
牛肝菌,野生菌,鲜货,南华市场,40.00,2020-08-10
青头菌,野生菌,鲜货,南华市场,95.00,2020-08-10
鸡油菌,野生菌,鲜货,南华市场,100.00,2020-08-10
鸡枞,野生菌,鲜货,南华市场,280.00,2020-08-10
白牛肝菌,野生菌,鲜货,南华市场,100.00,2020-08-10
红牛肝菌,野生菌,鲜货,南华市场,110.00,2020-08-10
红牛肝菌,野生菌,鲜货,南华市场,110.00,2020-07-28
白牛肝菌,野生菌,鲜货,南华市场,100.00,2020-07-28
松茸,野生菌,鲜货,南华市场,550.00,2020-07-28
牛肝菌,野生菌,鲜货,南华市场,40.00,2020-07-28
干巴菌,野生菌,鲜货,南华市场,480.00,2020-07-28
青头菌,野生菌,鲜货,南华市场,95.00,2020-07-28
鸡枞,野生菌,鲜货,南华市场,280.00,2020-07-28
鸡油菌,野生菌,鲜货,南华市场,100.00,2020-07-28
鲜红牛干菌,野生菌,鲜货,南华市场,120.00,2020-07-19
鲜松茸,野生菌,鲜货,南华市场,650.00,2020-07-19
鲜白牛干菌,野生菌,鲜货,南华市场,100.00,2020-07-19
鲜牛肝菌,野生菌,鲜货,南华市场,40.00,2020-07-19
鲜干巴菌,野生菌,鲜货,南华市场,580.00,2020-07-19
鲜青头菌,野生菌,鲜货,南华市场,100.00,2020-07-19
鲜鸡油菌,野生菌,鲜货,南华市场,110.00,2020-07-19
鲜鸡枞,野生菌,鲜货,南华市场,300.00,2020-07-19
红牛肝菌,野生菌,鲜货,南华市场,150.00,2020-07-08
白牛肝菌,野生菌,鲜货,南华市场,120.00,2020-07-08
鸡枞,野生菌,鲜货,南华市场,300.00,2020-07-08
牛肝菌,野生菌,鲜货,南华市场,65.00,2020-07-08
大红菇,野生菌,干货,南华市场,1200.00,2020-07-08
鸡油菌,野生菌,干货,南华市场,400.00,2020-07-08
虎掌菌,野生菌,干货,南华市场,1100.00,2020-07-08
松露,野生菌,干货,南华市场,1400.00,2020-07-08
白牛干菌,野生菌,鲜货,南华市场,120.00,2020-06-27
红牛肝菌,野生菌,鲜货,南华市场,150.00,2020-06-27
鸡枞,野生菌,鲜货,南华市场,300.00,2020-06-27
牛肝菌,野生菌,鲜货,南华市场,70.00,2020-06-27
松茸,野生菌,干货,南华市场,1500.00,2020-06-27
大红菇,野生菌,干货,南华市场,1200.00,2020-06-27
虎掌菌,野生菌,干货,南华市场,1050.00,2020-06-27
羊肚菌,野生菌,干货,南华市场,2200.00,2020-06-27
红牛肝菌,野生菌,鲜货,南华市场,150.00,2020-06-20
白牛干菌,野生菌,鲜货,南华市场,120.00,2020-06-20
鸡枞,野生菌,鲜货,南华市场,300.00,2020-06-20
牛肝菌,野生菌,鲜货,南华市场,70.00,2020-06-20
虎掌菌,野生菌,干货,南华市场,1100.00,2020-06-20
松露,野生菌,干货,南华市场,1400.00,2020-06-20
大红菇,野生菌,干货,南华市场,1200.00,2020-06-20
羊肚菌,野生菌,干货,南华市场,2200.00,2020-06-20
白牛干菌,野生菌,鲜货,南华市场,120.00,2020-06-11
红牛干菌,野生菌,鲜货,南华市场,150.00,2020-06-11
鸡枞,野生菌,鲜货,南华市场,300.00,2020-06-11
牛肝菌,野生菌,鲜货,南华市场,70.00,2020-06-11
松露,野生菌,干货,南华市场,1400.00,2020-06-11
虎掌菌,野生菌,干货,南华市场,1100.00,2020-06-11
鸡油菌,野生菌,干货,南华市场,380.00,2020-06-11
松茸,野生菌,干货,南华市场,1500.00,2020-06-11
红牛肝菌,野生菌,鲜货,南华市场,150.00,2020-06-03
白牛肝菌,野生菌,鲜货,南华市场,120.00,2020-06-03
牛肝菌,野生菌,鲜货,南华市场,70.00,2020-06-03
鸡枞,野生菌,鲜货,南华市场,300.00,2020-06-03
松露,野生菌,干货,南华市场,1400.00,2020-06-03
松茸,野生菌,干货,南华市场,1500.00,2020-06-03
虎掌菌,野生菌,干货,南华市场,1100.00,2020-06-03
大红菇,野生菌,干货,南华市场,1200.00,2020-06-03
松露,野生菌,干货,南华市场,1400.00,2020-05-26
松茸,野生菌,干货,南华市场,1500.00,2020-05-26
羊肚菌,野生菌,干货,南华市场,2200.00,2020-05-26
大红菇,野生菌,干货,南华市场,1200.00,2020-05-26
虎掌菌,野生菌,干货,南华市场,1180.00,2020-05-26
鸡㙡,野生菌,干货,南华市场,500.00,2020-05-26
牛肝菌,野生菌,干货,南华市场,400.00,2020-05-26
鸡油菌,野生菌,干货,南华市场,380.00,2020-05-26
鸡㙡,野生菌,干货,南华市场,500.00,2020-05-17
虎掌菌,野生菌,干货,南华市场,1100.00,2020-05-17
大红菇,野生菌,干货,南华市场,1200.00,2020-05-17
牛肝菌,野生菌,干货,南华市场,400.00,2020-05-17
鸡油菌,野生菌,干货,南华市场,380.00,2020-05-17
羊肚菌,野生菌,干货,南华市场,2200.00,2020-05-17
松露,野生菌,干货,南华市场,1450.00,2020-05-17
松茸,野生菌,干货,南华市场,1500.00,2020-05-17
松露,野生菌,干货,南华市场,1400.00,2020-04-20
松茸,野生菌,干货,南华市场,1500.00,2020-04-20
虎掌菌,野生菌,干货,南华市场,1100.00,2020-04-20
大红菇,野生菌,干货,南华市场,1200.00,2020-04-20
牛肝菌,野生菌,干货,南华市场,400.00,2020-04-20
羊肚菌,野生菌,干货,南华市场,2200.00,2020-04-20
鸡㙡,野生菌,干货,南华市场,500.00,2020-04-20
鸡油菌,野生菌,干货,南华市场,380.00,2020-04-20
松露,野生菌,干货,南华市场,1400.00,2020-04-14
羊肚菌,野生菌,干货,南华市场,2200.00,2020-04-14
松茸,野生菌,,南华市场,1500.00,2020-04-14
牛肝菌,野生菌,干货,南华市场,400.00,2020-04-14
鸡㙡,野生菌,干货,南华市场,500.00,2020-04-14
大红菇,野生菌,干货,南华市场,1200.00,2020-04-14
虎掌菌,野生菌,干货,南华市场,1080.00,2020-04-14
鸡油菌,野生菌,干货,南华市场,380.00,2020-04-14
松露,野生菌,干货,南华市场,1400.00,2020-04-06
松茸,野生菌,干货,南华市场,1500.00,2020-04-06
羊肚菌,野生菌,干货,南华市场,2200.00,2020-04-06
牛肝菌,野生菌,干货,南华市场,400.00,2020-04-06
大红菇,野生菌,干货,南华市场,1200.00,2020-04-06
虎掌菌,野生菌,干货,南华市场,1100.00,2020-04-06
鸡油菌,野生菌,干货,南华市场,380.00,2020-04-06
鸡㙡,野生菌,干货,南华市场,500.00,2020-04-06
松露,野生菌,干货,南华市场,1400.00,2020-03-30
羊肚菌,野生菌,干货,南华市场,2200.00,2020-03-30
牛肝菌,野生菌,干货,南华市场,450.00,2020-03-30
虎掌菌,野生菌,干货,南华市场,1100.00,2020-03-30
松茸,野生菌,干货,南华市场,1500.00,2020-03-30
鸡油菌,野生菌,干货,南华市场,380.00,2020-03-30
鸡㙡,野生菌,干货,南华市场,500.00,2020-03-30
大红菇,野生菌,干货,南华市场,1200.00,2020-03-30
松露,野生菌,干货,南华市场,1400.00,2020-03-18
松茸,野生菌,干货,南华市场,1500.00,2020-03-18
鸡油菌,野生菌,干货,南华市场,380.00,2020-03-18
鸡㙡,野生菌,干货,南华市场,500.00,2020-03-18
虎掌菌,野生菌,干货,南华市场,1080.00,2020-03-18
羊肚菌,野生菌,干货,南华市场,2200.00,2020-03-18
牛肝菌,野生菌,干货,南华市场,450.00,2020-03-18
大红菇,野生菌,干货,南华市场,1200.00,2020-03-18
松露,野生菌,干货,南华市场,1400.00,2020-02-14
羊肚菌,野生菌,干货,南华市场,2200.00,2020-02-14
虎掌菌,野生菌,干货,南华市场,1100.00,2020-02-14
松茸,野生菌,干货,南华市场,1500.00,2020-02-14
鸡枞,野生菌,干货,南华市场,500.00,2020-02-14
黑牛肝菌,野生菌,干货,南华市场,400.00,2020-02-14
鸡油菌,野生菌,干货,南华市场,380.00,2020-02-14
大红菇,野生菌,干货,南华市场,1200.00,2020-02-14
羊肚菌,野生菌,干货,南华市场,2200.00,2020-01-31
松露,野生菌,干货,南华市场,1400.00,2020-01-31
松茸,野生菌,干货,南华市场,1500.00,2020-01-31
鸡油菌,野生菌,干货,南华市场,380.00,2020-01-31
鸡枞,野生菌,干货,南华市场,500.00,2020-01-31
虎掌菌,野生菌,干货,南华市场,1100.00,2020-01-31
牛肝菌,野生菌,干货,南华市场,400.00,2020-01-31
大红菇,野生菌,干货,南华市场,1200.00,2020-01-31
松露,野生菌,鲜货,南华市场,550.00,2020-01-12
羊肚菌,野生菌,干货,南华市场,2200.00,2020-01-12
松茸,野生菌,干货,南华市场,1500.00,2020-01-12
虎掌菌,野生菌,干货,南华市场,1080.00,2020-01-12
鸡油菌,野生菌,干货,南华市场,380.00,2020-01-12
鸡枞,野生菌,干货,南华市场,500.00,2020-01-12
牛肝菌,野生菌,干货,南华市场,450.00,2020-01-12
大红菇,野生菌,干货,南华市场,1200.00,2020-01-12
松露,野生菌,鲜货,南华市场,550.00,2019-12-25
羊肚菌,野生菌,干货,南华市场,2200.00,2019-12-25
松茸,野生菌,干货,南华市场,1500.00,2019-12-25
虎掌菌,野生菌,干货,南华市场,1080.00,2019-12-25
鸡油菌,野生菌,干货,南华市场,380.00,2019-12-25
牛肝菌,野生菌,干货,南华市场,400.00,2019-12-25
鸡枞,野生菌,干货,南华市场,500.00,2019-12-25
大红菇,野生菌,干货,南华市场,1200.00,2019-12-25
松露,野生菌,鲜货,南华市场,550.00,2019-12-18
松茸,野生菌,干货,南华市场,1500.00,2019-12-18
羊肚菌,野生菌,干货,南华市场,2200.00,2019-12-18
虎掌菌,野生菌,干货,南华市场,1080.00,2019-12-18
牛肝菌,野生菌,干货,南华市场,450.00,2019-12-18
鸡油菌,野生菌,干货,南华市场,380.00,2019-12-18
大红菇,野生菌,干货,南华市场,1200.00,2019-12-18
鸡枞,野生菌,干货,南华市场,500.00,2019-12-18
松露,野生菌,干货,南华市场,500.00,2019-12-10
松茸,野生菌,干货,南华市场,1500.00,2019-12-10
羊肚菌,野生菌,干货,南华市场,2200.00,2019-12-10
鸡油菌,野生菌,干货,南华市场,380.00,2019-12-10
牛肝菌,野生菌,干货,南华市场,400.00,2019-12-10
虎掌菌,野生菌,干货,南华市场,1080.00,2019-12-10
鸡枞,野生菌,干货,南华市场,500.00,2019-12-10
大红菇,野生菌,干货,南华市场,1200.00,2019-12-10
松露,野生菌,鲜货,南华市场,450.00,2019-12-02
松茸,野生菌,干货,南华市场,1500.00,2019-12-02
大红菇,野生菌,干货,南华市场,1200.00,2019-12-02
虎掌菌,野生菌,干货,南华市场,1080.00,2019-12-02
羊肚菌,野生菌,干货,南华市场,2200.00,2019-12-02
牛肝菌,野生菌,干货,南华市场,450.00,2019-12-02
鸡枞,野生菌,干货,南华市场,500.00,2019-12-02
鸡油菌,野生菌,干货,南华市场,380.00,2019-12-02
松露,野生菌,干货,南华市场,1400.00,2019-11-19
松茸,野生菌,干货,南华市场,1500.00,2019-11-19
羊肚菌,野生菌,干货,南华市场,2200.00,2019-11-19
虎掌菌,野生菌,干货,南华市场,1080.00,2019-11-19
大红菇,野生菌,干货,南华市场,1200.00,2019-11-19
黑牛肝菌,野生菌,干货,南华市场,400.00,2019-11-19
鸡枞,野生菌,干货,南华市场,500.00,2019-11-19
鸡油菌,野生菌,干货,南华市场,400.00,2019-11-19
大红菇,野生菌,干货,南华市场,1200.00,2019-11-07
松茸,野生菌,干货,南华市场,1500.00,2019-11-07
松露,野生菌,干货,南华市场,1400.00,2019-11-07
鸡油菌,野生菌,干货,南华市场,400.00,2019-11-07
虎掌菌,野生菌,干货,南华市场,1100.00,2019-11-07
鸡枞,野生菌,干货,南华市场,550.00,2019-11-07
黑牛肝,野生菌,干货,南华市场,450.00,2019-11-07
羊肚菌,野生菌,干货,南华市场,2200.00,2019-11-07
松茸,野生菌,干货,南华市场,1500.00,2019-10-27
鸡油菌,野生菌,干货,南华市场,400.00,2019-10-27
松露,野生菌,干货,南华市场,1400.00,2019-10-27
虎掌菌,野生菌,干货,南华市场,1100.00,2019-10-27
黑牛肝菌,野生菌,干货,南华市场,450.00,2019-10-27
鸡枞,野生菌,干货,南华市场,500.00,2019-10-27
大红菇,野生菌,干货,南华市场,1200.00,2019-10-27
羊肚菌,野生菌,干货,南华市场,2200.00,2019-10-27
松茸,野生菌,鲜货,南华市场,480.00,2019-10-15
牛肝菌,野生菌,鲜货,南华市场,50.00,2019-10-15
青头菌,野生菌,鲜货,南华市场,130.00,2019-10-15
鸡枞,野生菌,鲜货,南华市场,300.00,2019-10-15
松露,野生菌,干货,南华市场,1400.00,2019-10-15
黑牛肝菌,野生菌,干货,南华市场,450.00,2019-10-15
大红菇,野生菌,干货,南华市场,1200.00,2019-10-15
虎掌菌,野生菌,干货,南华市场,1100.00,2019-10-15
松茸,野生菌,鲜货,南华市场,420.00,2019-10-05
香根,野生菌,鲜货,南华市场,85.00,2019-10-05
鸡油菌,野生菌,鲜货,南华市场,140.00,2019-10-05
鸡枞,野生菌,鲜货,南华市场,300.00,2019-10-05
老人头,野生菌,鲜货,南华市场,50.00,2019-10-05
青头菌,野生菌,鲜货,南华市场,120.00,2019-10-05
干巴菌,野生菌,鲜货,南华市场,480.00,2019-10-05
牛肝菌,野生菌,鲜货,南华市场,50.00,2019-10-05
松茸,野生菌,鲜货,南华市场,420.00,2019-09-23
干巴菌,野生菌,鲜货,南华市场,480.00,2019-09-23
白牛肝菌,野生菌,鲜货,南华市场,130.00,2019-09-23
青头菌,野生菌,鲜货,南华市场,110.00,2019-09-23
红牛肝菌,野生菌,鲜货,南华市场,200.00,2019-09-23
鸡枞,野生菌,鲜货,南华市场,300.00,2019-09-23
牛肝菌,野生菌,鲜货,南华市场,50.00,2019-09-23
鸡油菌,野生菌,鲜货,南华市场,110.00,2019-09-23
牛肝菌,野生菌,鲜货,南华市场,50.00,2019-09-09
干巴菌,野生菌,鲜货,南华市场,370.00,2019-09-09
白牛肝菌,野生菌,鲜货,南华市场,130.00,2019-09-09
红牛肝菌,野生菌,鲜货,南华市场,200.00,2019-09-09
香根,野生菌,鲜货,南华市场,85.00,2019-09-09
青头菌,野生菌,鲜货,南华市场,95.00,2019-09-09
鸡油菌,野生菌,鲜货,南华市场,110.00,2019-09-09
松茸,野生菌,鲜货,南华市场,320.00,2019-08-29
干巴菌,野生菌,鲜货,南华市场,370.00,2019-08-29
红牛肝菌,野生菌,鲜货,南华市场,130.00,2019-08-29
白牛肝菌,野生菌,鲜货,南华市场,110.00,2019-08-29
牛肝菌,野生菌,鲜货,南华市场,50.00,2019-08-29
香根,野生菌,鲜货,南华市场,95.00,2019-08-29
青头菌,野生菌,鲜货,南华市场,95.00,2019-08-29
鸡枞,野生菌,鲜货,南华市场,350.00,2019-08-29
松茸,野生菌,鲜货,南华市场,320.00,2019-08-07
鸡油菌,野生菌,鲜货,南华市场,110.00,2019-08-07
白牛肝菌,野生菌,鲜货,南华市场,110.00,2019-08-07
红牛肝菌,野生菌,鲜货,南华市场,130.00,2019-08-07
干巴菌,野生菌,鲜货,南华市场,370.00,2019-08-07
鸡枞,野生菌,鲜货,南华市场,350.00,2019-08-07
香根,野生菌,鲜货,南华市场,95.00,2019-08-07
青头菌,野生菌,鲜货,南华市场,95.00,2019-08-07
红牛肝菌,野生菌,鲜货,南华市场,130.00,2019-07-31
白牛肝菌,野生菌,鲜货,南华市场,100.00,2019-07-31
干巴菌,野生菌,鲜货,南华市场,370.00,2019-07-31
鸡枞,野生菌,鲜货,南华市场,350.00,2019-07-31
鸡油菌,野生菌,鲜货,南华市场,100.00,2019-07-31
牛肝菌,野生菌,鲜货,南华市场,50.00,2019-07-31
香根,野生菌,鲜货,南华市场,90.00,2019-07-31
青头菌,野生菌,鲜货,南华市场,100.00,2019-07-31
白牛肝菌,野生菌,鲜货,南华市场,110.00,2019-07-20
红牛肝菌,野生菌,鲜货,南华市场,130.00,2019-07-20
干巴菌,野生菌,鲜货,南华市场,370.00,2019-07-20
鸡枞,野生菌,鲜货,南华市场,350.00,2019-07-20
牛肝菌,野生菌,鲜货,南华市场,55.00,2019-07-20
香根,野生菌,鲜货,南华市场,90.00,2019-07-20
青头菌,野生菌,鲜货,南华市场,120.00,2019-07-20
谷熟菌,野生菌,鲜货,南华市场,100.00,2019-07-19
红牛肝菌,野生菌,鲜货,南华市场,130.00,2019-07-11
白牛肝菌,野生菌,鲜货,南华市场,110.00,2019-07-11
香根,野生菌,鲜货,南华市场,100.00,2019-07-11
青头菌,野生菌,鲜货,南华市场,110.00,2019-07-11
牛肝菌,野生菌,鲜货,南华市场,55.00,2019-07-11
鸡油菌,野生菌,鲜货,南华市场,110.00,2019-07-11
松茸,野生菌,干货,南华市场,1500.00,2019-07-11
大红菇,野生菌,干货,南华市场,1200.00,2019-07-11
白牛肝菌,野生菌,鲜货,南华市场,110.00,2019-07-03
红牛肝菌,野生菌,鲜货,南华市场,130.00,2019-07-03
香根,野生菌,干货,南华市场,100.00,2019-07-03
牛肝菌,野生菌,鲜货,南华市场,60.00,2019-07-03
青头菌,野生菌,鲜货,南华市场,120.00,2019-07-03
鸡油菌,野生菌,鲜货,南华市场,110.00,2019-07-03
松露,野生菌,干货,南华市场,1400.00,2019-07-03
松茸,野生菌,干货,南华市场,1500.00,2019-07-03
牛肝菌,野生菌,鲜货,南华市场,50.00,2019-06-22
香根,野生菌,鲜货,南华市场,85.00,2019-06-22
白葱,野生菌,鲜货,南华市场,110.00,2019-06-22
红葱,野生菌,鲜货,南华市场,130.00,2019-06-22
羊肚菌,野生菌,干货,南华市场,2200.00,2019-06-22
松露,野生菌,干货,南华市场,1400.00,2019-06-22
松茸,野生菌,干货,南华市场,1500.00,2019-06-22
大红菇,野生菌,干货,南华市场,1200.00,2019-06-22
鸡油菌,野生菌,干货,南华市场,380.00,2019-06-14
牛肝菌,野生菌,干货,南华市场,400.00,2019-06-14
松露,野生菌,干货,南华市场,1400.00,2019-06-14
虎掌菌,野生菌,干货,南华市场,1080.00,2019-06-14
大红菇,野生菌,干货,南华市场,1200.00,2019-06-14
松茸,野生菌,干货,南华市场,1500.00,2019-06-14
羊肚菌,野生菌,干货,南华市场,2200.00,2019-06-14
鸡枞,野生菌,干货,南华市场,500.00,2019-06-14
羊肚菌,野生菌,干货,南华市场,2200.00,2019-06-04
松露,野生菌,干货,南华市场,1400.00,2019-06-04
松茸,野生菌,干货,南华市场,1500.00,2019-06-04
大红菇,野生菌,干货,南华市场,1200.00,2019-06-04
牛肝菌,野生菌,干货,南华市场,400.00,2019-06-04
虎掌菌,野生菌,干货,南华市场,1100.00,2019-06-04
鸡油菌,野生菌,干货,南华市场,380.00,2019-06-04
鸡枞,野生菌,干货,南华市场,500.00,2019-06-04
羊肚菌,野生菌,干货,南华市场,2200.00,2019-05-21
松茸,野生菌,干货,南华市场,1500.00,2019-05-21
虎掌菌,野生菌,干货,南华市场,1100.00,2019-05-21
牛肝菌,野生菌,干货,南华市场,400.00,2019-05-21
大红菇,野生菌,干货,南华市场,1200.00,2019-05-21
松露,野生菌,干货,南华市场,1400.00,2019-05-21
鸡油菌,野生菌,干货,南华市场,380.00,2019-05-21
鸡枞,野生菌,干货,南华市场,500.00,2019-05-21
松茸,野生菌,干货,南华市场,1500.00,2019-05-04
虎掌菌,野生菌,干货,南华市场,1100.00,2019-05-04
大红菇,野生菌,干货,南华市场,1200.00,2019-05-04
羊肚菌,野生菌,干货,南华市场,2200.00,2019-05-04
松露,野生菌,干货,南华市场,1400.00,2019-05-04
牛肝菌,野生菌,干货,南华市场,380.00,2019-05-04
鸡油菌,野生菌,干货,南华市场,380.00,2019-05-04
鸡枞,野生菌,干货,南华市场,500.00,2019-05-04
松茸,野生菌,干货,南华市场,1500.00,2019-04-20
大红菇,野生菌,干货,南华市场,1200.00,2019-04-20
松露,野生菌,干货,南华市场,1400.00,2019-04-20
羊肚菌,野生菌,干货,南华市场,2200.00,2019-04-20
牛肝菌,野生菌,干货,南华市场,400.00,2019-04-20
虎掌菌,野生菌,干货,南华市场,1100.00,2019-04-20
鸡油菌,野生菌,干货,南华市场,380.00,2019-04-20
鸡枞,野生菌,干货,南华市场,500.00,2019-04-20
松露,野生菌,干货,南华市场,1400.00,2019-04-07
鸡枞,野生菌,干货,南华市场,500.00,2019-04-07
羊肚菌,野生菌,干货,南华市场,2200.00,2019-04-07
牛肝菌,野生菌,干货,南华市场,380.00,2019-04-07
虎掌菌,野生菌,干货,南华市场,1100.00,2019-04-07
松茸,野生菌,干货,南华市场,1500.00,2019-04-07
鸡油菌,野生菌,干货,南华市场,380.00,2019-04-07
大红菇,野生菌,干货,南华市场,1200.00,2019-04-07
松露,野生菌,干货,南华市场,1400.00,2019-03-30
羊肚菌,野生菌,干货,南华市场,2200.00,2019-03-30
松茸,野生菌,干货,南华市场,1500.00,2019-03-30
牛肝菌,野生菌,干货,南华市场,400.00,2019-03-30
虎掌菌,野生菌,干货,南华市场,1100.00,2019-03-30
鸡油菌,野生菌,干货,南华市场,380.00,2019-03-30
鸡枞,野生菌,干货,南华市场,500.00,2019-03-30
大红菇,野生菌,干货,南华市场,1200.00,2019-03-30
松露,野生菌,干货,南华市场,1400.00,2019-03-19
羊肚菌,野生菌,干货,南华市场,2200.00,2019-03-19
松茸,野生菌,干货,南华市场,1500.00,2019-03-19
牛肝菌,野生菌,干货,南华市场,400.00,2019-03-19
鸡油菌,野生菌,干货,南华市场,400.00,2019-03-19
虎掌菌,野生菌,干货,南华市场,1100.00,2019-03-19
大红菇,野生菌,干货,南华市场,1200.00,2019-03-19
鸡枞,野生菌,干货,南华市场,500.00,2019-03-19
虎掌菌,野生菌,干货,南华市场,1100.00,2019-03-09
羊肚菌,野生菌,干货,南华市场,2200.00,2019-03-09
牛肝菌,野生菌,干货,南华市场,400.00,2019-03-09
鸡油菌,野生菌,干货,南华市场,400.00,2019-03-09
鸡枞,野生菌,干货,南华市场,500.00,2019-03-09
松露,野生菌,干货,南华市场,1400.00,2019-03-09
大红菇,野生菌,干货,南华市场,1200.00,2019-03-09
松茸,野生菌,干货,南华市场,1500.00,2019-03-09
松露,野生菌,干货,南华市场,1400.00,2019-03-01
松茸,野生菌,干货,南华市场,1500.00,2019-03-01
牛肝菌,野生菌,干货,南华市场,350.00,2019-03-01
大红菇,野生菌,干货,南华市场,1200.00,2019-03-01
虎掌菌,野生菌,干货,南华市场,1100.00,2019-03-01
鸡枞,野生菌,干货,南华市场,500.00,2019-03-01
鸡油菌,野生菌,干货,南华市场,400.00,2019-03-01
羊肚菌,野生菌,干货,南华市场,2200.00,2019-03-01
松露,野生菌,干货,南华市场,1400.00,2019-02-23
鸡枞,野生菌,干货,南华市场,500.00,2019-02-23
松茸,野生菌,干货,南华市场,1500.00,2019-02-23
羊肚菌,野生菌,干货,南华市场,2200.00,2019-02-23
大红菇,野生菌,干货,南华市场,1200.00,2019-02-23
鸡油菌,野生菌,干货,南华市场,400.00,2019-02-23
虎掌菌,野生菌,干货,南华市场,1100.00,2019-02-23
牛肝菌,野生菌,干货,南华市场,350.00,2019-02-23
松露,野生菌,干货,南华市场,1500.00,2019-02-14
松茸,野生菌,干货,南华市场,1300.00,2019-02-14
鸡油菌,野生菌,干货,南华市场,380.00,2019-02-14
大红菇,野生菌,干货,南华市场,1200.00,2019-02-14
羊肚菌,野生菌,干货,南华市场,2200.00,2019-02-14
虎掌菌,野生菌,干货,南华市场,1100.00,2019-02-14
牛肝菌,野生菌,干货,南华市场,350.00,2019-02-14
鸡枞,野生菌,干货,南华市场,450.00,2019-02-14
松露,野生菌,干货,南华市场,1200.00,2019-01-28
松茸,野生菌,干货,南华市场,1300.00,2019-01-28
鸡油菌,野生菌,干货,南华市场,380.00,2019-01-28
大红菇,野生菌,干货,南华市场,1200.00,2019-01-28
羊肚菌,野生菌,干货,南华市场,2200.00,2019-01-28
黑牛肝菌,野生菌,干货,南华市场,450.00,2019-01-28
虎掌菌,野生菌,干货,南华市场,1100.00,2019-01-28
鸡枞,野生菌,干货,南华市场,450.00,2019-01-28
松露,野生菌,干货,南华市场,1600.00,2019-01-14
松茸,野生菌,干货,南华市场,1300.00,2019-01-14
黑牛干菌,野生菌,干货,南华市场,450.00,2019-01-14
大红菇,野生菌,干货,南华市场,1200.00,2019-01-14
鸡枞,野生菌,干货,南华市场,450.00,2019-01-14
虎掌菌,野生菌,干货,南华市场,1080.00,2019-01-14
羊肚菌,野生菌,干货,南华市场,2200.00,2019-01-14
鸡油菌,野生菌,干货,南华市场,380.00,2019-01-14
松露,野生菌,鲜货,南华市场,600.00,2019-01-04
羊肚菌,野生菌,干货,南华市场,2200.00,2019-01-04
虎掌菌,野生菌,干货,南华市场,1080.00,2019-01-04
鸡㙡,野生菌,干货,南华市场,450.00,2019-01-04
鸡油菌,野生菌,干货,南华市场,380.00,2019-01-04
大红菇,野生菌,干货,南华市场,1200.00,2019-01-04
黑牛肝菌,野生菌,干货,南华市场,450.00,2019-01-04
松茸,野生菌,干货,南华市场,1300.00,2019-01-04
松露,野生菌,鲜货,南华市场,560.00,2018-12-26
松茸,野生菌,干货,南华市场,1300.00,2018-12-26
大红菇,野生菌,干货,南华市场,1200.00,2018-12-26
虎掌菌,野生菌,干货,南华市场,1080.00,2018-12-26
牛肝菌,野生菌,干货,南华市场,300.00,2018-12-26
鸡㙡,野生菌,干货,南华市场,450.00,2018-12-26
鸡油菌,野生菌,干货,南华市场,380.00,2018-12-26
羊肚菌,野生菌,干货,南华市场,2200.00,2018-12-26
松露,野生菌,鲜货,南华市场,500.00,2018-12-17
羊肚菌,野生菌,干货,南华市场,2200.00,2018-12-17
牛肝菌,野生菌,干货,南华市场,300.00,2018-12-17
大红菇,野生菌,干货,南华市场,1200.00,2018-12-17
鸡油菌,野生菌,干货,南华市场,380.00,2018-12-17
虎掌菌,野生菌,干货,南华市场,1080.00,2018-12-17
松茸,野生菌,干货,南华市场,1300.00,2018-12-17
鸡㙡,野生菌,干货,南华市场,450.00,2018-12-17
松露,野生菌,鲜货,南华市场,480.00,2018-12-08
羊肚菌,野生菌,干货,南华市场,2200.00,2018-12-08
虎掌菌,野生菌,干货,南华市场,1080.00,2018-12-08
大红菇,野生菌,干货,南华市场,1200.00,2018-12-08
鸡枞,野生菌,干货,南华市场,450.00,2018-12-08
松茸,野生菌,干货,南华市场,1300.00,2018-12-08
鸡油菌,野生菌,干货,南华市场,380.00,2018-12-08
牛肝菌,野生菌,干货,南华市场,300.00,2018-12-07
松露,野生菌,鲜货,南华市场,480.00,2018-11-26
羊肚菌,野生菌,干货,南华市场,2200.00,2018-11-26
大红菇,野生菌,干货,南华市场,1200.00,2018-11-26
黑牛肝菌,野生菌,干货,南华市场,450.00,2018-11-26
鸡枞,野生菌,干货,南华市场,450.00,2018-11-26
虎掌菌,野生菌,干货,南华市场,1080.00,2018-11-26
牛肝菌,野生菌,干货,南华市场,300.00,2018-11-26
鸡油菌,野生菌,干货,南华市场,380.00,2018-11-26
松露,野生菌,鲜货,南华市场,480.00,2018-11-18
鸡油菌,野生菌,干货,南华市场,380.00,2018-11-18
羊肚菌,野生菌,干货,南华市场,2200.00,2018-11-18
大红菇,野生菌,干货,南华市场,1200.00,2018-11-18
鸡枞,野生菌,干货,南华市场,450.00,2018-11-18
牛肝菌,野生菌,干货,南华市场,300.00,2018-11-18
虎掌菌,野生菌,干货,南华市场,1080.00,2018-11-18
松茸,野生菌,干货,南华市场,1300.00,2018-11-18
松露,野生菌,鲜货,南华市场,480.00,2018-11-10
虎掌菌,野生菌,干货,南华市场,1080.00,2018-11-10
松茸,野生菌,干货,南华市场,1300.00,2018-11-10
鸡油菌,野生菌,干货,南华市场,380.00,2018-11-10
牛肝菌,野生菌,干货,南华市场,300.00,2018-11-10
大红菇,野生菌,干货,南华市场,1200.00,2018-11-10
鸡枞,野生菌,干货,南华市场,450.00,2018-11-10
羊肚菌,野生菌,干货,南华市场,2200.00,2018-11-10
青头菌,野生菌,鲜货,南华市场,90.00,2018-11-04
干巴菌,野生菌,鲜货,南华市场,480.00,2018-11-04
鲜鸡枞,野生菌,鲜货,南华市场,400.00,2018-11-04
鸡枞,野生菌,干货,南华市场,450.00,2018-11-04
大红菇,野生菌,干货,南华市场,1200.00,2018-11-04
松茸,野生菌,干货,南华市场,1300.00,2018-11-04
松露,野生菌,干货,南华市场,1200.00,2018-11-04
松茸,野生菌,鲜货,南华市场,620.00,2018-11-04
鸡油菌,野生菌,鲜货,南华市场,100.00,2018-10-27
松茸,野生菌,鲜货,南华市场,620.00,2018-10-27
青头菌,野生菌,鲜货,南华市场,90.00,2018-10-27
鸡枞,野生菌,鲜货,南华市场,400.00,2018-10-27
老人头,野生菌,鲜货,南华市场,45.00,2018-10-27
干巴菌,野生菌,鲜货,南华市场,480.00,2018-10-27
牛肝菌,野生菌,鲜货,南华市场,45.00,2018-10-27
铜绿菌,野生菌,鲜货,南华市场,55.00,2018-10-27
牛肝菌,野生菌,鲜货,南华市场,45.00,2018-10-18
鸡枞,野生菌,鲜货,南华市场,400.00,2018-10-18
鸡油菌,野生菌,鲜货,南华市场,110.00,2018-10-18
老人头,野生菌,鲜货,南华市场,40.00,2018-10-18
干巴菌,野生菌,鲜货,南华市场,480.00,2018-10-18
松茸,野生菌,鲜货,南华市场,720.00,2018-10-18
青头菌,野生菌,鲜货,南华市场,90.00,2018-10-18
铜绿菌,野生菌,鲜货,南华市场,55.00,2018-10-18
青头菌,野生菌,鲜货,南华市场,100.00,2018-10-08
松茸,野生菌,鲜货,南华市场,720.00,2018-10-08
干巴菌,野生菌,鲜货,南华市场,500.00,2018-10-08
牛肝菌,野生菌,鲜货,南华市场,40.00,2018-10-08
鸡枞,野生菌,鲜货,南华市场,400.00,2018-10-08
香根,野生菌,鲜货,南华市场,90.00,2018-10-08
老人头,野生菌,鲜货,南华市场,40.00,2018-09-30
松茸,野生菌,鲜货,南华市场,720.00,2018-09-30
干巴菌,野生菌,鲜货,南华市场,500.00,2018-09-30
牛肝菌,野生菌,鲜货,南华市场,40.00,2018-09-30
香根,野生菌,鲜货,南华市场,90.00,2018-09-30
鸡枞,野生菌,鲜货,南华市场,480.00,2018-09-30
青头菌,野生菌,鲜货,南华市场,100.00,2018-09-30
鸡油菌,野生菌,鲜货,南华市场,110.00,2018-09-30
牛肝菌,野生菌,鲜货,南华市场,40.00,2018-09-21
老人头,野生菌,鲜货,南华市场,40.00,2018-09-21
松茸,野生菌,鲜货,南华市场,720.00,2018-09-21
香根,野生菌,鲜货,南华市场,90.00,2018-09-21
鸡油菌,野生菌,鲜货,南华市场,110.00,2018-09-21
青头菌,野生菌,鲜货,南华市场,100.00,2018-09-21
鸡枞,野生菌,鲜货,南华市场,480.00,2018-09-21
干巴菌,野生菌,鲜货,南华市场,500.00,2018-09-21
香根,野生菌,鲜货,南华市场,120.00,2018-09-10
鸡枞,野生菌,鲜货,南华市场,450.00,2018-09-10
干巴菌,野生菌,鲜货,南华市场,480.00,2018-09-10
牛肝菌,野生菌,鲜货,南华市场,40.00,2018-09-10
松茸,野生菌,鲜货,南华市场,700.00,2018-09-10
老人头菌,野生菌,鲜货,南华市场,40.00,2018-09-10
青头菌,野生菌,鲜货,南华市场,120.00,2018-09-10
鸡油菌,野生菌,鲜货,南华市场,110.00,2018-09-10
松茸,野生菌,鲜货,南华市场,480.00,2018-08-28
干巴菌,野生菌,鲜货,南华市场,480.00,2018-08-28
牛肝菌,野生菌,鲜货,南华市场,40.00,2018-08-28
青头菌,野生菌,鲜货,南华市场,100.00,2018-08-28
鸡油菌,野生菌,鲜货,南华市场,110.00,2018-08-28
鸡枞,野生菌,鲜货,南华市场,380.00,2018-08-28
虎掌菌,野生菌,鲜货,南华市场,200.00,2018-08-28
香根,野生菌,鲜货,南华市场,100.00,2018-08-28
白牛干菌,野生菌,鲜货,南华市场,200.00,2018-08-21
干巴菌,野生菌,鲜货,南华市场,450.00,2018-08-21
松茸,野生菌,鲜货,南华市场,480.00,2018-08-21
牛肝菌,野生菌,鲜货,南华市场,40.00,2018-08-21
青头菌,野生菌,鲜货,南华市场,100.00,2018-08-21
鸡油菌,野生菌,鲜货,南华市场,110.00,2018-08-21
鸡枞,野生菌,鲜货,南华市场,320.00,2018-08-21
虎掌菌,野生菌,鲜货,南华市场,200.00,2018-08-21
白牛干菌,野生菌,鲜货,南华市场,140.00,2018-08-14
青头菌,野生菌,鲜货,南华市场,110.00,2018-08-14
松茸,野生菌,鲜货,南华市场,480.00,2018-08-14
香根,野生菌,鲜货,南华市场,100.00,2018-08-14
干巴菌,野生菌,鲜货,南华市场,450.00,2018-08-14
鸡枞,野生菌,鲜货,南华市场,320.00,2018-08-14
鸡油菌,野生菌,鲜货,南华市场,120.00,2018-08-14
虎掌菌,野生菌,鲜货,南华市场,200.00,2018-08-14
松茸,野生菌,鲜货,南华市场,550.00,2018-07-29
红牛肝菌,野生菌,鲜货,南华市场,150.00,2018-07-29
白牛干菌,野生菌,鲜货,南华市场,110.00,2018-07-29
鸡油菌,野生菌,鲜货,南华市场,120.00,2018-07-29
青头菌,野生菌,鲜货,南华市场,110.00,2018-07-29
香根,野生菌,鲜货,南华市场,80.00,2018-07-29
干巴菌,野生菌,鲜货,南华市场,480.00,2018-07-29
鸡枞,野生菌,鲜货,南华市场,320.00,2018-07-29
松茸,野生菌,鲜货,南华市场,600.00,2018-07-23
红牛肝菌,野生菌,鲜货,南华市场,150.00,2018-07-23
白牛肝菌,野生菌,鲜货,南华市场,110.00,2018-07-23
鸡油菌,野生菌,鲜货,南华市场,120.00,2018-07-23
香根,野生菌,鲜货,南华市场,80.00,2018-07-23
青头菌,野生菌,鲜货,南华市场,120.00,2018-07-23
干巴菌,野生菌,鲜货,南华市场,480.00,2018-07-23
鸡枞,野生菌,鲜货,南华市场,320.00,2018-07-23
白牛肝菌,野生菌,鲜货,南华市场,95.00,2018-07-13
红牛肝菌,野生菌,鲜货,南华市场,130.00,2018-07-13
香根,野生菌,鲜货,南华市场,80.00,2018-07-13
鸡枞,野生菌,鲜货,南华市场,250.00,2018-07-13
牛肝菌,野生菌,鲜货,南华市场,30.00,2018-07-13
干巴菌,野生菌,鲜货,南华市场,300.00,2018-07-13
青头菌,野生菌,鲜货,南华市场,130.00,2018-07-13
鸡油菌,野生菌,鲜货,南华市场,100.00,2018-07-13
白牛干菌,野生菌,鲜货,南华市场,100.00,2018-07-01
红牛肝菌,野生菌,鲜货,南华市场,120.00,2018-07-01
香根,野生菌,鲜货,南华市场,75.00,2018-07-01
鸡枞,野生菌,鲜货,南华市场,240.00,2018-07-01
牛肝菌,野生菌,鲜货,南华市场,30.00,2018-07-01
干巴菌,野生菌,鲜货,南华市场,260.00,2018-07-01
青头菌,野生菌,鲜货,南华市场,100.00,2018-07-01
鸡油菌,野生菌,鲜货,南华市场,100.00,2018-07-01
白牛肝菌,野生菌,鲜货,南华市场,110.00,2018-06-23
红牛干菌,野生菌,鲜货,南华市场,130.00,2018-06-23
香根,野生菌,鲜货,南华市场,85.00,2018-06-23
鸡枞,野生菌,鲜货,南华市场,240.00,2018-06-23
牛肝菌,野生菌,鲜货,南华市场,35.00,2018-06-23
干巴菌,野生菌,鲜货,南华市场,260.00,2018-06-23
青头菌,野生菌,鲜货,南华市场,150.00,2018-06-23
鸡油菌,野生菌,鲜货,南华市场,100.00,2018-06-23
白牛干菌,野生菌,鲜货,南华市场,130.00,2018-06-13
红牛肝菌,野生菌,鲜货,南华市场,155.00,2018-06-13
香根,野生菌,鲜货,南华市场,85.00,2018-06-13
鸡枞,野生菌,鲜货,南华市场,240.00,2018-06-13
铜绿菌,野生菌,鲜货,南华市场,85.00,2018-06-13
牛肝菌,野生菌,鲜货,南华市场,35.00,2018-06-13
羊肚菌,野生菌,干货,南华市场,2200.00,2018-06-13
松茸,野生菌,干货,南华市场,1800.00,2018-06-13
白牛肝菌,野生菌,鲜货,南华市场,190.00,2018-06-02
鸡油菌,野生菌,鲜货,南华市场,110.00,2018-06-02
松露,野生菌,干货,南华市场,1600.00,2018-06-02
羊肚菌,野生菌,干货,南华市场,2200.00,2018-06-02
大红菇,野生菌,干货,南华市场,1200.00,2018-06-02
鸡枞,野生菌,干货,南华市场,450.00,2018-06-02
虎掌菌,野生菌,干货,南华市场,1050.00,2018-06-02
松茸,野生菌,干货,南华市场,1800.00,2018-06-02
虎掌菌,野生菌,干货,南华市场,1050.00,2018-05-25
黑牛肝,野生菌,干货,南华市场,450.00,2018-05-25
羊肚菌,野生菌,干货,南华市场,2200.00,2018-05-25
松露,野生菌,干货,南华市场,1600.00,2018-05-25
鸡油菌,野生菌,干货,南华市场,380.00,2018-05-25
大红菇,野生菌,干货,南华市场,1200.00,2018-05-25
鸡枞,野生菌,干货,南华市场,450.00,2018-05-25
松茸,野生菌,干货,南华市场,1800.00,2018-05-25
虎掌菌,野生菌,干货,南华市场,1050.00,2018-05-14
黑牛肝,野生菌,干货,南华市场,450.00,2018-05-14
羊肚菌,野生菌,干货,南华市场,2200.00,2018-05-14
松露,野生菌,干货,南华市场,1600.00,2018-05-14
大红菇,野生菌,干货,南华市场,1200.00,2018-05-14
鸡油菌,野生菌,干货,南华市场,380.00,2018-05-14
鸡枞,野生菌,干货,南华市场,450.00,2018-05-14
松茸,野生菌,干货,南华市场,1800.00,2018-05-14
虎掌菌,野生菌,干货,南华市场,1050.00,2018-05-03
黑牛肝,野生菌,干货,南华市场,450.00,2018-05-03
羊肚菌,野生菌,干货,南华市场,2200.00,2018-05-03
松露,野生菌,干货,南华市场,1600.00,2018-05-03
大红菇,野生菌,干货,南华市场,1200.00,2018-05-03
鸡油菌,野生菌,干货,南华市场,380.00,2018-05-03
鸡枞,野生菌,干货,南华市场,450.00,2018-05-03
松茸,野生菌,干货,南华市场,1800.00,2018-05-03
虎掌菌,野生菌,干货,南华市场,1080.00,2018-04-25
黑牛肝菌,野生菌,干货,南华市场,450.00,2018-04-25
羊肚菌,野生菌,干货,南华市场,2200.00,2018-04-25
松露,野生菌,干货,南华市场,1600.00,2018-04-25
大红菇,野生菌,干货,南华市场,1200.00,2018-04-25
鸡油菌,野生菌,干货,南华市场,380.00,2018-04-25
鸡枞,野生菌,干货,南华市场,450.00,2018-04-25
松茸,野生菌,干货,南华市场,1800.00,2018-04-25
虎掌菌,野生菌,干货,南华市场,1080.00,2018-04-16
羊肚菌,野生菌,干货,南华市场,2200.00,2018-04-16
松露,野生菌,干货,南华市场,1600.00,2018-04-16
木耳,野生菌,干货,南华市场,400.00,2018-04-16
大红菇,野生菌,干货,南华市场,1200.00,2018-04-16
鸡油菌,野生菌,干货,南华市场,380.00,2018-04-16
鸡枞,野生菌,干货,南华市场,450.00,2018-04-16
松茸,野生菌,干货,南华市场,1800.00,2018-04-16
木耳,野生菌,干货,南华市场,400.00,2018-04-08
虎掌菌,野生菌,干货,南华市场,1050.00,2018-04-08
羊肚菌,野生菌,干货,南华市场,2200.00,2018-04-08
松露,野生菌,干货,南华市场,1600.00,2018-04-08
大红菇,野生菌,干货,南华市场,1200.00,2018-04-08
鸡油菌,野生菌,干货,南华市场,380.00,2018-04-08
鸡枞,野生菌,干货,南华市场,450.00,2018-04-08
松茸,野生菌,干货,南华市场,1800.00,2018-04-08
羊肚菌,野生菌,鲜货,南华市场,480.00,2018-03-30
木耳,野生菌,干货,南华市场,400.00,2018-03-30
大红菇,野生菌,干货,南华市场,1200.00,2018-03-30
鸡枞,野生菌,干货,南华市场,450.00,2018-03-30
鸡油菌,野生菌,干货,南华市场,380.00,2018-03-30
羊肚菌,野生菌,干货,南华市场,2200.00,2018-03-30
虎掌菌,野生菌,干货,南华市场,1050.00,2018-03-30
松茸,野生菌,干货,南华市场,1800.00,2018-03-30
羊肚菌,野生菌,鲜货,南华市场,500.00,2018-03-19
木耳,野生菌,干货,南华市场,400.00,2018-03-19
大红菇,野生菌,干货,南华市场,1200.00,2018-03-19
松茸,野生菌,干货,南华市场,1800.00,2018-03-19
鸡油菌,野生菌,干货,南华市场,380.00,2018-03-19
羊肚菌,野生菌,干货,南华市场,2200.00,2018-03-19
虎掌菌,野生菌,干货,南华市场,1050.00,2018-03-19
鸡枞,野生菌,干货,南华市场,450.00,2018-03-19
羊肚菌,野生菌,鲜货,南华市场,420.00,2018-03-10
松茸,野生菌,干货,南华市场,1800.00,2018-03-10
大红菇,野生菌,干货,南华市场,1200.00,2018-03-10
木耳,野生菌,干货,南华市场,380.00,2018-03-10
鸡油菌,野生菌,干货,南华市场,380.00,2018-03-10
虎掌菌,野生菌,干货,南华市场,1000.00,2018-03-10
羊肚菌,野生菌,干货,南华市场,2200.00,2018-03-10
鸡枞,野生菌,干货,南华市场,400.00,2018-03-10
松露,野生菌,鲜货,南华市场,680.00,2018-03-01
松茸,野生菌,干货,南华市场,1800.00,2018-03-01
大红菇,野生菌,干货,南华市场,1200.00,2018-03-01
木耳,野生菌,干货,南华市场,380.00,2018-03-01
鸡油菌,野生菌,干货,南华市场,380.00,2018-03-01
虎掌菌,野生菌,干货,南华市场,1000.00,2018-03-01
鸡枞,野生菌,干货,南华市场,400.00,2018-03-01
羊肚菌,野生菌,干货,南华市场,2200.00,2018-03-01
松露,野生菌,鲜货,南华市场,680.00,2018-02-22
大红菇,野生菌,干货,南华市场,1200.00,2018-02-22
鸡油菌,野生菌,干货,南华市场,380.00,2018-02-22
木耳,野生菌,干货,南华市场,380.00,2018-02-22
松茸,野生菌,干货,南华市场,1800.00,2018-02-22
鸡枞,野生菌,干货,南华市场,400.00,2018-02-22
羊肚菌,野生菌,干货,南华市场,2200.00,2018-02-22
虎掌菌,野生菌,干货,南华市场,1000.00,2018-02-22
松露,野生菌,鲜货,南华市场,620.00,2018-02-12
大红菇,野生菌,干货,南华市场,1200.00,2018-02-12
木耳,野生菌,干货,南华市场,380.00,2018-02-12
松茸,野生菌,干货,南华市场,1800.00,2018-02-12
鸡油菌,野生菌,干货,南华市场,380.00,2018-02-12
虎掌菌,野生菌,干货,南华市场,1000.00,2018-02-12
鸡枞,野生菌,干货,南华市场,400.00,2018-02-12
羊肚菌,野生菌,干货,南华市场,2200.00,2018-02-12
松露,野生菌,干货,南华市场,620.00,2018-01-30
大红菇,野生菌,干货,南华市场,1200.00,2018-01-30
虎掌菌,野生菌,干货,南华市场,1000.00,2018-01-30
松茸,野生菌,干货,南华市场,1800.00,2018-01-30
木耳,野生菌,干货,南华市场,380.00,2018-01-30
鸡油菌,野生菌,干货,南华市场,380.00,2018-01-30
鸡枞,野生菌,干货,南华市场,400.00,2018-01-30
羊肚菌,野生菌,干货,南华市场,2200.00,2018-01-30
松露,野生菌,鲜货,南华市场,620.00,2018-01-22
黑牛肝菌,野生菌,干货,南华市场,450.00,2018-01-22
大红菇,野生菌,干货,南华市场,1200.00,2018-01-22
松茸,野生菌,干货,南华市场,1800.00,2018-01-22
鸡油菌,野生菌,干货,南华市场,380.00,2018-01-22
木耳,野生菌,干货,南华市场,380.00,2018-01-22
鸡枞,野生菌,干货,南华市场,400.00,2018-01-22
羊肚菌,野生菌,干货,南华市场,2200.00,2018-01-22
松露,野生菌,鲜货,南华市场,580.00,2018-01-14
鸡油菌,野生菌,干货,南华市场,260.00,2018-01-14
黑牛肝菌,野生菌,干货,南华市场,280.00,2018-01-14
松茸,野生菌,干货,南华市场,1500.00,2018-01-14
木耳,野生菌,干货,南华市场,320.00,2018-01-14
鸡枞,野生菌,干货,南华市场,400.00,2018-01-14
羊肚菌,野生菌,干货,南华市场,1850.00,2018-01-14
虎掌菌,野生菌,干货,南华市场,850.00,2018-01-14
松露,野生菌,鲜货,南华市场,500.00,2018-01-03
香菇,野生菌,干货,南华市场,280.00,2018-01-03
黑牛肝菌,野生菌,干货,南华市场,280.00,2018-01-03
虎掌菌,野生菌,干货,南华市场,850.00,2018-01-03
木耳,野生菌,干货,南华市场,320.00,2018-01-03
松茸,野生菌,干货,南华市场,1500.00,2018-01-03
鸡枞,野生菌,干货,南华市场,400.00,2018-01-03
羊肚菌,野生菌,干货,南华市场,1850.00,2018-01-03
松露,野生菌,鲜货,南华市场,480.00,2017-12-22
香菇,野生菌,干货,南华市场,280.00,2017-12-22
虎掌菌,野生菌,干货,南华市场,850.00,2017-12-22
牛肝菌,野生菌,干货,南华市场,300.00,2017-12-22
木耳,野生菌,干货,南华市场,320.00,2017-12-22
鸡枞,野生菌,干货,南华市场,400.00,2017-12-22
松茸,野生菌,干货,南华市场,1500.00,2017-12-22
羊肚菌,野生菌,干货,南华市场,1850.00,2017-12-22
松露,野生菌,鲜货,南华市场,400.00,2017-12-15
香菇,野生菌,干货,南华市场,280.00,2017-12-15
虎掌菌,野生菌,干货,南华市场,850.00,2017-12-15
牛肝菌,野生菌,干货,南华市场,300.00,2017-12-15
木耳,野生菌,干货,南华市场,320.00,2017-12-15
鸡枞,野生菌,干货,南华市场,400.00,2017-12-15
松茸,野生菌,干货,南华市场,1500.00,2017-12-15
羊肚菌,野生菌,干货,南华市场,1850.00,2017-12-15
松露,野生菌,鲜货,南华市场,450.00,2017-12-05
老人头,野生菌,干货,南华市场,250.00,2017-12-05
虎掌菌,野生菌,干货,南华市场,850.00,2017-12-05
牛肝菌,野生菌,干货,南华市场,300.00,2017-12-05
木耳,野生菌,干货,南华市场,320.00,2017-12-05
鸡枞,野生菌,干货,南华市场,400.00,2017-12-05
松茸,野生菌,干货,南华市场,1400.00,2017-12-05
羊肚菌,野生菌,干货,南华市场,1700.00,2017-12-05
松露,野生菌,鲜货,南华市场,350.00,2017-11-22
虎掌菌,野生菌,鲜货,南华市场,70.00,2017-11-22
老人头,野生菌,鲜货,南华市场,60.00,2017-11-22
木耳,野生菌,干货,南华市场,320.00,2017-11-22
鸡枞,野生菌,干货,南华市场,400.00,2017-11-22
松茸,野生菌,干货,南华市场,1400.00,2017-11-22
羊肚菌,野生菌,干货,南华市场,1700.00,2017-11-22
虎掌菌,野生菌,干货,南华市场,850.00,2017-11-22
松露,野生菌,鲜货,南华市场,260.00,2017-11-09
鸡油菌,野生菌,鲜货,南华市场,65.00,2017-11-09
青头菌,野生菌,鲜货,南华市场,50.00,2017-11-09
香根,野生菌,鲜货,南华市场,80.00,2017-11-09
虎掌菌,野生菌,鲜货,南华市场,60.00,2017-11-09
鸡枞,野生菌,鲜货,南华市场,160.00,2017-11-09
松茸,野生菌,鲜货,南华市场,700.00,2017-11-09
干巴菌,野生菌,鲜货,南华市场,300.00,2017-11-09
干巴菌,野生菌,鲜货,南华市场,300.00,2017-10-26
松茸,野生菌,鲜货,南华市场,700.00,2017-10-26
红葱,野生菌,鲜货,南华市场,160.00,2017-10-26
白葱,野生菌,鲜货,南华市场,130.00,2017-10-26
鸡油菌,野生菌,鲜货,南华市场,65.00,2017-10-26
香根,野生菌,鲜货,南华市场,80.00,2017-10-26
松露,野生菌,鲜货,南华市场,260.00,2017-10-26
鸡枞,野生菌,鲜货,南华市场,160.00,2017-10-26
松茸,野生菌,鲜货,南华市场,700.00,2017-10-14
干巴菌,野生菌,鲜货,南华市场,350.00,2017-10-14
红葱,野生菌,鲜货,南华市场,160.00,2017-10-14
白葱,野生菌,鲜货,南华市场,110.00,2017-10-14
青头菌,野生菌,鲜货,南华市场,50.00,2017-10-14
香根,野生菌,鲜货,南华市场野,80.00,2017-10-14
松露,野生菌,鲜货,南华市场,260.00,2017-10-14
鸡枞,野生菌,鲜货,南华市场,170.00,2017-10-14
干巴菌,野生菌,鲜货,南华市场,350.00,2017-10-03
红葱,野生菌,鲜货,南华市场,150.00,2017-10-03
松茸,野生菌,鲜货,南华市场,600.00,2017-10-03
白葱,野生菌,鲜货,南华市场,100.00,2017-10-03
鸡油菌,野生菌,鲜货,南华市场,65.00,2017-10-03
青头菌,野生菌,鲜货,南华市场,50.00,2017-10-03
松露,野生菌,鲜货,南华市场,260.00,2017-10-03
鸡枞,野生菌,鲜货,南华市场,170.00,2017-10-03
松茸,野生菌,鲜货,南华市场,500.00,2017-09-24
白葱,野生菌,鲜货,南华市场,110.00,2017-09-24
红葱,野生菌,鲜货,南华市场,150.00,2017-09-24
鸡枞菌,野生菌,鲜货,南华市场,150.00,2017-09-24
虎掌菌,野生菌,鲜货,南华市场,50.00,2017-09-24
青头菌,野生菌,鲜货,南华市场,50.00,2017-09-24
老人头,野生菌,鲜货,南华市场,35.00,2017-09-24
牛肝菌,野生菌,鲜货,南华市场,35.00,2017-09-24
松茸,野生菌,鲜货,南华市场,600.00,2017-09-13
白葱,野生菌,鲜货,南华市场,110.00,2017-09-13
红葱,野生菌,鲜货,南华市场,180.00,2017-09-13
鸡枞菌,野生菌,鲜货,南华市场,200.00,2017-09-13
虎掌菌,野生菌,鲜货,南华市场,80.00,2017-09-13
青头菌,野生菌,鲜货,南华市场,50.00,2017-09-13
老人头菌,野生菌,鲜货,南华市场,35.00,2017-09-13
牛肝菌,野生菌,鲜货,南华市场,35.00,2017-09-13
松茸,野生菌,鲜货,南华市场,500.00,2017-09-02
白葱,野生菌,鲜货,南华市场,80.00,2017-09-02
红葱,野生菌,鲜货,南华市场,130.00,2017-09-02
鸡枞菌,野生菌,鲜货,南华市场,160.00,2017-09-02
虎掌菌,野生菌,鲜货,南华市场,70.00,2017-09-02
青头菌,野生菌,鲜货,南华市场,45.00,2017-09-02
老人头,野生菌,鲜货,南华市场,40.00,2017-09-02
牛肝菌,野生菌,鲜货,南华市场,30.00,2017-09-02
松茸,野生菌,鲜货,南华市场,550.00,2017-08-24
白葱,野生菌,鲜货,南华市场,120.00,2017-08-24
红葱,野生菌,鲜货,南华市场,180.00,2017-08-24
鸡枞菌,野生菌,鲜货,南华市场,240.00,2017-08-24
虎掌菌,野生菌,鲜货,南华市场,130.00,2017-08-24
老人头,野生菌,鲜货,南华市场,35.00,2017-08-24
青头菌,野生菌,鲜货,南华市场,45.00,2017-08-24
牛肝菌,野生菌,鲜货,南华市场,35.00,2017-08-24
松茸,野生菌,鲜货,南华市场,450.00,2017-08-12
白葱,野生菌,鲜货,南华市场,80.00,2017-08-12
红葱,野生菌,鲜货,南华市场,100.00,2017-08-12
鸡枞菌,野生菌,鲜货,南华市场,250.00,2017-08-12
虎掌菌,野生菌,鲜货,南华市场,45.00,2017-08-12
老人头,野生菌,鲜货,南华市场,40.00,2017-08-12
青头菌,野生菌,鲜货,南华市场,45.00,2017-08-12
牛肝菌,野生菌,鲜货,南华市场,35.00,2017-08-12
松茸,野生菌,鲜货,南华市场,600.00,2017-08-02
白葱,野生菌,鲜货,南华市场,100.00,2017-08-02
红葱,野生菌,鲜货,南华市场,120.00,2017-08-02
鸡枞,野生菌,鲜货,南华市场,260.00,2017-08-02
青头菌,野生菌,鲜货,南华市场,60.00,2017-08-02
虎掌菌,野生菌,鲜货,南华市场,55.00,2017-08-02
老人头,野生菌,鲜货,南华市场,30.00,2017-08-02
牛肝菌,野生菌,鲜货,南华市场,35.00,2017-08-02
松茸,野生菌,鲜货,南华市场,500.00,2017-07-26
白葱,野生菌,鲜货,南华市场,70.00,2017-07-26
红葱,野生菌,鲜货,南华市场,70.00,2017-07-26
鸡枞,野生菌,鲜货,南华市场,240.00,2017-07-26
青头菌,野生菌,鲜货,南华市场,55.00,2017-07-26
虎掌菌,野生菌,鲜货,南华市场,50.00,2017-07-26
老人头,野生菌,鲜货,南华市场,25.00,2017-07-26
牛肝菌,野生菌,鲜货,南华市场,30.00,2017-07-26
松茸,野生菌,鲜货,南华市场,600.00,2017-07-21
白葱菌,野生菌,鲜货,南华市场,80.00,2017-07-21
红葱菌,野生菌,鲜货,南华市场,70.00,2017-07-21
鸡枞,野生菌,鲜货,南华市场,280.00,2017-07-21
青头菌,野生菌,鲜货,南华市场,60.00,2017-07-21
虎掌菌,野生菌,鲜货,南华市场,70.00,2017-07-21
老人头,野生菌,鲜货,南华市场,40.00,2017-07-21
牛肝菌,野生菌,鲜货,南华市场,30.00,2017-07-21
松茸,野生菌,鲜货,南华市场,700.00,2017-07-15
白葱菌,野生菌,鲜货,南华市场,100.00,2017-07-15
红葱菌,野生菌,鲜货,南华市场,90.00,2017-07-15
鸡枞,野生菌,鲜货,南华市场,300.00,2017-07-15
青头菌,野生菌,鲜货,南华市场,70.00,2017-07-15
虎掌菌,野生菌,鲜货,南华市场,70.00,2017-07-15
老人头,野生菌,鲜货,南华市场,50.00,2017-07-15
牛肝菌,野生菌,鲜货,南华市场,40.00,2017-07-15
香菇,野生菌,鲜货,南华市场,80.00,2017-07-07
白葱菌,野生菌,鲜货,南华市场,110.00,2017-07-07
红葱菌,野生菌,鲜货,南华市场,90.00,2017-07-07
鸡枞,野生菌,鲜货,南华市场,300.00,2017-07-07
松茸,野生菌,鲜货,南华市场,800.00,2017-07-07
虎掌菌,野生菌,鲜货,南华市场,70.00,2017-07-07
老人头菌,野生菌,鲜货,南华市场,60.00,2017-07-07
牛肝菌,野生菌,鲜货,南华市场,50.00,2017-07-07
牛肝菌,野生菌,干货,南华市场,350.00,2017-06-29
羊肚菌,野生菌,干货,南华市场,2420.00,2017-06-29
老人头菌,野生菌,干货,南华市场,280.00,2017-06-29
虎掌菌,野生菌,干货,南华市场,1000.00,2017-06-29
松茸,野生菌,干货,南华市场,1400.00,2017-06-29
鸡枞,野生菌,鲜货,南华市场,280.00,2017-06-29
白葱菌,野生菌,鲜货,南华市场,110.00,2017-06-29
红葱菌,野生菌,鲜货,南华市场,120.00,2017-06-29
红葱菌,野生菌,鲜货,南华市场,200.00,2017-06-21
白葱菌,野生菌,鲜货,南华市场,180.00,2017-06-21
鸡枞,野生菌,鲜货,南华市场,180.00,2017-06-21
松茸,野生菌,干货,南华市场,1460.00,2017-06-21
虎掌菌,野生菌,干货,南华市场,1100.00,2017-06-21
老人头菌,野生菌,干货,南华市场,280.00,2017-06-21
羊肚菌,野生菌,干货,南华市场,2480.00,2017-06-21
牛肝菌,野生菌,干货,南华市场,348.00,2017-06-21
大红菇,野生菌,,南华市场,365.00,2017-06-21
鸡枞菌,野生菌,干货,南华市场,380.00,2017-06-21
香菇,野生菌,干货,南华市场,220.00,2017-06-21
白葱菌,野生菌,鲜货,南华市场,180.00,2017-05-30
红葱菌,野生菌,鲜货,南华市场,200.00,2017-05-30
牛肝菌,野生菌,干货,南华市场,250.00,2017-05-30
松茸,野生菌,干货,南华市场,1300.00,2017-05-30
大红菇,野生菌,干货,南华市场,280.00,2017-05-30
羊肚菌,野生菌,干货,南华市场,1800.00,2017-05-30
鸡枞菌,野生菌,干货,南华市场,330.00,2017-05-30
香菇,野生菌,干货,南华市场,220.00,2017-05-30
牛肝菌,野生菌,干货,南华市场,300.00,2017-04-23
松茸,野生菌,干货,南华市场,1500.00,2017-04-23
鸡枞菌,野生菌,干货,南华市场,330.00,2017-04-23
木耳,野生菌,干货,南华市场,200.00,2017-04-23
大红菇,野生菌,干货,南华市场,380.00,2017-04-23
羊肚菌,野生菌,干货,南华市场,2400.00,2017-04-23
香菇,野生菌,干货,南华市场,220.00,2017-04-23
虎掌菌,野生菌,干货,南华市场,1000.00,2017-04-23
牛肝菌,野生菌,干货,南华市场,320.00,2017-03-28
松茸,野生菌,干货,南华市场,1400.00,2017-03-28
鸡枞菌,野生菌,干货,南华市场,330.00,2017-03-28
木耳,野生菌,干货,南华市场,200.00,2017-03-28
大红菇,野生菌,干货,南华市场,380.00,2017-03-28
羊肚菌,野生菌,干货,南华市场,2400.00,2017-03-28
香菇,野生菌,干货,南华市场,220.00,2017-03-28
虎掌菌,野生菌,干货,南华市场,1000.00,2017-03-28
牛肝菌,野生菌,干货,南华市场,320.00,2017-02-14
松茸,野生菌,干货,南华市场,1400.00,2017-02-14
鸡枞菌,野生菌,干货,南华市场,330.00,2017-02-14
木耳,野生菌,干货,南华市场,200.00,2017-02-14
大红菇,野生菌,干货,南华市场,380.00,2017-02-14
羊肚菌,野生菌,干货,南华市场,2400.00,2017-02-14
香菇,野生菌,干货,南华市场,220.00,2017-02-14
虎掌菌,野生菌,干货,南华市场,1000.00,2017-02-14
松茸,野生菌,干货,南华市场,1400.00,2017-01-23
羊肚菌,野生菌,干货,南华市场,2300.00,2017-01-23
牛肝菌,野生菌,干货,南华市场,300.00,2017-01-23
大红菇,野生菌,干货,南华市场,380.00,2017-01-23
虎掌菌,野生菌,干货,南华市场,1000.00,2017-01-23
鸡油菌,野生菌,干货,南华市场,260.00,2017-01-23
香菇,野生菌,干货,南华市场,220.00,2017-01-23
鸡枞菌,野生菌,干货,南华市场,330.00,2017-01-23
黑牛肝菌,野生菌,干货,南花市场,280.00,2017-01-23
松茸,野生菌,干货,南华市场,1400.00,2016-12-15
羊肚菌,野生菌,干货,南华市场,2400.00,2016-12-15
牛肝菌,野生菌,干货,南华市场,320.00,2016-12-15
虎掌菌,野生菌,干货,南华市场,1000.00,2016-12-15
鸡枞菌,野生菌,干货,南华市场,330.00,2016-12-15
香菇,野生菌,干货,南华市场,220.00,2016-12-15
老人头菌,野生菌,干货,南华市场,280.00,2016-12-15
大红菇,野生菌,干货,南华市场,380.00,2016-12-15
大红菇,野生菌,干货,南华市场,380.00,2016-11-10
虎掌菌,野生菌,干货,南华市场,1000.00,2016-11-10
羊肚菌,野生菌,干货,南华市场,2400.00,2016-11-10
香菇,野生菌,干货,南华市场,220.00,2016-11-10
鸡枞菌,野生菌,干货,南华市场,330.00,2016-11-10
松茸,野生菌,干货,南华市场,1400.00,2016-11-10
黑牛肝菌,野生菌,干货,南华市场,280.00,2016-11-10
牛肝菌,野生菌,干货,南华市场,320.00,2016-11-10
松茸,野生菌,鲜货,南华市场,470.00,2016-11-10
松露,野生菌,鲜货,南华市场,380.00,2016-11-10
松露,野生菌,鲜货,南华市场,480.00,2016-10-05
松茸,野生菌,鲜货,南华市场,280.00,2016-10-05
大红菇,野生菌,干货,南华市场,380.00,2016-10-05
虎掌菌,野生菌,干货,南华市场,1000.00,2016-10-05
羊肚菌,野生菌,干货,南华市场,2400.00,2016-10-05
鸡枞菌,野生菌,干货,南华市场,330.00,2016-10-05
黑牛肝菌,野生菌,干货,南华市场,280.00,2016-10-05
松茸,野生菌,干货,南华市场,3100.00,2016-10-05
香菇,野生菌,干货,南华市场,220.00,2016-10-05
牛肝菌,野生菌,干货,南华市场,320.00,2016-10-05
松茸,野生菌,鲜货,南华市场,780.00,2016-08-28
黑牛肝菌,野生菌,鲜货,南华市场,45.00,2016-08-28
老人头菌,野生菌,鲜货,南华市场,45.00,2016-08-28
鸡油菌,野生菌,鲜货,南华市场,110.00,2016-08-28
鸡枞菌,野生菌,鲜货,南华市场,180.00,2016-08-28
红葱菌,野生菌,鲜货,南华市场,110.00,2016-08-28
美味牛肝菌,野生菌,鲜货,南华市场,30.00,2016-08-28
香根菌,野生菌,鲜货,南华市场,75.00,2016-08-28
铜绿菌,野生菌,鲜货,南华市场,50.00,2016-08-28
白葱菌,野生菌,鲜货,南华市场,70.00,2016-08-28
松茸,野生菌,干货,南华市场,1600.00,2016-06-18
羊肚菌,野生菌,干货,南华市场,2600.00,2016-06-18
虎掌菌,野生菌,干货,南华市场,1000.00,2016-06-18
香菇,野生菌,干货,南华市场,240.00,2016-06-18
鸡枞菌,野生菌,干货,南华市场,340.00,2016-06-18
大红菇,野生菌,干货,南华市场,380.00,2016-06-18
黑牛肝菌,野生菌,干货,南华市场,290.00,2016-06-18
牛肝菌,野生菌,干货,南华市场,400.00,2016-06-18
鸡油菌,野生菌,干货,南华市场,280.00,2016-04-18
老人头,野生菌,干货,南华市场,290.00,2016-04-18
松茸,野生菌,干货,南华市场,1600.00,2016-03-05
羊肚菌,野生菌,干货,南华市场,2700.00,2016-03-05
虎掌菌,野生菌,干货,南华市场,1100.00,2016-03-05
香菇,野生菌,干货,南华市场,230.00,2016-03-05
鸡枞菌,野生菌,干货,南华市场,350.00,2016-03-05
鸡油菌,野生菌,干货,南华市场,250.00,2016-03-05
大红菇,野生菌,干货,南华市场,370.00,2016-03-05
老人头,野生菌,干货,南华市场,300.00,2016-03-05
黑牛肝菌,野生菌,干货,南华市场,300.00,2016-03-05
牛肝菌,野生菌,干货,南华市场,350.00,2016-03-05
松茸,野生菌,干货,南华市场,1400.00,2016-02-15
羊肚菌,野生菌,干货,南华市场,2700.00,2016-02-15
虎掌菌,野生菌,干货,南华市场,1000.00,2016-02-15
香菇,野生菌,干货,南华市场,200.00,2016-02-15
鸡枞菌,野生菌,干货,南华市场,270.00,2016-02-15
鸡油菌,野生菌,干货,南华市场,260.00,2016-02-15
大红菇,野生菌,干货,南华市场,280.00,2016-02-15
老人头,野生菌,干货,南华市场,280.00,2016-02-15
黑牛肝菌,野生菌,干货,南华市场,230.00,2016-02-15
牛肝菌,野生菌,干货,南华市场,300.00,2016-02-15
松茸,野生菌,干货,南华市场,1700.00,2016-01-04
虎掌菌,野生菌,干货,南华市场,1200.00,2016-01-04
香菇,野生菌,干货,南华市场,200.00,2016-01-04
羊肚菌,野生菌,干货,南华市场,2800.00,2016-01-04
黑牛肝菌,野生菌,干货,南华市场,230.00,2016-01-04
鸡枞菌,野生菌,干货,南华市场,290.00,2016-01-04
大红菇,野生菌,干货,南华市场,280.00,2016-01-04
牛肝菌,野生菌,干货,南华市场,360.00,2016-01-04
松茸,野生菌,干货,南华市场,1400.00,2015-11-30
羊肚菌,野生菌,干货,南华市场,2700.00,2015-11-30
虎掌菌,野生菌,干货,南华市场,1000.00,2015-11-30
香菇,野生菌,干货,南华市场,200.00,2015-11-30
鸡枞菌,野生菌,干货,南华市场,270.00,2015-11-30
大红菇,野生菌,干货,南华市场,280.00,2015-11-30
黑牛肝菌,野生菌,干货,南华市场,230.00,2015-11-30
牛肝菌,野生菌,干货,南华市场,300.00,2015-11-30
块菌,野生菌,鲜货,南华市场,380.00,2015-11-30
松茸,野生菌,干货,南华市场,1500.00,2015-10-21
羊肚菌,野生菌,干货,南华市场,2700.00,2015-10-21
虎掌菌,野生菌,干货,南华市场,1000.00,2015-10-21
香菇,野生菌,干货,南华市场,200.00,2015-10-21
鸡枞菌,野生菌,干货,南华市场,270.00,2015-10-21
大红菇,野生菌,干货,南华市场,280.00,2015-10-21
黑牛肝菌,野生菌,干货,南华市场,230.00,2015-10-21
牛肝菌,野生菌,干货,南华市场,280.00,2015-10-21
松茸,野生菌,鲜货,南华市场,500.00,2015-10-21
块菌,野生菌,鲜货,南华市场,350.00,2015-10-21
虎掌菌,野生菌,鲜货,南华市场,200.00,2015-10-21
干巴菌,野生菌,鲜货,南华市场,350.00,2015-10-21
红葱,野生菌,鲜货,南华市场,110.00,2015-09-29
白葱,野生菌,鲜货,南华市场,90.00,2015-09-29
牛肝菌,野生菌,鲜货,南华市场,40.00,2015-09-29
松茸,野生菌,鲜货,南华市场,320.00,2015-09-29
虎掌菌,野生菌,鲜货,南华市场,260.00,2015-09-29
鸡油菌,野生菌,鲜货,南华市场,65.00,2015-09-29
干巴菌,野生菌,鲜货,南华市场,320.00,2015-09-29
香根菌,野生菌,鲜货,南华市场,60.00,2015-09-29
青头菌,野生菌,鲜货,南华市场,60.00,2015-09-29
九月菇,野生菌,鲜货,南华市场,30.00,2015-09-29
红葱,野生菌,鲜货,南华市场,110.00,2015-09-21
白葱,野生菌,鲜货,南华市场,90.00,2015-09-21
牛肝菌,野生菌,鲜货,南华市场,30.00,2015-09-21
松茸,野生菌,鲜货,南华市场,320.00,2015-09-21
虎掌菌,野生菌,鲜货,南华市场,245.00,2015-09-21
鸡油菌,野生菌,鲜货,南华市场,60.00,2015-09-21
干巴菌,野生菌,鲜货,南华市场,320.00,2015-09-21
香根菌,野生菌,鲜货,南华市场,55.00,2015-09-21
青头菌,野生菌,鲜货,南华市场,60.00,2015-09-21
九月菇,野生菌,鲜货,南华市场,70.00,2015-09-21
红葱,野生菌,鲜货,南华市场,100.00,2015-09-07
白葱,野生菌,鲜货,南华市场,80.00,2015-09-07
松茸,野生菌,鲜货,南华市场,300.00,2015-09-07
牛肝菌,野生菌,鲜货,南华市场,25.00,2015-09-07
九月菇,野生菌,鲜货,南华市场,65.00,2015-09-07
青头菌,野生菌,鲜货,南华市场,35.00,2015-09-07
香根菌,野生菌,鲜货,南华市场,60.00,2015-09-07
黑牛肝菌,野生菌,鲜货,南华市场,40.00,2015-09-07
干巴菌,野生菌,鲜货,南华市场,320.00,2015-09-07
牛肝菌,野生菌,鲜货,南华市场,35.00,2015-08-07
白葱,野生菌,鲜货,南华市场,75.00,2015-08-07
红葱,野生菌,鲜货,南华市场,90.00,2015-08-07
干巴菌,野生菌,鲜货,南华市场,320.00,2015-08-07
鸡油菌,野生菌,鲜货,南华市场,110.00,2015-08-07
青头菌,野生菌,鲜货,南华市场,70.00,2015-08-07
香根菌,野生菌,鲜货,南华市场,65.00,2015-08-07
铜绿菌,野生菌,鲜货,南华市场,40.00,2015-08-07
九月菇,野生菌,鲜货,南华市场,65.00,2015-08-07
白葱,野生菌,鲜货,南华市场,70.00,2015-07-13
红葱,野生菌,鲜货,南华市场,80.00,2015-07-13
黑牛肝菌,野生菌,鲜货,南华市场,35.00,2015-07-13
青头菌（整菇）,野生菌,鲜货,南华市场,80.00,2015-07-13
铜绿菌,野生菌,鲜货,南华市场,60.00,2015-07-13
九月菇,野生菌,鲜货,南华市场,70.00,2015-07-13
干巴菌,野生菌,鲜货,南华市场,320.00,2015-07-13
鸡油菌,野生菌,鲜货,南华市场,110.00,2015-07-13
羊肚菌,野生菌,干货,昆明,2800.00,2015-05-26
白葱,野生菌,鲜货,昆明水木花市场,150.00,2015-05-26
红葱,野生菌,鲜货,昆明水木花市场,350.00,2015-05-26
牛肝菌C级,野生菌,速冻,南华市场,140.00,2015-05-26
牛肝菌B级,野生菌,速冻,南华市场,210.00,2015-05-26
牛肝菌A级,野生菌,速冻,南华市场,300.00,2015-05-26
牛肝菌WA2,野生菌,速冻,南华,225.00,2015-05-26
牛肝菌WA,野生菌,速冻,南华市场,480.00,2015-05-26
白葱,野生菌,鲜货,南华市场,260.00,2015-04-13
羊肚菌,野生菌,鲜货,南华市场,1200.00,2015-04-13
牛肝菌C级,野生菌,干货,南华市场,140.00,2015-04-13
牛肝菌WA2,野生菌,干货,南华市场,220.00,2015-04-13
牛肝菌碎片,野生菌,干货,南华市场,180.00,2015-04-13
牛肝菌水洗碎片,野生菌,干货,南华市场,200.00,2015-04-13
牛肝菌C2级,野生菌,干货,南华市场,140.00,2015-04-13
牛肝菌B级,野生菌,干货,南华市场,200.00,2015-04-13
块菌3-5cm,野生菌,鲜货,南华市场,420.00,2015-03-22
块菌5-7cm,野生菌,鲜货,南华市场,650.00,2015-03-22
牛肝菌A级,野生菌,干货,南华市场,260.00,2015-03-22
牛肝菌WA,野生菌,干货,南华市场,460.00,2015-03-22
松茸,野生菌,鲜货,南华市场,370.00,2014-11-14
干巴菌,野生菌,鲜货,南华市场,500.00,2014-11-03
牛肝菌,野生菌,鲜货,南华市场,100.00,2014-10-31
红葱,野生菌,鲜货,南华市场,125.00,2014-10-27
白葱,野生菌,鲜货,南华市场,65.00,2014-10-27
红葱,野生菌,鲜货,南华市场,120.00,2014-10-11
鸡枞,野生菌,鲜货,南华市场,160.00,2014-10-11
老人头,野生菌,鲜货,南华市场,80.00,2014-10-06
干巴菌,野生菌,鲜货,南华市场,460.00,2014-10-04
红葱,野生菌,鲜货,南华市场,150.00,2014-10-04
松茸,野生菌,鲜货,南华市场,500.00,2014-10-04
白葱,野生菌,鲜货,南华市场,100.00,2014-10-04
青头菌,野生菌,鲜货,南华市场,90.00,2014-10-04
牛肝菌,野生菌,鲜货,南华市场,77.00,2014-10-04
牛肝菌,野生菌,鲜货,南华市场,70.00,2014-10-03
青头菌,野生菌,鲜货,南华市场,88.00,2014-10-03
白葱,野生菌,鲜货,南华市场,110.00,2014-10-03
松茸,野生菌,鲜货,南华市场,550.00,2014-10-03
红葱,野生菌,鲜货,南华市场,160.00,2014-10-03
干巴菌,野生菌,鲜货,南华市场,455.00,2014-10-03
青头菌,野生菌,鲜货,南华市场,90.00,2014-10-03
鸡油菌,野生菌,鲜货,南华市场,145.00,2014-10-03
鸡油菌,野生菌,鲜货,南华市场,140.00,2014-10-02
青头菌,野生菌,鲜货,南华市场,88.00,2014-10-02
干巴菌,野生菌,鲜货,南华市场,450.00,2014-10-02
红葱,野生菌,鲜货,南华市场,155.00,2014-10-02
松茸,野生菌,鲜货,南华市场,555.00,2014-10-02
白葱,野生菌,鲜货,南华市场,100.00,2014-10-02
青头菌,野生菌,鲜货,南华市场,90.00,2014-10-02
老人头,野生菌,鲜货,南华市场,66.00,2014-10-02
牛肝菌,野生菌,鲜货,南华市场,66.00,2014-10-02
牛肝菌,野生菌,鲜货,南华市场,60.00,2014-10-02
老人头,野生菌,鲜货,南华市场,60.00,2014-10-02
青头菌,野生菌,鲜货,南华市场,80.00,2014-10-02
白葱,野生菌,鲜货,南华市场,90.00,2014-10-02
松茸,野生菌,鲜货,南华市场,550.00,2014-10-02
红葱,野生菌,鲜货,南华市场,160.00,2014-10-02
干巴菌,野生菌,鲜货,南华市场,460.00,2014-10-02
青头菌,野生菌,鲜货,南华市场,80.00,2014-10-02
鸡油菌,野生菌,鲜货,南华市场,138.00,2014-10-01
干巴菌,野生菌,鲜货,南华市场,488.00,2014-10-01
鸡枞,野生菌,鲜货,南华市场,165.00,2014-10-01
鸡枞,野生菌,鲜货,南华市场,160.00,2014-09-30
松茸,野生菌,鲜货,南华市场,550.00,2014-09-30
干巴菌,野生菌,鲜货,南华市场,480.00,2014-09-30
鸡油菌,野生菌,鲜货,南华市场,140.00,2014-09-30
块菌,野生菌,鲜货,南华市场,360.00,2014-09-30
青头菌,野生菌,鲜货,南华市场,60.00,2014-09-30
白葱,野生菌,鲜货,南华市场,60.00,2014-09-30
红葱,野生菌,鲜货,南华市场,120.00,2014-09-30
红葱,野生菌,鲜货,南华市场,230.00,2014-09-26
白葱,野生菌,鲜货,南华市场,150.00,2014-09-20
干巴菌,野生菌,鲜货,南华市场,320.00,2014-09-19
牛肝菌,野生菌,鲜货,南华市场,30.00,2014-09-19
鸡枞,野生菌,鲜货,南华市场,80.00,2014-09-19
红葱,野生菌,鲜货,南华市场,160.00,2014-09-19
青头菌,野生菌,鲜货,南华市场,30.00,2014-09-19
白葱,野生菌,鲜货,南华市场,130.00,2014-09-19
松茸,野生菌,鲜货,南华市场,145.00,2014-09-19
老人头,野生菌,鲜货,南华市场,40.00,2014-09-18
羊肚菌,野生菌,干货,南华市场,2700.00,2016-02-15
老人头,野生菌,鲜货,南华市场,70.00,2014-10-04
大红菇,野生菌,干货,南华市场,1200.00,2019-10-27
松茸,野生菌,鲜货,南华市场,400.00,2019-09-09
松茸,野生菌,干货,南华市场,1300.00,2018-12-08
木耳,野生菌,干货,南华市场,400.00,2018-04-16
羊肚菌,野生菌,,,2200.00,2018-02-22
香菇,野生菌,,,280.00,2018-01-10
松露,野生菌,,,260.00,2017-11-01
虎掌菌,野生菌,鲜货,南华市场,45.00,2017-08-12
鸡枞菌,野生菌,,,350.00,2016-05-05
鸡枞菌,野生菌,,,350.00,2016-05-05
干巴菌,野生菌,鲜货,南华市场,488.00,2014-10-01
鸡枞,野生菌,鲜货,南华市场,220.00,2014-09-20
美味牛肝菌,野生菌,鲜货,南华市场,40.00,2014-09-15
松茸,野生菌,鲜货,南华市场,120.00,2014-09-15
干巴菌,野生菌,鲜货,南华市场,270.00,2014-09-15
青头菌,野生菌,鲜货,南华市场,20.00,2014-09-15
红葱,野生菌,鲜货,南华市场,160.00,2014-09-15
白葱,野生菌,鲜货,南华市场,130.00,2014-09-15
黑牛肝菌,野生菌,鲜货,南华市场,80.00,2014-09-15
青头菌,野生菌,鲜货,南华市场,100.00,2014-08-27
白葱,野生菌,鲜货,南华市场,150.00,2014-08-27
红葱,野生菌,鲜货,南华市场,180.00,2014-08-27
鸡枞,野生菌,鲜货,南华市场,85.00,2014-08-27
黑牛肝菌,野生菌,鲜货,南华鲜菌市场,40.00,2014-08-26
青头菌,野生菌,鲜货,南华鲜菌市场,40.00,2014-08-26
白葱,野生菌,鲜货,南华鲜菌市场,180.00,2014-08-26
红葱,野生菌,鲜货,南华鲜菌市场,220.00,2014-08-26
松茸,野生菌,鲜货,南华鲜菌市场,160.00,2014-08-26
干巴菌,野生菌,鲜货,南华鲜菌市场,350.00,2014-08-26
鸡枞,野生菌,鲜货,南华鲜菌市场,120.00,2014-08-26
美味牛肝菌,野生菌,鲜货,南华市场,40.00,2014-08-23
松茸,野生菌,鲜货,南华市场,220.00,2014-08-23
红葱,野生菌,鲜货,南华市场,140.00,2014-08-23
白葱,野生菌,鲜货,南华市场,140.00,2014-08-23
鸡枞,野生菌,鲜货,南华市场,160.00,2014-08-23
干巴菌,野生菌,鲜货,南华市场,460.00,2014-08-23
黑牛肝菌,野生菌,鲜货,南华市场,90.00,2014-08-23
老人头,野生菌,鲜货,昆明木水花市场,200.00,2014-08-15
青头菌,野生菌,鲜货,昆明木水花市场,65.00,2014-08-15
干巴菌,野生菌,鲜货,昆明木水花市场,460.00,2014-08-15
松茸,野生菌,鲜货,昆明木水花市场,280.00,2014-08-15
鸡枞,野生菌,鲜货,昆明木水花市场,190.00,2014-08-15
松茸,野生菌,鲜货,昆明木水花市场,180.00,2014-08-13
青头菌,野生菌,鲜货,昆明木水花市场,100.00,2014-08-13
白葱,野生菌,鲜货,昆明木水花市场,130.00,2014-08-13
干巴菌,野生菌,鲜货,昆明木水花市场,450.00,2014-08-13
红葱,野生菌,鲜货,昆明木水花市场,200.00,2014-08-13
鸡枞,野生菌,鲜货,昆明木水花市场,280.00,2014-08-13
老人头,野生菌,鲜货,南华市场,50.00,2014-08-12
青头菌,野生菌,鲜货,南华市场,35.00,2014-08-12
老人头,野生菌,鲜货,南华市场,50.00,2014-08-12
干巴菌,野生菌,鲜货,南华市场,500.00,2014-08-12
黑牛肝菌,野生菌,鲜货,南华市场,50.00,2014-08-12
红葱,野生菌,鲜货,南华市场,140.00,2014-08-12
白葱,野生菌,鲜货,南华市场,90.00,2014-08-12
青头菌,野生菌,鲜货,南华市场,35.00,2014-08-12
鸡枞,野生菌,鲜货,南华市场,180.00,2014-08-12
松茸,野生菌,鲜货,南华市场,220.00,2014-08-12
松茸,野生菌,鲜货,昆明木水花市场,180.00,2014-08-06
青头菌,野生菌,鲜货,昆明木水花市场,100.00,2014-08-06
红葱,野生菌,鲜货,昆明木水花市场,180.00,2014-08-06
白葱,野生菌,鲜货,昆明木水花市场,130.00,2014-08-06
黑牛肝菌,野生菌,鲜货,昆明木水花市场,80.00,2014-08-06
干巴菌,野生菌,鲜货,昆明木水花市场,450.00,2014-08-06
鸡枞,野生菌,鲜货,昆明木水花市场,260.00,2014-08-06
老人头,野生菌,鲜货,南华市场,40.00,2014-08-04
干巴菌,野生菌,鲜货,南华市场,350.00,2014-08-04
红葱,野生菌,鲜货,南华市场,150.00,2014-08-04
白葱,野生菌,鲜货,南华市场,100.00,2014-08-04
青头菌,野生菌,鲜货,南华市场,30.00,2014-08-04
鸡枞,野生菌,鲜货,南华市场,140.00,2014-08-04
松茸,野生菌,鲜货,南华市场,200.00,2014-08-04
黑牛肝菌,野生菌,鲜货,昆明木水花市场,70.00,2014-08-04
干巴菌,野生菌,鲜货,昆明木水花市场,400.00,2014-08-04
松茸,野生菌,鲜货,昆明木水花市场,200.00,2014-08-04
青头菌,野生菌,鲜货,昆明木水花市场,100.00,2014-08-04
白葱,野生菌,鲜货,昆明木水花市场,130.00,2014-08-04
白葱,野生菌,鲜货,昆明木水花市场,130.00,2014-08-04
红葱,野生菌,鲜货,昆明木水花市场,220.00,2014-08-04
鸡枞,野生菌,鲜货,昆明木水花市场,280.00,2014-08-04
松茸,野生菌,鲜货,南华市场,200.00,2014-08-04
老人头,野生菌,鲜货,南华市场,30.00,2014-08-02
黑牛肝菌,野生菌,鲜货,南华市场,65.00,2014-08-02
鸡枞,野生菌,鲜货,南华市场,75.00,2014-08-02
红葱,野生菌,鲜货,南华市场,60.00,2014-08-02
青头菌,野生菌,鲜货,南华市场,40.00,2014-08-02
白葱,野生菌,鲜货,南华市场,60.00,2014-08-02
干巴菌,野生菌,鲜货,南华市场,320.00,2014-08-02
松茸,野生菌,鲜货,南华市场,150.00,2014-08-02
松茸,野生菌,鲜货,昆明木水花市场,200.00,2014-08-01
青头菌,野生菌,鲜货,昆明木水花市场,100.00,2014-08-01
白葱,野生菌,鲜货,昆明木水花市场,150.00,2014-08-01
红葱,野生菌,鲜货,昆明木水花市场,180.00,2014-08-01
鸡枞,野生菌,鲜货,昆明木水花市场,220.00,2014-08-01
老人头,野生菌,鲜货,南华市场,30.00,2014-07-31
黑牛肝菌,野生菌,鲜货,南华市场,30.00,2014-07-31
鸡枞,野生菌,鲜货,南华市场,75.00,2014-07-31
红葱,野生菌,鲜货,南华市场,60.00,2014-07-31
青头菌,野生菌,鲜货,南华市场,40.00,2014-07-31
白葱,野生菌,鲜货,南华市场,70.00,2014-07-31
干巴菌,野生菌,鲜货,南华市场,415.00,2014-07-31
松茸,野生菌,鲜货,南华市场,135.00,2014-07-31
干巴菌,野生菌,鲜货,南华市场,415.00,2014-07-30
松茸,野生菌,鲜货,南华市场,135.00,2014-07-30
松茸,野生菌,鲜货,昆明木水花野生鲜菌价格,200.00,2014-07-30
青头菌,野生菌,鲜货,昆明木水花野生鲜菌价格,100.00,2014-07-30
白葱,野生菌,鲜货,昆明木水花野生鲜菌价格,130.00,2014-07-30
红葱,野生菌,鲜货,昆明木水花野生鲜菌价格,160.00,2014-07-30
鸡枞,野生菌,鲜货,昆明木水花野生鲜菌价格,200.00,2014-07-30
美味牛肝菌,野生菌,鲜货,南华市场,30.00,2014-07-28
鸡枞,野生菌,鲜货,南华市场,180.00,2014-07-28
老人头,野生菌,鲜货,南华市场,35.00,2014-07-28
白葱,野生菌,鲜货,南华市场,75.00,2014-07-28
松茸,野生菌,鲜货,南华市场,140.00,2014-07-28
青头菌,野生菌,鲜货,南华市场,80.00,2014-07-26
红葱,野生菌,鲜货,南华市场,60.00,2014-07-23
黑牛肝菌,野生菌,鲜货,南华市场,65.00,2014-07-21
干巴菌,野生菌,鲜货,南华市场,210.00,2014-07-21
青头菌,野生菌,鲜货,南华市场,80.00,2014-07-18
松茸,野生菌,鲜货,南华市场,200.00,2014-07-11
老人头,野生菌,鲜货,南华市场,50.00,2014-07-08
干巴菌,野生菌,鲜货,南华市场,240.00,2014-07-08
白葱,野生菌,鲜货,南华市场,55.00,2014-07-07
黑牛肝菌,野生菌,鲜货,南华市场,45.00,2014-07-05
红葱,野生菌,鲜货,南华市场,65.00,2014-07-05
干巴菌,野生菌,鲜货,南华市场,260.00,2014-07-05
松茸,野生菌,鲜货,南华市场,200.00,2014-07-05
美味牛肝菌,野生菌,鲜货,南华市场,35.00,2014-07-05
白葱,野生菌,鲜货,南华市场,45.00,2014-07-04
松茸,野生菌,鲜货,南华市场,220.00,2014-07-02
老人头,野生菌,鲜货,南华市场,60.00,2014-07-02
黑牛肝菌,野生菌,鲜货,南华市场,60.00,2014-06-24
松茸,野生菌,鲜货,水木花市场,1800.00,2014-06-21
干巴菌,野生菌,鲜货,水木花市场,350.00,2014-06-21
见手青,野生菌,鲜货,水木花市场,140.00,2014-06-21
白葱,野生菌,鲜货,水木花市场,160.00,2014-06-21
红葱,野生菌,鲜货,水木花市场,160.00,2014-06-21
鸡枞,野生菌,鲜货,水木花市场,600.00,2014-06-21
牛肝菌,野生菌,鲜货,南华市场,50.00,2014-06-21
黑牛肝菌,野生菌,鲜货,南华市场,80.00,2014-06-21
松茸,野生菌,干货,水木花市场,1500.00,2014-06-19
干巴菌,野生菌,鲜货,水木花市场,350.00,2014-06-19
鸡枞,野生菌,鲜货,水木花市场,600.00,2014-06-19
鸡枞,野生菌,鲜货,丽江,70.00,2014-06-16
黑牛肝菌,野生菌,鲜货,南华,55.00,2014-06-16
老人头,野生菌,干货,昆明,260.00,2014-05-22
青头菌,野生菌,速冻,丽江,55.00,2014-03-22
羊肚菌,野生菌,干货,丽江,2100.00,2014-03-22
羊肚菌,野生菌,干货,香格里拉,2000.00,2014-03-22
松茸,野生菌,速冻,香格里拉,250.00,2014-03-22
