类别,类别名,页数,武器名,武器介绍,武器星级,攻击,会心,武器详情url,武器图片url
1,双枪,1,焢煌之境：劫炎永燎,"炎律唯二可以在空中使用的武器，提供：高额爆发、高连击数、高加成与火焰易伤效果。同时还能回复关键的能量值（SP）

相较圣痕，有无专属武器不但是伤害层面的差距，游戏体验也会有着很大差别（不能空中武器主动，爆发显著降低，SP循环稍难 ）",6,443,19,http://www.3rdguide.com/web/arm/detail?id=276,http://static.3rdguide.com/image/data/uploads/all/202107/19670b2b22c.png
1,双枪,1,阳电子手炮,月光完美的毕业武器，摆脱了开普勒（中）的束缚，仅需一把武器就可获得极高的麻痹覆盖率。主动直接接分支的设计，也使得角色无需攻速加成（对转圈影响很小）。除了输出向，也可利用其物理易伤来辅助队友，0SP主动的设定非常适合战场竞速。,6,418,27,http://www.3rdguide.com/web/arm/detail?id=227,http://static.3rdguide.com/image/data/uploads/all/201910/67204aab8dd.png
1,双枪,1,幽夜狂想曲,第六夜完美的毕业武器，加伤综合，且主动能够提供：高额倍率伤害、3次连续的分支、瞬时的聚怪效果，整体和第六夜的输出方式非常契合。可惜，除了第六夜，其它角色使用时效果一般，甚至会不如老的幽色咏叹调。,6,415,35,http://www.3rdguide.com/web/arm/detail?id=233,http://static.3rdguide.com/image/data/uploads/all/202001/11dd728dc63.png
1,双枪,1,空无之境：永劫,空之律者完美的毕业武器。破盾、加伤、倍率、面板、减伤，在各个方面都对女王进行了一波加强，整体提升显著。在面对克制类敌人时，超限空无的女王表现优秀。,6,393,43,http://www.3rdguide.com/web/arm/detail?id=244,http://static.3rdguide.com/image/data/uploads/all/202005/b0596d797b9.png
1,双枪,1,焢煌之钥,具体可参照超限武器，就高级区来说，幽色咏叹调的瞬间爆发并不比专属低。但炎律毕竟是打持续输出的角色，一旦进入长流程的持久战，专属的优势就会非常明显了。,5,299,13,http://www.3rdguide.com/web/arm/detail?id=277,http://static.3rdguide.com/image/data/uploads/all/202107/f9a8f2da3bd.png
1,双枪,1,索尔之锤,物理通用双枪，主要作用还是其主动80%的高额脆弱（可被时空延长持续时间），常常用于辅助物理主C。,5,298,6,http://www.3rdguide.com/web/arm/detail?id=2,http://static.3rdguide.com/image/data/uploads/all/201802/ac765b20170.png
1,双枪,1,伊甸双星,最主要的作用是全角色+10攻击力。本质是和索尔互补的脆弱双枪，脆弱的前提是：击破敌人护盾，或敌人本来就没护盾。SP消耗低，脆弱不受时空限制（索尔的脆弱可以时空扩），在记忆战场中的表现会优于索尔，如：空律山吹紫苑打地藏。,5,287,21,http://www.3rdguide.com/web/arm/detail?id=245,http://static.3rdguide.com/image/data/uploads/all/202005/d58016f4a5c.png
1,双枪,1,异型·赫尔之弓,依赖眩晕/冰冻控制，以获得高额加伤的物理双枪。虽然可搭配雪地大招，全场冰冻敌人，但常态加成低，且不如各自的专属武器以及幽色咏叹调强力。,5,287,31,http://www.3rdguide.com/web/arm/detail?id=166,http://static.3rdguide.com/image/data/uploads/all/201805/f14468fcf71.png
1,双枪,1,超电磁手炮,古老的月光毕业武器，已经基本没有实用价值。不过是超限电磁炮的前置要素（解锁图鉴），依旧可以成为新的毕业武器。,5,287,19,http://www.3rdguide.com/web/arm/detail?id=3,http://static.3rdguide.com/image/data/uploads/all/201802/2a9a8b1dc68.png
1,双枪,1,凡尘难渡,遂有此键,5,286,20,http://www.3rdguide.com/web/arm/detail?id=261,http://static.3rdguide.com/image/data/uploads/all/202102/29419fac135.png
1,双枪,2,连山守护,虽然天穹游侠在搭配彗星驱动时，可轻松触发武器的被动加成，但适用范围一般，不如幽色咏叹调广，因此不推荐升级，35即可。,5,285,22,http://www.3rdguide.com/web/arm/detail?id=6,http://static.3rdguide.com/image/data/uploads/all/201802/3b34871303d.png
1,双枪,2,往世的华章,老式燧发枪，明星的选择。,5,284,13,http://www.3rdguide.com/web/arm/detail?id=300,http://static.3rdguide.com/image/data/uploads/all/202204/582674421e4.png
1,双枪,2,原型·妖精之弓,真·快乐玩家，该武器主动没用CD限制，仅SP限制，SP充足时，可体验连射的快乐。,5,279,35,http://www.3rdguide.com/web/arm/detail?id=9,http://static.3rdguide.com/image/data/uploads/all/201802/6e6c41fa998.png
1,双枪,2,血手圣徒,原罪猎人标准的毕业武器，双被动的设计十分契合原罪驻场持续分支的输出模式。以前也用于辅助——利用轨道炮来快速破盾，但现在意义不大。,5,277,33,http://www.3rdguide.com/web/arm/detail?id=194,http://static.3rdguide.com/image/data/uploads/all/201809/698a1596afd.png
1,双枪,2,能量跃迁者,老的月光毕业武器，在超限电磁炮出现后，便辉煌不再。,5,276,32,http://www.3rdguide.com/web/arm/detail?id=7,http://static.3rdguide.com/image/data/uploads/all/201802/4ec121d7eb0.png
1,双枪,2,烈焰毁灭者,它有一个好听的称号“蛋池毁灭者”，不过目前来说，蛋池里已经基本见不到该武器了。（想抽都抽不到）,5,276,32,http://www.3rdguide.com/web/arm/detail?id=4,http://static.3rdguide.com/image/data/uploads/all/201802/e1070189cc4.png
1,双枪,2,天穹撕裂者,原本是设计给天穹游侠的专属武器，可现在却无人使用。给游侠打输出不如幽色咏叹调；给游侠打辅助不如索尔之锤的80%脆弱强力。其余角色也基本不会使用。,5,275,32,http://www.3rdguide.com/web/arm/detail?id=224,http://static.3rdguide.com/image/data/uploads/all/201909/01e97e03347.png
1,双枪,2,幽色咏叹调,强力且通用的爆发类双枪，不适合驻场持续输出。瞬间加成很高，且无招式类型限制。空之律者、天穹游侠在使用时都有不错的表现。,5,275,27,http://www.3rdguide.com/web/arm/detail?id=167,http://static.3rdguide.com/image/data/uploads/all/201805/9380f496cc1.png
1,双枪,2,簒夺者手炮,圣7308研究所根据崩坏粒子的量子纠缠原理制造的近距离攻击武器。同时反应中的崩坏粒子将振动产生波，对近距离的敌人造成伤害。,5,272,27,http://www.3rdguide.com/web/arm/detail?id=67,http://static.3rdguide.com/image/data/uploads/all/201802/91db75d4522.png
1,双枪,2,光与影,它有一个好听的称号“结与晶”，不过目前来说，蛋池里已经基本见不到该武器了。（想抽都抽不到）,5,270,39,http://www.3rdguide.com/web/arm/detail?id=5,http://static.3rdguide.com/image/data/uploads/all/201802/50a38bbc9bf.png
1,双枪,3,灵枪·八重,在很久之前，天命组织的某个人为了纪念一位巫女而制作的手枪，现在正静静的沉睡在天命组织总部的深处…,5,267,21,http://www.3rdguide.com/web/arm/detail?id=68,http://static.3rdguide.com/image/data/uploads/all/201802/f5657c41641.png
1,双枪,3,空无之钥,"空之律者标准的毕业武器，主动可打出高额伤害（生成空间核心）并回复动能，被动物伤与暴伤的加成使得该武器也可作为一个通用的物理双枪。
",5,264,37,http://www.3rdguide.com/web/arm/detail?id=177,http://static.3rdguide.com/image/data/uploads/all/201808/e5bdfcd0122.png
1,双枪,3,雷刀·鬼角,目前基本绑定圣女，常用于战场竞速，圣女开大以提供高额的雷电易伤效果，也可用于延迟牛顿（下）、叶采章套装。武器有着30%全伤加成，也可用于输出，但和各自的专属武器比起来，效果不算强力。,5,264,47,http://www.3rdguide.com/web/arm/detail?id=170,http://static.3rdguide.com/image/data/uploads/all/201807/2935c6ba98d.png
1,双枪,3,雷刀·鬼角（旧）,"主动对小范围持续雷伤，被动攻击附带雷伤，爆发造成感电。伤害与感电效果都顶尖。
在2.3版本已经被修改，此资料用于留念。",5,264,47,http://www.3rdguide.com/web/arm/detail?id=8,http://static.3rdguide.com/image/data/uploads/all/201803/e6b8396a012.png
1,双枪,3,天火圣裁,具备优秀辅助能力的地图神之键，可提供长时间的易伤效果，常用于记忆战场。,5,260,45,http://www.3rdguide.com/web/arm/detail?id=173,http://static.3rdguide.com/image/data/uploads/all/201808/683016dcc81.png
1,双枪,3,赤鸢之翼,若是用于辅助，来延迟牛顿（下）、叶采章套装等圣痕，仅需35；也可用于输出，但限定单个敌人，且强度就目前来说并不高，因此不是很推荐。,5,259,30,http://www.3rdguide.com/web/arm/detail?id=66,http://static.3rdguide.com/image/data/uploads/all/201802/2c888c9f000.png
1,双枪,3,2nd圣遗物,加伤能力一般，主要给圣女提供更快的SP回复效果，可用于战场竞速。不过战场中的提升有限，35级即可。,5,254,59,http://www.3rdguide.com/web/arm/detail?id=172,http://static.3rdguide.com/image/data/uploads/all/201808/fd8e6ee53af.png
1,双枪,3,2nd圣遗物（旧）,"被动提高攻击回复SP，被动击中附带雷伤。圣女极限续航用。
在2.3版本已经被加强，曾经的2ND已经被封存于历史中。",5,254,59,http://www.3rdguide.com/web/arm/detail?id=1,http://static.3rdguide.com/image/data/uploads/all/201802/49a2b5276c8.png
1,双枪,3,法尔尼夫爆炎,天命借助“魂钢”开发出的“诸神座”系列武器，通过崩坏能裂变反应产生强大的爆裂粒子，其威力犹如传说中巨龙的火焰。,5,248,43,http://www.3rdguide.com/web/arm/detail?id=65,http://static.3rdguide.com/image/data/uploads/all/201802/0b083587367.png
1,双枪,3,支配者手枪,天命组织用天父掉落的火属性崩坏能的未知矿石打造的武器，枪口聚集的崩坏粒子极度耐热，子弹在爆炸时附带额外的灼伤效果。,5,244,16,http://www.3rdguide.com/web/arm/detail?id=70,http://static.3rdguide.com/image/data/uploads/all/201802/052c90b65c6.png
1,双枪,4,游骑兵手炮,曾活跃于西伯利亚的女武神晨昏小队的装备，队员德瓦娜·卡斯兰娜的爱枪，她曾用这把武器取得过无数值得夸耀的战果。,5,240,15,http://www.3rdguide.com/web/arm/detail?id=184,http://static.3rdguide.com/image/data/uploads/all/201903/0092e3d8e03.png
1,双枪,4,星空音浪,崩坏世界的歌姬，琪亚娜爱用的扩音器，因为很喜欢所以会随身携带两个。据她的歌迷称，这对扩音器上印着让琪亚娜成为歌姬的契机。,5,234,8,http://www.3rdguide.com/web/arm/detail?id=199,http://static.3rdguide.com/image/data/uploads/all/201901/73acfc2637a.png
1,双枪,4,万圣颂灵枪,万圣节活动奖励武器,5,231,10,http://www.3rdguide.com/web/arm/detail?id=223,http://static.3rdguide.com/image/data/uploads/all/201909/e05dce61701.png
1,双枪,4,飓风左轮,天命组织用受第四律者影响的，携带冰属性崩坏能的金属打造的武器，枪口的崩坏磁场会让弹道强烈的旋转，形成飓风一样的杀伤效果。,5,224,39,http://www.3rdguide.com/web/arm/detail?id=69,http://static.3rdguide.com/image/data/uploads/all/201802/8ffa98645f7.png
1,双枪,4,火妖精Ⅰ型,圣7308研究所为女武神设计的手枪，内部安装了F-22崩坏能引擎，核心产生的激发态粒子会附着在目标身上，使目标持续的燃烧。,4,188,3,http://www.3rdguide.com/web/arm/detail?id=53,http://static.3rdguide.com/image/data/uploads/all/201802/6eaaa64a526.png
1,双枪,4,圣枪·卡莲,在很久之前，天命组织的某个人为了纪念一位女武神而制作的手枪，现在正静静的沉睡在天命组织总部的深处…,4,183,10,http://www.3rdguide.com/web/arm/detail?id=62,http://static.3rdguide.com/image/data/uploads/all/201802/0cc4c770929.png
1,双枪,4,火妖精Ⅱ型,圣7308研究所为女武神设计的手枪，内部安装了F-28崩坏能引擎，核心产生的激发态粒子会在击中目标时跃迁产生大量放射性热能。,4,182,12,http://www.3rdguide.com/web/arm/detail?id=54,http://static.3rdguide.com/image/data/uploads/all/201802/3ace8dfdc36.png
1,双枪,4,莫辛纳甘日轮,米高扬中央设计制造局制造的手枪，在标准的苏制手枪的基础上，加入了崩坏能结晶碎片，大幅强化了子弹的威力。,4,180,13,http://www.3rdguide.com/web/arm/detail?id=57,http://static.3rdguide.com/image/data/uploads/all/201802/1462fc6cf25.png
1,双枪,4,暗耀者手炮,圣7308研究所根据崩坏粒子的量子纠缠原理制造的近距离攻击增幅双持手枪。,4,179,16,http://www.3rdguide.com/web/arm/detail?id=60,http://static.3rdguide.com/image/data/uploads/all/201802/beb09d050a0.png
1,双枪,4,燃烧之羽,天命组织用仿造魂钢的金属制作的双枪，子弹上燃烧着强烈的火焰。作为试验品，其威力媲美“赤鸢之翼”，因此也被授予了“诸神座”的称号。,4,176,20,http://www.3rdguide.com/web/arm/detail?id=58,http://static.3rdguide.com/image/data/uploads/all/201802/95e2de527de.png
1,双枪,5,爱酱的针筒,明明叫针筒，却是一对双枪。针筒上好像写着什么非常不得了的东西。,4,173,7,http://www.3rdguide.com/web/arm/detail?id=192,http://static.3rdguide.com/image/data/uploads/all/201809/1f12a5ae94d.png
1,双枪,5,合金·支配者手枪,天命组织用自研的冰属性合金仿照支配者手枪所批量生产的枪械，其所拥有的崩坏威力无限接近支配者手枪。,4,169,10,http://www.3rdguide.com/web/arm/detail?id=64,http://static.3rdguide.com/image/data/uploads/all/201803/980f59fb70b.png
1,双枪,5,月神之守护,一把16年前天命组织制作的手枪，在枪身上，用细小的字刻着“愿月光守护着你，琪亚娜。爱你的齐格飞，塞西莉亚和德丽莎。”,4,169,29,http://www.3rdguide.com/web/arm/detail?id=56,http://static.3rdguide.com/image/data/uploads/all/201802/e42e14267be.png
1,双枪,5,水妖精Ⅱ型,圣7308研究所为女武神设计的手枪，内部安装了I-32崩坏能引擎，核心产生的凝聚粒子在击中目标的时候吸走目标身上的热量，冻结目标。,4,169,29,http://www.3rdguide.com/web/arm/detail?id=52,http://static.3rdguide.com/image/data/uploads/all/201802/7e04c3edaa4.png
1,双枪,5,轩辕·脉冲手枪,为了帮助被蚩尤吞入肚中的琪亚娜，姬麟的英灵通过轩辕剑的碎片，将力量附在了脉冲手枪上，使之获得了雷电的力量。,4,165,16,http://www.3rdguide.com/web/arm/detail?id=59,http://static.3rdguide.com/image/data/uploads/all/201802/a62d2d0a9c9.png
1,双枪,5,水妖精Ⅰ型,圣7308研究所为女武神设计的手枪，内部安装了I-30崩坏能引擎，核心产生的凝聚态粒子被用来强化子弹，产生远超一般子弹的威力。,4,163,38,http://www.3rdguide.com/web/arm/detail?id=51,http://static.3rdguide.com/image/data/uploads/all/201802/a0b0649caac.png
1,双枪,5,合金·飓风左轮,天命组织用自研的冰属性合金仿照飓风左轮所批量生产的枪械，其所拥有的崩坏威力无限接近飓风左轮。,4,158,24,http://www.3rdguide.com/web/arm/detail?id=63,http://static.3rdguide.com/image/data/uploads/all/201803/d5b8f3e9962.png
1,双枪,5,凤枪,2017年限定武器。“凤凰”双子武器中的一把。那么，和它搭配的“凰”，只会是她的武器吧？,4,158,25,http://www.3rdguide.com/web/arm/detail?id=61,http://static.3rdguide.com/image/data/uploads/all/201802/97743724fd3.png
1,双枪,5,试做型脉冲手枪,以USP系列为蓝本制作，鲜为人知的崩坏武器原型之一，可以陪伴主人共同成长，已知的最高记录是进化到稀有度4星。,4,146,29,http://www.3rdguide.com/web/arm/detail?id=55,http://static.3rdguide.com/image/data/uploads/all/201803/f536fb56874.png
1,双枪,5,柯尔特·捍卫者,由柯尔特公司设计并生产的双动式转轮手枪，可使用44 Special，44 Magnum以及45柯尔特子弹。,3,144,25,http://www.3rdguide.com/web/arm/detail?id=49,http://static.3rdguide.com/image/data/uploads/all/201803/2e105112c05.png
1,双枪,6,柯尔特巨蟒·改,柯尔特公司设计并生产的一款大框架，双动转轮手枪，经过改换枪管之后，成为柯尔特公司.44口径转轮枪中最准确的型号。,3,128,2,http://www.3rdguide.com/web/arm/detail?id=50,http://static.3rdguide.com/image/data/uploads/all/201803/9a2fe07ab65.png
1,双枪,6,沙漠之鹰,由IMI公司生产，有357 Magnum、44 Magnum和50 AE三种口径，可通过搭配枪管、枪机和弹匣迅速改装。,3,128,2,http://www.3rdguide.com/web/arm/detail?id=48,http://static.3rdguide.com/image/data/uploads/all/201803/50c7f394d30.png
1,双枪,6,USP改,H&K公司应美国特种部队要求，为应对大规模公共威胁事件，在USP45上改进的威力增强版本。,3,121,14,http://www.3rdguide.com/web/arm/detail?id=46,http://static.3rdguide.com/image/data/uploads/all/201808/b1990b9d866.png
1,双枪,6,M1911,美军在波斯湾战争时标准制式作战武器，装配7发柯尔特手枪弹匣，有效射程50m。,3,94,59,http://www.3rdguide.com/web/arm/detail?id=47,http://static.3rdguide.com/image/data/uploads/all/201808/8c2b28fbd8d.png
1,双枪,6,USP45,"H&K公司专门为美国军事和执法部门设计的手枪，45ACP口径，精度可靠，性能稳定。
",2,76,8,http://www.3rdguide.com/web/arm/detail?id=45,http://static.3rdguide.com/image/data/uploads/all/201803/06c5fd6f691.png
2,太刀,1,涤罪七雷·鸣雷见,以前文明纪元第三律者·雷之律者的核心制成的神之键。,6,452,11,http://www.3rdguide.com/web/arm/detail?id=306,http://static.3rdguide.com/image/data/uploads/all/202206/cd3634d1f36.png
2,太刀,1,天殛之境：裁决,雷之律者完美的毕业武器。目前面板最高的太刀，极高的雷电元素加成可以补足雷律自身低元素加伤的缺点。主动能够造成极高的雷伤，并瞬间回复200点律者能量，显著加快充能、循环速度。夜隐重霞携带时，也有着非常不错的效果，一般来说，伤害会略高于【重磁暴·斩】（因为角色倍率低）。不过麻痹覆盖率要低于【重磁暴·斩】,6,447,12,http://www.3rdguide.com/web/arm/detail?id=246,http://static.3rdguide.com/image/data/uploads/all/202007/78640946b96.png
2,太刀,1,重磁暴·斩,鬼铠完美的毕业武器，优先度极高的超限武器。作为感电女王，鬼铠一直是雷伤队的核心角色，武器主动可稳定上感电，并且还附带额外雷电易伤。抛开辅助，该武器也赋予了鬼铠一定的输出能力。（打辅助只是因为迅雷、月轮太强了）,6,431,20,http://www.3rdguide.com/web/arm/detail?id=221,http://static.3rdguide.com/image/data/uploads/all/201908/1b2692a316f.png
2,太刀,1,御灵刀 寒狱冰天,勿忘完美的毕业武器，提供动能，加伤综合且主动的瞬间爆发强力。鬼铠也可使用（主动减速触发被动加伤），但不如重磁暴强力。,6,409,35,http://www.3rdguide.com/web/arm/detail?id=220,http://static.3rdguide.com/image/data/uploads/all/201908/6f4bf635cd6.png
2,太刀,1,魂妖刀 血樱寂灭,真炎幸魂完美的毕业武器，除了拿来输出，其火伤辅助能力也十分优秀，能够提供长时间的高额火易伤，并通过主动二段施加强力点燃效果（可积蓄一半月魂、渡鸦的点燃槽）。特别的，其“全伤提高”的被动并不能作用于必杀技，而是在穿梭收招完后，提供全伤加成。,6,393,43,http://www.3rdguide.com/web/arm/detail?id=232,http://static.3rdguide.com/image/data/uploads/all/202001/8c4be456d22.png
2,太刀,1,天殛之钥,雷之律者的标准毕业武器。固定35%雷电元素加成，主动能造成可观伤害并施加鸣神，同时回复关键的律者能量，加快充能、循环速度。对于夜影重霞来说，会比【磁暴·斩】更强，更好用（同样非超限武器）。,5,302,8,http://www.3rdguide.com/web/arm/detail?id=247,http://static.3rdguide.com/image/data/uploads/all/202007/997e4f52f17.png
2,太刀,1,磁暴·斩,古老的鬼铠毕业武器，攻击自带特效，可惜已经基本没有实战价值。不过是超限磁暴斩的前置要素（解锁图鉴），并且强力推荐超限为重磁暴，使用频率极高。,5,298,6,http://www.3rdguide.com/web/arm/detail?id=12,http://static.3rdguide.com/image/data/uploads/all/201801/d73fbdc2965.png
2,太刀,1,影鵺,较为通用的物理太刀（不过现在输出高的都是元素太刀角色），兼顾输出与辅助，非常契合影舞冲击。增幅影舞在装备时，可依靠必杀技直接触发武器的“团队加伤效果”（文案中为刷新，实际上也可以直接触发），结合影舞自身的辅助效果，有着不错的物理辅助能力。,5,291,19,http://www.3rdguide.com/web/arm/detail?id=249,http://static.3rdguide.com/image/data/uploads/all/202008/034563e9977.png
2,太刀,1,灵刀·樱吹雪,逆神巫女标准的毕业武器，可快速叠加印记从而打出更多的刃返，影舞冲击也可使用，刀波能够提供一定伤害，并增加整体破盾能力。,5,289,29,http://www.3rdguide.com/web/arm/detail?id=182,http://static.3rdguide.com/image/data/uploads/all/201808/99ab51b25b2.png
2,太刀,1,开天剑,天命组织利用在“九幽”中的一块石碑上记载的铸剑术制成的剑，其威力之强，足以列入“诸神座”，可惜其他石碑上的文字已经无法辨识。,5,289,17,http://www.3rdguide.com/web/arm/detail?id=174,http://static.3rdguide.com/image/data/uploads/all/201808/084ab7342e5.png
2,太刀,2,地藏御魂,由旧文明第十二律者核心制成的神之键，主掌“侵蚀”的力量，可以投影使用者的意识并自如操纵。其使用方式尚未解析完整…,5,289,24,http://www.3rdguide.com/web/arm/detail?id=93,http://static.3rdguide.com/image/data/uploads/all/201802/cacf6282750.png
2,太刀,2,灵刀·樱吹雪（旧）,"主动冲刺造成物伤并眩晕绯樱标记敌人，巫女装备额外计数一次，被动攻击间隔释放刀波，巫女佩戴时进行一次计数。被3rd虚无妖精剑影响地位的巫女专属
",5,288,18,http://www.3rdguide.com/web/arm/detail?id=19,http://static.3rdguide.com/image/data/uploads/all/201801/e9defe2655c.png
2,太刀,2,妖刀·赤染樱,真炎幸魂标准的毕业武器，加伤稳定，武器主动可刷新分支的易伤时间（分支自身无法刷新），提高易伤覆盖率。超限武器相较其提升明显，强度有保证。,5,287,31,http://www.3rdguide.com/web/arm/detail?id=165,http://static.3rdguide.com/image/data/uploads/all/201805/0cab7bc705a.png
2,太刀,2,雨后誓言,由于减速圣痕的出现，主动的减速效果已经意义不大。通常由影舞冲击携带，在联机中，武器主动可频繁触发影舞联机技雷伤。整体加伤能力一般，属于情怀类武器。,5,287,29,http://www.3rdguide.com/web/arm/detail?id=21,http://static.3rdguide.com/image/data/uploads/all/201802/f0cb405fa86.png
2,太刀,2,藏锋,依靠极限闪避附加雷伤、物伤的操作型武器，对操作技巧和环境要求都很高，且主要适配角色，如：鬼铠，已经拥有重磁暴了，因此该武器基本没有使用的场合。,5,287,27,http://www.3rdguide.com/web/arm/detail?id=17,http://static.3rdguide.com/image/data/uploads/all/201801/ec2a6f37b9d.png
2,太刀,2,涤罪七雷·鸣,以前文明纪元第三律者·雷之律者的核心制成的神之键。,5,284,22,http://www.3rdguide.com/web/arm/detail?id=305,http://static.3rdguide.com/image/data/uploads/all/202206/16661cd3488.png
2,太刀,2,反力场打刀11式,主动拥有一个瞬间聚怪的效果，同时也有较高的连段伤害（不过不如雨伞），可能会有奇效，除此之外就没啥特点了。,5,282,26,http://www.3rdguide.com/web/arm/detail?id=13,http://static.3rdguide.com/image/data/uploads/all/201801/4858d1522b3.png
2,太刀,2,辉刀·经津主,具备3种元素攻击的一把特效太刀，伤害加成浮动较大，不够稳定。,5,279,5,http://www.3rdguide.com/web/arm/detail?id=202,http://static.3rdguide.com/image/data/uploads/all/201901/10862bc3793.png
2,太刀,2,破晓者·塔尔瓦,破晓强袭最为常用的毕业武器，主动可提供大量SP，显著加快大招的循环速度；被动加伤也契合强袭开大爆发的输出模式。其它依靠大招爆发的太刀类角色也可使用，如：逆神巫女，夜影重霞，但效果不算强力。,5,275,27,http://www.3rdguide.com/web/arm/detail?id=213,http://static.3rdguide.com/image/data/uploads/all/201903/12f222889ea.png
2,太刀,2,妖精剑·希尔文,综合性辅助太刀，主动持续时间长，适合主C持续爆发，尤其是吃攻速加成的主C，如：月魂，对于月轮来说，妖精剑不如重磁暴和雷切效果好。,5,275,36,http://www.3rdguide.com/web/arm/detail?id=20,http://static.3rdguide.com/image/data/uploads/all/201801/75646a96da4.png
2,太刀,3,高周波切割刀,主动可快速锁定敌人并施加高额脆弱，暴击时也可时空锁定敌人，可用于触发时空QTE。具备一定的潜力，但目前也基本没有环境需求。,5,272,38,http://www.3rdguide.com/web/arm/detail?id=16,http://static.3rdguide.com/image/data/uploads/all/201808/9a27bf2fdaf.png
2,太刀,3,丹朱剑,可以召唤出一只火精灵的“香蕉剑”，玩具性武器。,5,272,38,http://www.3rdguide.com/web/arm/detail?id=15,http://static.3rdguide.com/image/data/uploads/all/201801/24624401dc0.png
2,太刀,3,等离子影秀,雷电龙马设计的最高杰作，其威力，据说连律者也可以冻结。未来某天，他的女儿再一次觉醒成律者的时候，龙马才会拔出这把刀吧。,5,269,18,http://www.3rdguide.com/web/arm/detail?id=91,http://static.3rdguide.com/image/data/uploads/all/201802/e6858100fb2.png
2,太刀,3,虚无之刃,通用物理太刀，偏普攻类，因为主动仅为普通攻击提供暴击率加成（爆发攻击不行）。被动的多层加伤效果可以叠加，加伤效果尚可，但目前物理太刀类角色十分弱势，因此不推荐升级该武器，35即可。特殊情况下，武器主动也可用作时空QTE触发器。,5,267,43,http://www.3rdguide.com/web/arm/detail?id=14,http://static.3rdguide.com/image/data/uploads/all/201801/9f7ee3f51eb.png
2,太刀,3,仿灵刀·冰昙天,勿忘标准的毕业武器，提供关键动能，主动搭配被动也有着不错的冰冻加伤。超限武器相较其提升明显，强度有保证。,5,265,46,http://www.3rdguide.com/web/arm/detail?id=18,http://static.3rdguide.com/image/data/uploads/all/201801/03c5b13699a.png
2,太刀,3,雷切,通常利用武器主动的多段伤害，来触发各类攻击特效，如月轮的“牙”，犹大的被动雷伤，亦或是影舞冲击的雷伤联机技。就鬼铠来说，在输出不足的时候，才会考虑携带雷切以弥补伤害。,5,265,46,http://www.3rdguide.com/web/arm/detail?id=11,http://static.3rdguide.com/image/data/uploads/all/201808/d463832d3e0.png
2,太刀,3,3rd圣遗物,依赖连击数加伤的物理太刀，主要为破晓强袭使用，契合度高。联机中的表现会比破晓者更好（因为强袭联机技基本不缺SP）,5,254,59,http://www.3rdguide.com/web/arm/detail?id=10,http://static.3rdguide.com/image/data/uploads/all/201801/4139716c86d.png
2,太刀,3,暴食节刀,ME社利用崩坏生物能技术，提取了崩坏兽迦尼萨体内冰及治愈属性的核心，将其融于特制的崩坏适应合金中制造的带有绝对威慑力的刀具。,5,239,22,http://www.3rdguide.com/web/arm/detail?id=94,http://static.3rdguide.com/image/data/uploads/all/201802/fce06b05dfe.png
2,太刀,3,银河追光,极具机械感的立式麦克风，底座上印有它的主人，芽衣的名字。厚重的设计原本是为了让麦克风不会在人声鼎沸的舞台上轻易翻倒，但现在似乎多了些别的用途——特别是你把麦克风反过来拿的时候。5,5,232,9,http://www.3rdguide.com/web/arm/detail?id=200,http://static.3rdguide.com/image/data/uploads/all/201901/7bdbe6e6bf4.png
2,太刀,3,疾风太刀,ME社利用崩坏生物能技术，提取了第四律者体内强大的风属性的生物核心，将其融于特制的崩坏适应合金中制造的带有绝对威慑力的刀具。,5,224,39,http://www.3rdguide.com/web/arm/detail?id=95,http://static.3rdguide.com/image/data/uploads/all/201803/5aa7c812696.png
2,太刀,4,爱酱的拐杖糖,活动太刀，有一定的元素加伤效果，可作为元素类太刀角色的通用过渡武器。,5,221,26,http://www.3rdguide.com/web/arm/detail?id=181,http://static.3rdguide.com/image/data/uploads/all/201808/cb78adf8134.png
2,太刀,4,一条咸鱼,一条咸鱼,5,208,0,http://www.3rdguide.com/web/arm/detail?id=212,http://static.3rdguide.com/image/data/uploads/all/201903/76aae3e8e98.png
2,太刀,4,脉冲太刀17式,ME社前社长雷电龙马亲自设计的电磁脉冲刀，设计的目的是减速并禁锢敌人，而非杀死敌人，他设计这把刀的目的是…,4,188,3,http://www.3rdguide.com/web/arm/detail?id=79,http://static.3rdguide.com/image/data/uploads/all/201802/f20e692dfe6.png
2,太刀,4,脉冲太刀19式,ME社前社长雷电龙马亲自设计的电磁脉冲刀，设计的目的是让一般人也能使用崩坏能战斗，他设计这把刀的目的是…,4,182,12,http://www.3rdguide.com/web/arm/detail?id=80,http://static.3rdguide.com/image/data/uploads/all/201802/bb3f1595b31.png
2,太刀,4,雷暴,天命组织反解析开天剑的制作方法，制成的剑，为什么古代的铸剑术之中，还隐藏着现代科学都无法解析的技术模块…,4,180,13,http://www.3rdguide.com/web/arm/detail?id=85,http://static.3rdguide.com/image/data/uploads/all/201802/1d6e6b27cc0.png
2,太刀,4,热能切割刃,米高扬中央设计制造局制造的切割刀，在苏联制的切割刀上，嵌入了崩坏能结晶，其发出的热能，为原本的30倍。,4,178,17,http://www.3rdguide.com/web/arm/detail?id=83,http://static.3rdguide.com/image/data/uploads/all/201802/aed7b6ed6ce.png
2,太刀,4,吸能太刀,圣7308研究所为女武神设计的太刀，可以根据女武神身上的崩坏能强度而改变攻击属性，提升女武神的战斗能力。,4,175,15,http://www.3rdguide.com/web/arm/detail?id=87,http://static.3rdguide.com/image/data/uploads/all/201802/79cb10c9381.png
2,太刀,4,结晶逆刃刀,在第二次崩坏战争发生过的战场上，开着雪白的结晶之花，圣7308研究所用这些花打造出的逆刃刀，拥有冻结敌人的神奇力量。,4,169,29,http://www.3rdguide.com/web/arm/detail?id=82,http://static.3rdguide.com/image/data/uploads/all/201802/cc78b4e5e61.png
2,太刀,4,苗刀·雷妖,圣7308研究所为女武神设计的佩刀，刀身的内部流动着崩坏能，挥动时候会释放崩坏能产生强力的冲击波，刀身形似禾苗，故曰苗刀。,4,169,29,http://www.3rdguide.com/web/arm/detail?id=78,http://static.3rdguide.com/image/data/uploads/all/201802/e6eef33ae22.png
2,太刀,4,合金·暴食节刀,ME社利用仿生技术，复刻了暴食节刀的一部分崩坏特性而批量生产的刀具，其崩坏能足以维持暴食节刀相近的破坏力。,4,166,14,http://www.3rdguide.com/web/arm/detail?id=89,http://static.3rdguide.com/image/data/uploads/all/201803/78e10c273ef.png
2,太刀,5,轩辕·脉冲太刀,为了帮助被蚩尤吞入肚中的芽衣，姬麟的英灵通过轩辕剑的碎片，将力量附在了脉冲太刀上，使之获得了寒冰的力量。,4,165,16,http://www.3rdguide.com/web/arm/detail?id=86,http://static.3rdguide.com/image/data/uploads/all/201802/6d96e02dffc.png
2,太刀,5,丹樱,在樱树下埋藏的古老盒子里发现的神秘刀具，挖出来的时候还散发着樱色的光，包含若有若无的崩坏能反应，至今没人知道它的故事。,4,163,19,http://www.3rdguide.com/web/arm/detail?id=84,http://static.3rdguide.com/image/data/uploads/all/201802/58d1ba0963b.png
2,太刀,5,苗刀·电魂,圣7308研究所为女武神设计的佩刀，刀身的表面吸附着大量崩坏能粒子，刀身的形状和性能无关，只是埋藏着设计者深深的思念…,4,163,38,http://www.3rdguide.com/web/arm/detail?id=77,http://static.3rdguide.com/image/data/uploads/all/201802/1fd9fa59814.png
2,太刀,5,凰剑,2017年限定武器。“凤凰”双子武器中的一把。能和芽衣的“凰剑”搭档的，只有琪亚娜的“凤枪”。,4,158,25,http://www.3rdguide.com/web/arm/detail?id=88,http://static.3rdguide.com/image/data/uploads/all/201802/7f13188c64a.png
2,太刀,5,合金·疾风太刀,ME社利用仿生技术，复刻了疾风太刀的一部分崩坏特性而批量生产的刀具，其崩坏能足以维持疾风太刀相近的破坏力。,4,157,26,http://www.3rdguide.com/web/arm/detail?id=90,http://static.3rdguide.com/image/data/uploads/all/201808/1cb56978b45.png
2,太刀,5,试做型脉冲太刀,以村正系列为蓝本制作，鲜为人知的崩坏武器原型之一，可以陪伴主人共同成长，已知的最高记录是进化到稀有度4星。,4,146,29,http://www.3rdguide.com/web/arm/detail?id=81,http://static.3rdguide.com/image/data/uploads/all/201802/e173aa14d3b.png
2,太刀,5,复合刀·柳叶,圣7308研究所结合古老的神州铸剑技术和最先进的崩坏技术，制作而成的刀具，柳叶的形状增加了刀具的斩削力。,3,128,2,http://www.3rdguide.com/web/arm/detail?id=76,http://static.3rdguide.com/image/data/uploads/all/201802/1c88bce53b8.png
2,太刀,5,妖刀村正,"德川家的人陆续死在村正之下，使得它被视为""不吉""，冠以""妖刀""之名，传说只有少女纯正的热情才能抑制它的诅咒。",3,128,2,http://www.3rdguide.com/web/arm/detail?id=74,http://static.3rdguide.com/image/data/uploads/all/201802/23cd51ae908.png
2,太刀,5,堀川国广,新撰组土方岁三的爱刀，著名刀工九州日向住国的第一杰作，土方甚是喜爱，一直带在身边，视如珍宝。,3,121,14,http://www.3rdguide.com/web/arm/detail?id=72,http://static.3rdguide.com/image/data/uploads/all/201802/fe7fad6cc45.png
2,太刀,5,复合刀·朱雀,由村正家族设计并锻造，刀身为全黑色不具名合金制造而成，在遇到血时会泛诡异的橘红色，其成分至今尚未明确。,3,114,25,http://www.3rdguide.com/web/arm/detail?id=75,http://static.3rdguide.com/image/data/uploads/all/201802/2dca26a0362.png
2,太刀,6,妖刀雨村,斩杀时刀锋会迸发露水，像是从刀锋会有水流出清洗血迹。可能是刀的悲鸣，在洗刷自己的过错。,3,94,59,http://www.3rdguide.com/web/arm/detail?id=73,http://static.3rdguide.com/image/data/uploads/all/201802/f983566ab6a.png
2,太刀,6,势州村正,古老的日本武士之刀，相传由伊势国村正家族所铸造，从初代起就集聚盛名，是日本武士刀的代表。,2,76,8,http://www.3rdguide.com/web/arm/detail?id=71,http://static.3rdguide.com/image/data/uploads/all/201802/173960d5efb.png
3,重炮,1,往世的绝塔·丝之梯,螺旋·愚戏之匣的推荐武器,6,441,18,http://www.3rdguide.com/web/arm/detail?id=308,http://static.3rdguide.com/image/data/uploads/all/202207/b53b4cbda1b.png
3,重炮,1,蓝焰银隼·最终企划,“你看，我都不怎么使用它。”,6,434,25,http://www.3rdguide.com/web/arm/detail?id=290,http://static.3rdguide.com/image/data/uploads/all/202112/30f89d0b2ec.png
3,重炮,1,真理之境：启示,理之律者的专属超限重炮，俗称“车钥匙”。主动0SP消耗，并可回复“律者能量”，战场中的提升十分明显，大幅加强了第一波的爆发能力。除了全伤、冰伤、额外倍率的提升，真理之境还强化了角色的SP回复能力。每次常规蓄力（开炮）都能额外回复3点SP，整体的循环速度比以往更快。不过该主动伤害是有延迟的，面对灵活的敌人（空律、狐狸）时，是可能打空的。,6,409,27,http://www.3rdguide.com/web/arm/detail?id=253,http://static.3rdguide.com/image/data/uploads/all/202009/82459d4ceee.png
3,重炮,1,歼星者19C-X,虚假的异度黑核侵蚀（黑鸭）的毕业武器，表现完全不如超限百手。虽然高额的暴击率保证了伤害的稳定性，但无法从本质上提升黑鸭的输出能力（上限没高多少）,6,398,59,http://www.3rdguide.com/web/arm/detail?id=231,http://static.3rdguide.com/image/data/uploads/all/201911/a319ccc15e7.png
3,重炮,1,百手巨人终型,黑鸭的全新毕业武器，在各种加成下，成功实现量变到质变，进而在实战中打出各种战场高分。同时也是山吹的好伙伴，补足脆弱的同时，还实现了延迟角色离场 → 延迟触发BUFF加成,6,394,39,http://www.3rdguide.com/web/arm/detail?id=239,http://static.3rdguide.com/image/data/uploads/all/202004/d820ee54112.png
3,重炮,1,百手巨人初型,旧称“冰冻巨人”，目前来说已很少作为输出武器使用，主要用于时空控制并施加脆弱效果。,5,298,6,http://www.3rdguide.com/web/arm/detail?id=23,http://static.3rdguide.com/image/data/uploads/all/201802/510f864e466.png
3,重炮,1,往世的绝塔,仍是一位少女的时候，她亲手制作了这一武装。,5,294,18,http://www.3rdguide.com/web/arm/detail?id=307,http://static.3rdguide.com/image/data/uploads/all/202207/aaa8be2d3d3.png
3,重炮,1,真理之钥,理之律者的专属毕业武器，主动强力，加伤综合。由于其它火炮对于理律来说，几乎没有加伤能力，因此真理十分重要，伤害差距很明显。,5,294,19,http://www.3rdguide.com/web/arm/detail?id=219,http://static.3rdguide.com/image/data/uploads/all/201907/1c02e5287d7.png
3,重炮,1,蚩尤巨炮,在古老的深渊中，仅存在群聚敌人，雪地凭借其大招的群体冻结效果，可享受到武器被动的高额攻速加成。但现在是仓库（图鉴）中的纪念品。,5,294,11,http://www.3rdguide.com/web/arm/detail?id=28,http://static.3rdguide.com/image/data/uploads/all/201802/4cbdd92753a.png
3,重炮,1,尤弥尔之腕,玩家一般称呼其吹风机，因为主动动画确实如此。随着雪地不再强力，该武器也基本失去了实战价值。,5,294,11,http://www.3rdguide.com/web/arm/detail?id=26,http://static.3rdguide.com/image/data/uploads/all/201802/cd4f562aedc.png
3,重炮,2,蓝焰银隼0019,艺术品，长光说的,5,292,17,http://www.3rdguide.com/web/arm/detail?id=289,http://static.3rdguide.com/image/data/uploads/all/202112/7d038629b3d.png
3,重炮,2,碎骨兔19c,骇兔专属武器，其它角色基本不使用。武器可提供高额的连击数，以及范围冰冻效果，搭配骇兔QTE → 必杀技，连击、爆发、控场、BUFF加成一应俱全。,5,292,17,http://www.3rdguide.com/web/arm/detail?id=266,http://static.3rdguide.com/image/data/uploads/all/202103/6faf57edb7d.png
3,重炮,2,黑星,华丽的特效下，确实是玩具性质的功能性武器。黑星类似于碎星者，都可以延迟BUFF，CD长且消耗SP。在大环境下整体表现不如百手巨人终型，有骚套路的可能，但限制较多。,5,287,19,http://www.3rdguide.com/web/arm/detail?id=258,http://static.3rdguide.com/image/data/uploads/all/202012/da2a4e7a313.png
3,重炮,2,重装小兔19C,仅对普通敌人（非BOSS、精英）有一定杀伤力，虽然叫“重装小兔19C”，但并非布洛妮娅的重装小兔，怪不得有点菜。,5,287,19,http://www.3rdguide.com/web/arm/detail?id=24,http://static.3rdguide.com/image/data/uploads/all/201802/1f13f2ffff4.png
3,重炮,2,地狱火Ⅲ型,米高扬中央设计制造局制造的崩坏能重兵器，在制式的苏联火焰喷射器，嵌入了崩坏能结晶碎片，大幅强化了原本武器的性能。,5,285,22,http://www.3rdguide.com/web/arm/detail?id=116,http://static.3rdguide.com/image/data/uploads/all/201803/103288578c3.png
3,重炮,2,歼星者19C,假的异度黑核侵蚀专属，由于黑鸭的蓄力伤害与导弹数量密切相关，因此非“多重制导导弹”的歼星者输出并不高。不需要整，有也不用超限。想玩儿黑鸭的话锻造超限百手即可。,5,283,31,http://www.3rdguide.com/web/arm/detail?id=32,http://static.3rdguide.com/image/data/uploads/all/201802/df05aac2e89.png
3,重炮,2,提尔的断腕,在次元、雪地C位出道时风靡一时，目前已基本失去使用价值（和顶级物理主C差距太大）。次元又开启的挖矿时代，雪地在辅助的路上一去不复返。,5,282,26,http://www.3rdguide.com/web/arm/detail?id=31,http://static.3rdguide.com/image/data/uploads/all/201802/0d46681b450.png
3,重炮,2,核心技能炮Delta,加伤一般，且麻痹效果不稳定，就输出向来说远不如火神机枪实在。,5,282,26,http://www.3rdguide.com/web/arm/detail?id=25,http://static.3rdguide.com/image/data/uploads/all/201802/abacb09c963.png
3,重炮,2,M134火神机枪,活动限定速射武器，基本一年UP一次，可显著增强持续的激光输出，但整体强度不高，意义不大。,5,281,35,http://www.3rdguide.com/web/arm/detail?id=162,http://static.3rdguide.com/image/data/uploads/all/201808/35d81d2ab7a.png
3,重炮,2,量子毁灭者Ⅱ型,活在记忆里的“强力激光”，目前主要利用其主动的聚怪效果，常用于记忆战场沉灵关卡。,5,280,27,http://www.3rdguide.com/web/arm/detail?id=29,http://static.3rdguide.com/image/data/uploads/all/201802/286c195bcea.png
3,重炮,3,坍陨之瞳,坍缩炮,5,275,29,http://www.3rdguide.com/web/arm/detail?id=282,http://static.3rdguide.com/image/data/uploads/all/202109/ad603eea553.png
3,重炮,3,碎星者·维克兰特,"彗星驱动可轻松提供长时间的虚弱效果，从而轻松触发武器被动的全队全伤加成。主动也常用于延迟牛顿（下）、叶采章套装，这使得增幅山吹也可作为元素辅助使用。除了增幅山吹，银狼使用时也有着不错的效果。
",5,275,27,http://www.3rdguide.com/web/arm/detail?id=214,http://static.3rdguide.com/image/data/uploads/all/201903/5f377799bb4.png
3,重炮,3,火刀·真田,黑鸭前期的毕业武器（无法超限百手时）。“多重制导导弹”最高15发提供了输出基础，主动极高的攻速加成，使得角色在脱离隐身后依旧能连续输出，补尾刀、压血线都非常好用。,5,275,34,http://www.3rdguide.com/web/arm/detail?id=30,http://static.3rdguide.com/image/data/uploads/all/201802/b5d460225c2.png
3,重炮,3,苍玄之书,活动限定火炮，基本一年UP一次，主动可切换3种武器形态，并以此触发3种不同的异常状态，可作为QTE触发器。,5,272,38,http://www.3rdguide.com/web/arm/detail?id=180,http://static.3rdguide.com/image/data/uploads/all/201808/e0abc956a1b.png
3,重炮,3,伊甸之星,一个暂无神之键BUFF的火炮武器,5,268,36,http://www.3rdguide.com/web/arm/detail?id=193,http://static.3rdguide.com/image/data/uploads/all/201809/5cc7e4a4363.png
3,重炮,3,5th圣遗物,号称“硬件杀手”，虽然要发挥“子母弹”的AOE效果，必须依赖群聚敌人，但目前十分不推荐对群聚敌人使用。随着雪地不再强力，该武器也基本失去了实战价值。,5,254,59,http://www.3rdguide.com/web/arm/detail?id=22,http://static.3rdguide.com/image/data/uploads/all/201802/ad277f61f18.png
3,重炮,3,独眼巨人初型,米高扬中央设计制造局设计的崩坏能重炮，其威力足以媲美天命和逆熵的最新型武器，向世界宣告“世界蛇”这个组织的存在！,5,248,43,http://www.3rdguide.com/web/arm/detail?id=115,http://static.3rdguide.com/image/data/uploads/all/201802/6b892a46742.png
3,重炮,3,吞噬火炮,天命组织将崩坏兽迦尼萨被吞噬后产生的最高机密样本附加于远程输出重装武器之上，该武器承载获得一定的生物特性加持。,5,239,22,http://www.3rdguide.com/web/arm/detail?id=118,http://static.3rdguide.com/image/data/uploads/all/201803/0ff5cce9b1e.png
3,重炮,3,游骑兵激光,曾活跃于西伯利亚的女武神晨昏小队的装备，属于队员查莉娅。负责支援的她一定在后悔，在和帝王级崩坏兽“苏摩”的战斗中，没能掩护好大家。,5,238,16,http://www.3rdguide.com/web/arm/detail?id=186,http://static.3rdguide.com/image/data/uploads/all/201903/eee9a4014b3.png
3,重炮,3,潜伏者加农,米高扬中央设计制造局设计的重装武器，其数据来源于实验体X-10的实验记录，“世界蛇”究竟是如何获得这些数据的…,5,234,28,http://www.3rdguide.com/web/arm/detail?id=117,http://static.3rdguide.com/image/data/uploads/all/201802/51868dac5d4.png
3,重炮,4,蓝色梦泡泡,布洛妮娅为实现与希儿的绀海之约，精心准备的大型气动喷射水枪。弹仓中灌满了来自鄂霍茨克海凉爽湛蓝的海水，每一发都能把沙滩上的敌人“消灭殆尽”。,5,232,10,http://www.3rdguide.com/web/arm/detail?id=218,http://static.3rdguide.com/image/data/uploads/all/201909/851354e024f.png
3,重炮,4,律动新星,崩坏世界的歌姬钟情的打碟机，复数的黑胶唱片在优秀的DJ手下能混奏出有如流星般动感的音乐。当然，没有什么能难倒布洛妮娅和她的助理重装小兔——就连把打碟机改造成粒子炮这样的小事也是。,5,232,10,http://www.3rdguide.com/web/arm/detail?id=201,http://static.3rdguide.com/image/data/uploads/all/201901/834f46f7b69.png
3,重炮,4,粽叶手弩,在神州文化中，粽籺最早是用来祭祀先祖和神灵的贡品，所以用它们来射击已经死去的死士难免有种微妙的感觉——但不管怎么说，这很有效果。,5,231,10,http://www.3rdguide.com/web/arm/detail?id=190,http://static.3rdguide.com/image/data/uploads/all/201809/34bfa95f357.png
3,重炮,4,阴极子炮07式,ME社现社长可可利亚开发的光束炮，可以分离出崩坏能粒子中的阴极子，将阴极子通过集中装置，形成光束射出后，可以冷冻目标。,4,188,3,http://www.3rdguide.com/web/arm/detail?id=104,http://static.3rdguide.com/image/data/uploads/all/201803/53acda068ed.png
3,重炮,4,阴极子炮09式,ME社现社长可可利亚开发的光束炮，可以分离出崩坏能粒子中的阴极子，将阴极子通过震动装置，形成光束射出后，可以麻痹目标的行动。,4,182,12,http://www.3rdguide.com/web/arm/detail?id=105,http://static.3rdguide.com/image/data/uploads/all/201802/710a31cc002.png
3,重炮,4,X-01青眼巨蟒,米高扬中央设计制造局设计的强力重炮，以传说中吞噬世界的巨蟒为名，代表着“世界蛇”征服一切的野心。,4,178,17,http://www.3rdguide.com/web/arm/detail?id=108,http://static.3rdguide.com/image/data/uploads/all/201802/2297b9abcfe.png
3,重炮,4,寒霜之雨,米高扬中央设计制造局制造的崩坏能重兵器，在制式的苏联冰霜喷射器，嵌入了崩坏能结晶碎片，大幅强化了原本武器的性能。,4,176,20,http://www.3rdguide.com/web/arm/detail?id=111,http://static.3rdguide.com/image/data/uploads/all/201802/5d695df7097.png
3,重炮,4,爱酱炮,2017年愚人节限定武器。跟我一起念：爱酱！强！无敌！,4,174,3,http://www.3rdguide.com/web/arm/detail?id=112,http://static.3rdguide.com/image/data/uploads/all/201802/41da0e7335f.png
3,重炮,4,突袭者分裂导弹,米高扬中央设计局设计的分裂导弹，炮弹中拥有崩坏吸附链，能够自动瞄准并锁定目标予以重创，在炮弹上，印着小小的蛇形图案。,4,169,29,http://www.3rdguide.com/web/arm/detail?id=107,http://static.3rdguide.com/image/data/uploads/all/201803/acb8aa23739.png
3,重炮,4,马尔科夫C型,米高扬中央设计制造局制造的崩坏能重兵器，在制式的苏联武器内部，嵌入了崩坏能结晶碎片，在炮管的内部，印着小小的蛇形标志。,4,169,29,http://www.3rdguide.com/web/arm/detail?id=103,http://static.3rdguide.com/image/data/uploads/all/201802/e01bc1763a9.png
3,重炮,5,合金·吞噬火炮,米高扬中央设计制造局仿作的吞噬火炮流通版，用于抵抗非终极规模的崩坏事件，其崩坏能足以匹敌吞噬火炮。,4,166,14,http://www.3rdguide.com/web/arm/detail?id=114,http://static.3rdguide.com/image/data/uploads/all/201803/fe1567b20ba.png
3,重炮,5,冰吼,这货没有冰冻元素伤害,4,166,34,http://www.3rdguide.com/web/arm/detail?id=109,http://static.3rdguide.com/image/data/uploads/all/201803/a083c7b5ea2.png
3,重炮,5,轩辕·脉冲火炮,为了帮助被蚩尤吞入肚中的布洛妮娅，姬麟的英灵通过轩辕剑的碎片，将力量附在了脉冲火炮上，使之获得了烈焰的力量。,4,165,16,http://www.3rdguide.com/web/arm/detail?id=110,http://static.3rdguide.com/image/data/uploads/all/201802/97a361d1772.png
3,重炮,5,合金·潜伏者加农,米高扬中央设计制造局仿作的潜伏者加农流通版，用于抵抗非终极规模的崩坏事件，其崩坏能足以匹敌潜伏者加农。,4,163,17,http://www.3rdguide.com/web/arm/detail?id=113,http://static.3rdguide.com/image/data/uploads/all/201802/1d0271b1796.png
3,重炮,5,马尔科夫A型,米高扬中央设计制造局制造的崩坏能重兵器，在制式的苏联武器内部，嵌入了崩坏能结晶碎片，其技术路线，既不属于天命也不属于逆熵。,4,163,38,http://www.3rdguide.com/web/arm/detail?id=102,http://static.3rdguide.com/image/data/uploads/all/201802/c07de67c0a1.png
3,重炮,5,试做型脉冲火炮,以SU系列为蓝本制作，鲜为人知的崩坏武器原型之一，可以陪伴主人共同成长，已知的最高记录是进化到稀有度4星。,4,146,29,http://www.3rdguide.com/web/arm/detail?id=106,http://static.3rdguide.com/image/data/uploads/all/201803/c6b3b171f3e.png
3,重炮,5,MiG-7激光炮,利用超导技术制造出的超导储能电流，产生高强度激光，从而定向发射激光束，直接毁伤目标或使之失效的武器。,3,128,2,http://www.3rdguide.com/web/arm/detail?id=101,http://static.3rdguide.com/image/data/uploads/all/201803/f53f9310194.png
3,重炮,5,MiG-13火箭炮,一种发射火箭弹的多发联装发射装置，最早由苏联在1933年研制成功并装备于苏联红军，1941年首次实战应用。,3,128,2,http://www.3rdguide.com/web/arm/detail?id=99,http://static.3rdguide.com/image/data/uploads/all/201808/d5f10072e2b.png
3,重炮,5,SU-30加农炮,可直瞄射击，炮弹膛口速度高的弹道低伸火炮，属地面炮兵的主要炮种之一。属于小口径型(75mm以下)。,3,121,14,http://www.3rdguide.com/web/arm/detail?id=97,http://static.3rdguide.com/image/data/uploads/all/201803/3b55ace9863.png
3,重炮,5,狂怒者重炮,苏联制作的重型火炮，适合于打击隐蔽目标和地面目标的野战武器，可以配用燃烧弹、榴弹、宣传弹等多种弹药，炮口径105mm。,3,114,25,http://www.3rdguide.com/web/arm/detail?id=189,http://static.3rdguide.com/image/data/uploads/all/201808/080988acb0e.png
3,重炮,6,MiG-11诱导弹,50年代中期起开始研制，发射重量523公斤，飞行马赫数0.85，实用高度16000米，最大射程620公里。,3,94,59,http://www.3rdguide.com/web/arm/detail?id=98,http://static.3rdguide.com/image/data/uploads/all/201808/15d9c1e12e2.png
3,重炮,6,SU-22榴弹炮,适合于打击隐蔽目标和地面目标的野战武器，可以配用燃烧弹、榴弹、宣传弹等多种弹药，炮口径105mm。,2,76,8,http://www.3rdguide.com/web/arm/detail?id=96,http://static.3rdguide.com/image/data/uploads/all/201803/52b53b8d504.png
4,大剑,1,劫灭无烬,进一步强化了S阶真红的综合作战能力，现在S阶真红+超限劫灭，和原本SS阶真红+老劫灭的输出差不多，适用范围更广了。特别的，对于真红来说，超限劫灭的二段主动副作用严重，基本不会使用。但对于部分大剑角色而言，却可以很好地弥补伤害：如战场BOSS月魂，莉莉娅、深红等角色，便可劫灭一段+二段，直接秒杀月魂。,6,420,20,http://www.3rdguide.com/web/arm/detail?id=251,http://static.3rdguide.com/image/data/uploads/all/202008/83e881ff393.png
4,大剑,1,睡美人之梦,狂热蓝调的专属超限大剑。使用武器主动后会对自己造成伤害，狂热蓝调此时可释放必杀技弹反该伤害，从而轻松打出完美弹反，主动性大幅提升（不一定要怪攻击）。除此之外，还能强化角色进入“狂热状态”时的物理伤害，并回复SP，综合性强。,6,404,55,http://www.3rdguide.com/web/arm/detail?id=252,http://static.3rdguide.com/image/data/uploads/all/202009/2e50eecaa91.png
4,大剑,1,涅炎剑·史尔特尔,为玫瑰量身定做的超限武器，可全程维持点燃状态（只要敌人不是免疫点燃）。并且还能快速压低血线，触发玫瑰的被动增伤，启动速度显著加快。最后，其主动附带的护盾不但能够减少大量伤害，存在期间玫瑰的大招还不会消耗生命，生存能力显著提升。,6,393,43,http://www.3rdguide.com/web/arm/detail?id=250,http://static.3rdguide.com/image/data/uploads/all/202008/b6b6dc02ff7.png
4,大剑,1,劫灭,女武神劫灭，真红的翻身必备武器。初始SP，超高倍率的主动，全伤加成，各个属性都完美补足了真红的不足。玫瑰也可使用，可惜大部分环境下不如神陨剑（因为玫瑰没有衔接优化，并且开大时无法使用）,5,298,13,http://www.3rdguide.com/web/arm/detail?id=229,http://static.3rdguide.com/image/data/uploads/all/201910/0f9902d7e47.png
4,大剑,1,牛鬼切·长光,疾风的好玩具，特效十足。有拿来打破盾的潜力，但目前缺少使用环境。,5,289,17,http://www.3rdguide.com/web/arm/detail?id=39,http://static.3rdguide.com/image/data/uploads/all/201801/9346cb4536e.png
4,大剑,1,极光斩舰刀,不知道从哪里整来的复古武器，系兄弟就来kan我，主动可提供雷电易伤，但数值偏低，且远不如血舞好用。,5,289,17,http://www.3rdguide.com/web/arm/detail?id=37,http://static.3rdguide.com/image/data/uploads/all/201801/a9e05d4f2cf.png
4,大剑,1,鲜血之舞,女武神·鲜血之舞，凭借其极高的元素易伤效果活跃至今，易伤效果强力且持续时间长，以至于各类大剑角色都逃脱不了血舞发射器的命运。缺点是敌人会因此狂暴（变皮），操作难度会有所上升。,5,289,17,http://www.3rdguide.com/web/arm/detail?id=35,http://static.3rdguide.com/image/data/uploads/all/201801/dab6a7a001d.png
4,大剑,1,巴鲁蒙格,附伤类武器，目前的主要使用者为樱桃炸弹，对比睡美人差距还是比较明显的，因此不建议升级。,5,285,32,http://www.3rdguide.com/web/arm/detail?id=40,http://static.3rdguide.com/image/data/uploads/all/201801/659a40a41f8.png
4,大剑,1,神火试炼,同神陨剑，为双被动设计，最为适合：玫瑰。但由于缺乏无限制加伤，对于真红来说是不如神陨剑的。,5,283,24,http://www.3rdguide.com/web/arm/detail?id=238,http://static.3rdguide.com/image/data/uploads/all/202003/f4ff5fbaf3d.png
4,大剑,1,睡美人,樱桃炸弹完美的毕业武器，主动加伤并提供非常重要的暴击率加成，伤害更加稳定；被动的高额附加伤害可显著提升角色的总输出。蓝莓特攻在打蓄力爆发时，也可使用该武器。,5,283,24,http://www.3rdguide.com/web/arm/detail?id=216,http://static.3rdguide.com/image/data/uploads/all/201904/93b6ce64a59.png
4,大剑,2,日炎大剑,玫瑰、真红的过渡武器，加成一般，不推荐升级，35级将就过渡即可。,5,280,27,http://www.3rdguide.com/web/arm/detail?id=36,http://static.3rdguide.com/image/data/uploads/all/201801/0f8108a8730.png
4,大剑,2,赫朗格尼尔,极地战刃标准的毕业武器，但该角色基本为冰系辅助（SS阶），是优秀的血舞发射器。武器被动提供无限制的25%全伤，但是和其它专属毕业武器相差甚远，仅建议35级将就着使用，用于过渡。,5,278,27,http://www.3rdguide.com/web/arm/detail?id=178,http://static.3rdguide.com/image/data/uploads/all/201808/e0ee03fca37.png
4,大剑,2,轩辕剑,活动限定大剑，基本一年UP一次，主动华而不实，用处不大，被动加伤限定蓄力，大剑角色并非都依靠蓄力输出，因此适用范围较小。主要价值在于全角色攻击力+10,5,276,32,http://www.3rdguide.com/web/arm/detail?id=179,http://static.3rdguide.com/image/data/uploads/all/201808/d8db7e5c6e4.png
4,大剑,2,神陨剑·史尔特尔,玫瑰标准的毕业武器，双被动的设计十分契合玫瑰开大爆发的输出模式（轻松触发被动加伤，并且节省SP）。真红在没有劫灭时，可用于过渡。,5,275,27,http://www.3rdguide.com/web/arm/detail?id=198,http://static.3rdguide.com/image/data/uploads/all/201811/e49bf11bee8.png
4,大剑,2,天鹅湖,蓝莓特攻标准的毕业武器，主动可用于辅助姐姐（樱桃炸弹），提供脆弱；被动可用于自身输出，打连续的大招弹反。其它角色基本不会使用。,5,274,31,http://www.3rdguide.com/web/arm/detail?id=215,http://static.3rdguide.com/image/data/uploads/all/201904/8174f669c8f.png
4,大剑,2,尼德霍格翼爪,全村最优秀的玩具，“电锯”的称号名不虚传。,5,272,38,http://www.3rdguide.com/web/arm/detail?id=33,http://static.3rdguide.com/image/data/uploads/all/201802/1df197e551f.png
4,大剑,2,魔龙之脊,逆熵用在上古崩坏兽蚩尤体内采集到的骨髓制作的大剑，被称为魔龙的蚩尤，其庞大的身躯，如今还沉睡在海底的深处。,5,271,16,http://www.3rdguide.com/web/arm/detail?id=137,http://static.3rdguide.com/image/data/uploads/all/201802/7ef542503c7.png
4,大剑,2,天火大剑,无优秀大剑使用时，常用来作为通用地图装使用。,5,270,33,http://www.3rdguide.com/web/arm/detail?id=211,http://static.3rdguide.com/image/data/uploads/all/201903/11874670090.png
4,大剑,2,黎明审判,原先是输出类大剑，而现在仅能作为脆弱触发器（而且还不稳定），使用的环境非常少。,5,268,42,http://www.3rdguide.com/web/arm/detail?id=138,http://static.3rdguide.com/image/data/uploads/all/201802/21bad79536e.png
4,大剑,2,7th圣遗物,一个被遗忘的圣遗物大剑，主动鸡肋，被动难以触发且无强力适配角色。基本无实战价值，抽到就当开图鉴了。,5,263,48,http://www.3rdguide.com/web/arm/detail?id=34,http://static.3rdguide.com/image/data/uploads/all/201801/48a03692665.png
4,大剑,3,黑轩辕剑,战场极限竞速时使用，可提供稳定的全局时空，以获得时空分的提升。,5,250,25,http://www.3rdguide.com/web/arm/detail?id=139,http://static.3rdguide.com/image/data/uploads/all/201803/e18bb112850.png
4,大剑,3,背叛者巨剑,米高扬中央设计制造局设计的大剑，其数据来源于实验体X-10的实验记录，“世界蛇”究竟是如何获得这些数据的…,5,245,15,http://www.3rdguide.com/web/arm/detail?id=141,http://static.3rdguide.com/image/data/uploads/all/201802/18c8957fe63.png
4,大剑,3,游骑兵锯齿,曾活跃于西伯利亚的女武神晨昏小队的装备，属于小队的队长薇切恩。她一直身先士卒，这把大剑撕碎了无数的崩坏兽外壳。,5,243,12,http://www.3rdguide.com/web/arm/detail?id=188,http://static.3rdguide.com/image/data/uploads/all/201903/6dbf9bf3912.png
4,大剑,3,天父大剑,天命组织用天父掉落的火属性崩坏能的未知矿石打造的武器，崩坏能缠绕在大剑的剑身上，产生强烈的热能。,5,234,28,http://www.3rdguide.com/web/arm/detail?id=140,http://static.3rdguide.com/image/data/uploads/all/201802/e16f0da67c6.png
4,大剑,3,超重剑·王蛇,曾经的女武神冲锋队中，队长拉格纳专用的巨剑。拉格纳曾是姬子的老师，但在6年前的某一次崩坏中，她和其他队员都被某个人杀死了…,4,185,7,http://www.3rdguide.com/web/arm/detail?id=128,http://static.3rdguide.com/image/data/uploads/all/201802/d6cf219cac3.png
4,大剑,3,超重剑·冲锋,女武神部队中，曾经有一支冲锋队，队伍中的每个队员都手执巨剑，冲在对抗崩坏的最前线，在6年前，姬子也是这支小队的一员...,4,183,10,http://www.3rdguide.com/web/arm/detail?id=126,http://static.3rdguide.com/image/data/uploads/all/201802/f80ded967d9.png
4,大剑,3,爱酱锤,“喂，你刚才绝对又偷电打游戏了吧？”“姬……姬子少校，请原谅爱酱！”至于结果已经很明朗了。,4,182,19,http://www.3rdguide.com/web/arm/detail?id=134,http://static.3rdguide.com/image/data/uploads/all/201802/c4028c0d5ad.png
4,大剑,3,深紫骑士,米高扬中央设计制造局制造的崩坏能动力剑，可以一口气释放出剑身内的崩坏能形成强大的冲击波，击飞前方的敌人。,4,178,17,http://www.3rdguide.com/web/arm/detail?id=131,http://static.3rdguide.com/image/data/uploads/all/201802/8542a2a68f9.png
4,大剑,3,链齿大剑,米高扬中央设计局参考锯齿大剑利用崩坏能粒子驱动剑身锯齿的特性制造的泛用性大剑武装，为可可利亚亲卫队近接作战部队的标配武器之一。,4,173,24,http://www.3rdguide.com/web/arm/detail?id=133,http://static.3rdguide.com/image/data/uploads/all/201802/b42442a39ca.png
4,大剑,3,电离共振剑,逆熵盟主秘密要求ME社开发的大剑，可以用闪电攻击周围的敌人，这把秘密的武器，究竟是为了谁而开发的...？,4,171,27,http://www.3rdguide.com/web/arm/detail?id=127,http://static.3rdguide.com/image/data/uploads/all/201802/d0c298cd338.png
4,大剑,4,合金·背叛者巨剑,米高扬中央设计制造局设计的背叛者巨剑流通版，成功复制出了90%的背叛者巨剑的性能。,4,169,10,http://www.3rdguide.com/web/arm/detail?id=136,http://static.3rdguide.com/image/data/uploads/all/201802/66ea9bc3831.png
4,大剑,4,氮素结晶剑,逆熵盟主秘密要求ME社开发的大剑，能一击击碎厚实的坚冰。其存在就连现任ME社社长可可利亚都不知道。,4,168,31,http://www.3rdguide.com/web/arm/detail?id=125,http://static.3rdguide.com/image/data/uploads/all/201802/76d16d792e1.png
4,大剑,4,异端审问会火炬,熊熊的烈焰，烧尽一切。,4,165,16,http://www.3rdguide.com/web/arm/detail?id=130,http://static.3rdguide.com/image/data/uploads/all/201802/2ba14c69096.png
4,大剑,4,合金·天父大剑,天命组织用自研的火属性崩坏能矿石，仿造天父大剑打造的武器，其所拥有的威力无限接近天父大剑。,4,163,17,http://www.3rdguide.com/web/arm/detail?id=135,http://static.3rdguide.com/image/data/uploads/all/201802/3cc06b8192c.png
4,大剑,4,试做型脉冲大剑,以女武神大剑为蓝本制作，鲜为人知的崩坏武器原型之一，可以陪伴主人共同成长，已知的最高记录是进化到稀有度4星。,4,153,19,http://www.3rdguide.com/web/arm/detail?id=129,http://static.3rdguide.com/image/data/uploads/all/201802/2116a157570.png
4,大剑,4,混种大剑16式,混种大剑拥有骑士剑的“突刺”和斩剑的“砍劈”以及阔剑的“顺手”。在熟练的战士手中，可以发挥出巨大的威力。,3,126,5,http://www.3rdguide.com/web/arm/detail?id=123,http://static.3rdguide.com/image/data/uploads/all/201802/244989edd1c.png
4,大剑,4,融核动力剑·改,米高扬中央设计制造局制造的重剑，强化了剑柄上的小型崩坏能融炉的性能，在解开限制闸的一刻，可以爆发出媲美小型核爆的威力。,3,124,9,http://www.3rdguide.com/web/arm/detail?id=122,http://static.3rdguide.com/image/data/uploads/all/201802/65d7f0520ba.png
4,大剑,4,能量大剑,圣7308研究所为女武神设计的标准大剑，在老型号大剑的基础上，强化了剑身内的崩坏能强度，相应的，剑身也会透出崩坏能的紫光。,3,122,12,http://www.3rdguide.com/web/arm/detail?id=121,http://static.3rdguide.com/image/data/uploads/all/201802/ef7b188ba0e.png
4,大剑,4,融核动力剑初型,米高扬中央设计制造局制造的重剑，剑柄上小型的崩坏能融炉是由老式的苏制核融炉改造成的。,3,121,14,http://www.3rdguide.com/web/arm/detail?id=120,http://static.3rdguide.com/image/data/uploads/all/201802/fcf9d05dcf0.png
4,大剑,4,绯红皇后,米高扬中央设计制造局制造的崩坏能动力剑，剑身中过载的崩坏能在大幅强化使用者的同时，也会对使用者造成巨大的身体负担。,4,120,15,http://www.3rdguide.com/web/arm/detail?id=132,http://static.3rdguide.com/image/data/uploads/all/201802/7173f415e18.png
4,大剑,5,混种大剑27式,混种大剑拥有骑士剑的“突刺”和斩剑的“砍劈”以及阔剑的“顺手”。只有强大的战士才能熟练的使用它。,3,116,23,http://www.3rdguide.com/web/arm/detail?id=124,http://static.3rdguide.com/image/data/uploads/all/201802/05b4b3a5817.png
4,大剑,5,大剑,无量塔姬子爱用的大剑，型号有点老了，虽然性能不算优秀，但是这把大剑在姬子成为女武神之前，就在陪伴着她了。,2,78,6,http://www.3rdguide.com/web/arm/detail?id=119,http://static.3rdguide.com/image/data/uploads/all/201803/6cc693d24fd.png
5,十字架,1,往世的蛇影·死之衣,超限蛇蛇,6,428,29,http://www.3rdguide.com/web/arm/detail?id=285,http://static.3rdguide.com/image/data/uploads/all/202109/2ef2017cc96.png
5,十字架,1,冥夜之赫卡忒,超限极夜,6,404,53,http://www.3rdguide.com/web/arm/detail?id=288,http://static.3rdguide.com/image/data/uploads/all/202111/662a2275b64.png
5,十字架,1,樱花的救赎,对冰律BOSS专用宝具，光速破盾，搭配屠格涅夫还能稳定施加BUFF。考虑到武器本身造价不高，且超限50级就能用，因此还是推荐锻造一把的。,6,398,39,http://www.3rdguide.com/web/arm/detail?id=265,http://static.3rdguide.com/image/data/uploads/all/202103/1e891e4173b.png
5,十字架,1,11th原典,神恩完美的毕业武器，优先度极高的超限武器，除了更高的暴击率提升，最为关键的是：显著加快了神恩的SP充能速度，不再为SP不足而头疼。现在在记忆战场中也可轻松开出大招，深渊中基本能无限循环。,6,395,60,http://www.3rdguide.com/web/arm/detail?id=228,http://static.3rdguide.com/image/data/uploads/all/201910/b52e514f79e.png
5,十字架,1,往世的星空·心之彩,非常适合格蕾修使用的十字架武器，虽然在战斗中她会用颜料作为进攻手段~,6,392,56,http://www.3rdguide.com/web/arm/detail?id=304,http://static.3rdguide.com/image/data/uploads/all/202206/da0d90dd77a.png
5,十字架,1,锦筝叹,最为契合观星的十字架，0SP消耗，并且能够进一步提升后台QTE→大招的辅助能力。该武器主动的范围极大，对主C站位基本无要求。,5,296,15,http://www.3rdguide.com/web/arm/detail?id=243,http://static.3rdguide.com/image/data/uploads/all/202005/e402a66e95d.png
5,十字架,1,往世的蛇影,蛇蛇,5,286,22,http://www.3rdguide.com/web/arm/detail?id=284,http://static.3rdguide.com/image/data/uploads/all/202109/424701bf784.png
5,十字架,1,往世的星空,繁星·绘世之卷推荐武器,5,285,22,http://www.3rdguide.com/web/arm/detail?id=303,http://static.3rdguide.com/image/data/uploads/all/202206/5a15fde1c70.png
5,十字架,1,犹大的誓约,女武神·犹大，原先十分强力的雷伤武器，随着版本各属性的提升，其固伤的弊端逐渐显露。现在通常作为副C，并结合卡拉瓦乔（上、中），提供元素辅助。·,5,276,32,http://www.3rdguide.com/web/arm/detail?id=41,http://static.3rdguide.com/image/data/uploads/all/201801/56c3c1da15c.png
5,十字架,1,晓月镇魂歌,神赐予这个世界光明，圣光引导人类前进的道路。然而，当过于耀眼的光芒开始灼伤人类的时候，能够保护他们的，就只有暗夜的帷幕。,5,275,27,http://www.3rdguide.com/web/arm/detail?id=191,http://static.3rdguide.com/image/data/uploads/all/201811/c80000cfe24.png
5,十字架,2,埃琉德尼尔,俗称晕架，目前眩晕控制基本被边缘化（大部分BOSS免疫，无角色必须依赖眩晕加伤），因此基本不会使用。,5,275,36,http://www.3rdguide.com/web/arm/detail?id=163,http://static.3rdguide.com/image/data/uploads/all/201803/c5a85789742.png
5,十字架,2,11th圣遗物,神恩标准的毕业武器，可提供稳定的暴击率加成和一定的生命回复，是原典的前置要素（解锁图鉴）。原典相较其提升非常明显，十分建议超限。,5,274,41,http://www.3rdguide.com/web/arm/detail?id=44,http://static.3rdguide.com/image/data/uploads/all/201803/ccc07ace196.png
5,十字架,2,超维☆奏鸣曲,樱火轮舞标准的毕业武器（不是樱犹），可显著增强角色爆发状态下的输出能力。主动可提供一定元素加成，因此也可作为元素辅助武器使用。,5,271,38,http://www.3rdguide.com/web/arm/detail?id=171,http://static.3rdguide.com/image/data/uploads/all/201807/7dd0c2170ab.png
5,十字架,2,银色切割者,增幅紫苑的下位替代武器，由于紫苑常常搭配彗星驱动（增幅山吹），可保持全程虚弱效果，直接触发武器被动加伤，因此算是不错的下位替代武器。,5,268,29,http://www.3rdguide.com/web/arm/detail?id=152,http://static.3rdguide.com/image/data/uploads/all/201802/9f9c3bed707.png
5,十字架,2,仿犹大·血之拥抱,月下初拥标准的毕业武器，主动有不错的破盾效果并提供流血异常，被动对流血敌人增加物伤。对于增幅紫苑来说，可暂时作为过渡武器。,5,265,46,http://www.3rdguide.com/web/arm/detail?id=42,http://static.3rdguide.com/image/data/uploads/all/201801/1a421a3291e.png
5,十字架,2,极夜之赫卡忒,增幅紫苑完美的毕业武器，除了被动的综合加伤，主动能够快速增加连击数，以启动角色的被动攻速加成，以及蓄力终结技的叠加层数。,5,264,40,http://www.3rdguide.com/web/arm/detail?id=222,http://static.3rdguide.com/image/data/uploads/all/201908/f6e430b5b98.png
5,十字架,2,樱花的誓约,假的樱火轮舞毕业武器，虽然和灵刀一样可以加快标记叠加的速度，但樱火的常态输出能力偏弱，且爆发期间也无需武器来提供额外标记（普攻一套就能叠满），因此基本没有实战价值。,5,257,53,http://www.3rdguide.com/web/arm/detail?id=43,http://static.3rdguide.com/image/data/uploads/all/201801/ac9a60da318.png
5,十字架,2,游骑兵十字架,可用于辅助叠加点燃积蓄槽，常用于记忆战场中的月魂关卡。,5,240,20,http://www.3rdguide.com/web/arm/detail?id=187,http://static.3rdguide.com/image/data/uploads/all/201903/ff6d153f16a.png
5,十字架,2,杰克灯笼,“迷途的少女唷，欢迎来到我的庄园。不管是南瓜还是糖果，敞开肚子吃个够吧。”德丽莎·弗兰肯斯坦如是说。,5,226,22,http://www.3rdguide.com/web/arm/detail?id=153,http://static.3rdguide.com/image/data/uploads/all/201803/b53d10a8f4d.png
5,十字架,2,火天使,天命总部研发部设计的十字架形武器，在十字架内植入了帝王级崩坏兽拉杰尔的核心，可以发出强大的火焰之力。,4,185,10,http://www.3rdguide.com/web/arm/detail?id=149,http://static.3rdguide.com/image/data/uploads/all/201802/f1a20c50b39.png
5,十字架,3,黑色粉碎者,米高扬中央设计局制造的十字架形武器，在展开后，会对附近区域进行自动攻击，将区域内的一切都碾碎成粉末。,4,182,12,http://www.3rdguide.com/web/arm/detail?id=148,http://static.3rdguide.com/image/data/uploads/all/201803/7cc98fe79ef.png
5,十字架,3,爱酱糖,德丽莎学园长~今年的儿童节礼物，是想要巧克力？苹果糖？还是爱酱呢(害羞)？,4,178,17,http://www.3rdguide.com/web/arm/detail?id=151,http://static.3rdguide.com/image/data/uploads/all/201802/cdb9d880aba.png
5,十字架,3,雷天使,天命总部研发部设计的十字架形武器，在十字架内植入了帝王级崩坏兽雷米尔的核心，可以发出强大的雷电之力。,4,168,31,http://www.3rdguide.com/web/arm/detail?id=150,http://static.3rdguide.com/image/data/uploads/all/201802/dc1355aa39e.png
5,十字架,3,破甲弹发射台,苏联制的小型破甲弹发射台，轻量化处理之后仍旧有235公斤的重量，也只有某个怪力修女会背着它乱跑了…,3,128,2,http://www.3rdguide.com/web/arm/detail?id=145,http://static.3rdguide.com/image/data/uploads/all/201803/4f020ed2108.png
5,十字架,3,烈火之誓,圣7308研究所为德丽莎设计的十字架形武器，在十字架内，将崩坏能进行转换成火焰能量，并用这种能量协助女武神战斗。,3,123,10,http://www.3rdguide.com/web/arm/detail?id=147,http://static.3rdguide.com/image/data/uploads/all/201802/73764cd53b9.png
5,十字架,3,十字架·冰弹,改良后的十字架形自律机枪，可以发射冰弹来冻伤敌人，比普通的十字架更强力，但是德丽莎仍旧只是用来砸向敌人…,3,121,14,http://www.3rdguide.com/web/arm/detail?id=143,http://static.3rdguide.com/image/data/uploads/all/201803/2e46cf72c13.png
5,十字架,3,冰霜之誓,圣7308研究所为德丽莎设计的十字架形武器，在十字架内，将崩坏能进行转换成冷冻能量，并用这种能量协助女武神战斗。,3,116,50,http://www.3rdguide.com/web/arm/detail?id=146,http://static.3rdguide.com/image/data/uploads/all/201802/cf3b8f5ae6d.png
5,十字架,3,火焰弹发射台,苏联制的小型燃烧弹发射台，轻量化处理之后仍旧有250公斤的重量，也只有某个怪力修女会背着它乱跑了…,3,102,55,http://www.3rdguide.com/web/arm/detail?id=144,http://static.3rdguide.com/image/data/uploads/all/201803/b33d68161dd.png
5,十字架,3,十字架,天命组织开发的十字架形自律机枪，可以发射对崩坏兽用的银弹，但是德丽莎似乎更愿意用来砸向敌人…,2,76,8,http://www.3rdguide.com/web/arm/detail?id=142,http://static.3rdguide.com/image/data/uploads/all/201803/5ca2cebd1e2.png
6,拳套,1,拂手阴晴,超限后的袖缠云，被动1的全伤加成简单直接，基本可以默认为常驻效果。被动2可以提供额外的SP回复，不过按目前的输出流程来看，基本都是云墨享受这一加成（除非第一个大让队友先开）。但谁充能不是充呢，云墨也缺SP的，所以不用刻意纠结。,6,431,27,http://www.3rdguide.com/web/arm/detail?id=274,http://static.3rdguide.com/image/data/uploads/all/202106/d8c0ba65c73.png
6,拳套,1,千翎湮尘,好看，但不算实用。输出型武器，但炽翎使用时，伤害仍难企及当前的主C角色；云墨使用时，大多数情况不如袖缠云（超限袖缠云差距更大）。一般来说，不推荐超限。,6,409,35,http://www.3rdguide.com/web/arm/detail?id=270,http://static.3rdguide.com/image/data/uploads/all/202104/7e3433dc228.png
6,拳套,1,无存之境：意识,识律专属武器，亦可给白夜使用（不适合云墨，无法触发戍边套加成）。高面板，强力SP回复，启动快，后台加伤，对于识律和白夜都有着很大的提升。,6,401,49,http://www.3rdguide.com/web/arm/detail?id=264,http://static.3rdguide.com/image/data/uploads/all/202102/f432efc1189.png
6,拳套,1,胧光之努亚达,雾都迅羽（迅雷）与月轮完美的毕业武器，对于月轮来说适配度很高，主动的流血效果与爆发状态的额外伤害都非常搭。其余的加成通用且综合，因此对于迅雷来说也是完美的毕业武器,6,382,55,http://www.3rdguide.com/web/arm/detail?id=230,http://static.3rdguide.com/image/data/uploads/all/201911/5f11306192f.png
6,拳套,1,奇迹咪啾,啾咪,5,298,13,http://www.3rdguide.com/web/arm/detail?id=287,http://static.3rdguide.com/image/data/uploads/all/202111/6d7a1f08ff2.png
6,拳套,1,羽渡尘,好看，特效机制独特，但实际价值为攻击力+10,5,298,13,http://www.3rdguide.com/web/arm/detail?id=262,http://static.3rdguide.com/image/data/uploads/all/202102/c5b2f807aa4.png
6,拳套,1,袖缠云,极为优秀的通用拳套，所有的符华角色均能使用，其中：云墨丹心、白夜执事、炽翎表现最优。主动可提供高额的SP回复，被动可自身加伤，亦可为队友加伤，综合能力强。,5,294,16,http://www.3rdguide.com/web/arm/detail?id=234,http://static.3rdguide.com/image/data/uploads/all/202001/233cc2942eb.png
6,拳套,1,无存之钥,无存之钥在未超限时，整体和袖缠云相差不大（辅助和输出），以SP回复为主，优点在于无需消耗额外SP。,5,291,19,http://www.3rdguide.com/web/arm/detail?id=263,http://static.3rdguide.com/image/data/uploads/all/202102/beac2e6a662.png
6,拳套,1,永暮双狼,白夜执事标准的毕业武器，武器主动提供附加伤害，被动提供物伤加成和暴击率加成，整体非常契合白夜的输出模式。也可给月轮使用，但综合强度不如超限断光。,5,283,24,http://www.3rdguide.com/web/arm/detail?id=168,http://static.3rdguide.com/image/data/uploads/all/201805/07242df3974.png
6,拳套,1,残火之鸢,炽翎的输出向武器，目前来说整体不如袖缠云。可用作元素拳套暂时过渡。,5,283,24,http://www.3rdguide.com/web/arm/detail?id=164,http://static.3rdguide.com/image/data/uploads/all/201805/02989f47459.png
6,拳套,2,断光之努亚达,月轮、迅雷标准的毕业武器，主动可提供流血效果，被动稳定雷伤提升。超限武器相较其提升明显，强度有保证。,5,279,32,http://www.3rdguide.com/web/arm/detail?id=159,http://static.3rdguide.com/image/data/uploads/all/201803/2ecaedb7c2d.png
6,拳套,2,太虚之握,强力且好用的地图神之键拳套，即可增加角色的全伤，也可用于触发时空QTE。,5,268,35,http://www.3rdguide.com/web/arm/detail?id=161,http://static.3rdguide.com/image/data/uploads/all/201803/5e0f5e9b819.png
6,拳套,2,百鸟问天,主动可以显著提升角色攻速，但目前最吃攻速的月轮已有超限断光，实用价值大幅降低，不推荐升级。,5,268,40,http://www.3rdguide.com/web/arm/detail?id=158,http://static.3rdguide.com/image/data/uploads/all/201803/995299328ff.png
6,拳套,2,星环漩涡,双狼的下位替代品，但由于目前攻击力的普遍上升，其强度甚至不如太虚，因此无需升级（锻造看图鉴需求）,5,257,23,http://www.3rdguide.com/web/arm/detail?id=160,http://static.3rdguide.com/image/data/uploads/all/201803/7ad6c85843a.png
6,拳套,2,游骑兵腕甲,可在编年史获得。在无法使用太虚之握，且没有其它蛋池武器的情况下，可用于替代。,5,245,11,http://www.3rdguide.com/web/arm/detail?id=185,http://static.3rdguide.com/image/data/uploads/all/201903/da805f1e903.png
6,拳套,2,教父霸王拳,"大气都为之撕裂，天地都为之颤抖，巨神族的愤怒寄宿于豪迈的双腕中，这即是泰坦之拳的完全形态---湮灭，在此一击
",5,230,11,http://www.3rdguide.com/web/arm/detail?id=169,http://static.3rdguide.com/image/data/uploads/all/201807/2b301e534f2.png
6,拳套,2,翠羽落花,辅助携带后，队友拾取血包时可获得全伤加成，一般用于极限竞速中，来弥补伤害的不足。,5,223,16,http://www.3rdguide.com/web/arm/detail?id=210,http://static.3rdguide.com/image/data/uploads/all/201903/0ec0a958af9.png
6,拳套,2,白星驱逐者,ME社研发的危险环境保护手套，精密的机械结构能够让作业员在高温、海底、甚至是真空环境下进行安全工作。但作为防护服来说，这幅手套肘部的装甲设计未免有些厚重，令人怀疑它真正的用途。,4,173,20,http://www.3rdguide.com/web/arm/detail?id=157,http://static.3rdguide.com/image/data/uploads/all/201803/8263d794093.png
6,拳套,2,CAS-X 圣徒,因为使用者死亡而遗留在战场上的“CAS-II 浪子”被天命组织回收后改造成的形态，编号中的X并非罗马数字10，而是代表“未知”的第24位英文字母。同时，天命也从中发现了米高扬中央设计制造局掌握的特殊技术。,4,172,21,http://www.3rdguide.com/web/arm/detail?id=156,http://static.3rdguide.com/image/data/uploads/all/201803/4073d31e3db.png
6,拳套,2,CAS-II 浪子,作战用突击钻桩（Combat Assault Stake），由米高扬中央设计制造局开发的臂铠型近战武装，“浪子”是系列的第二型号，手肘部位的多个反装甲冲击钻是其标志性武器。西伯利亚的士兵并非只有烈酒和刀枪，就算是空着双手的他们，也能成为最致命的凶器。,4,166,13,http://www.3rdguide.com/web/arm/detail?id=155,http://static.3rdguide.com/image/data/uploads/all/201803/8e8a7ebb0c3.png
6,拳套,3,防护腕甲,女武神部队统一配备的腕甲，由指虎与臂铠两部分组成，即使没有格斗经验的人也能够轻易上手。但作为武器而言，相对弱势的破坏力和攻击距离让它并不能成为一个泛用的选择。也许只有在合适的人手中，它才能发挥真正的威力。,2,78,8,http://www.3rdguide.com/web/arm/detail?id=154,http://static.3rdguide.com/image/data/uploads/all/201803/e53dd5d2ee6.png
7,镰刀,1,血渊之眸·如一,冰希的专属镰刀，不过并不比天霜斯卡蒂（超限冰镰刀）强出太多。主要优势在于主动的高额爆发与链爪控制，以及武器主动后的技能衔接。,6,444,17,http://www.3rdguide.com/web/arm/detail?id=269,http://static.3rdguide.com/image/data/uploads/all/202104/8d2742200ce.png
7,镰刀,1,裁星刃 双鱼座,缭乱星棘的推荐武器，这把镰刀部分继承了圣剑幽兰黛尔的力量。,6,415,39,http://www.3rdguide.com/web/arm/detail?id=294,http://static.3rdguide.com/image/data/uploads/all/202201/21784b2dce8.png
7,镰刀,1,彼岸之扉·连理,连理相比老彼岸，显著增强了角色的爆发能力，尤其是在彼岸双生使用时，蓄力开大蓄力可额外附加1400%的倍率，该效果在深渊中可能体感一般，但在记忆战场中则是立竿见影的。同时，幻海梦蝶也可选用该武器，来获得更高的爆发伤害。,6,412,41,http://www.3rdguide.com/web/arm/detail?id=257,http://static.3rdguide.com/image/data/uploads/all/202012/7a5981e734f.png
7,镰刀,1,天霜之斯卡蒂,月魂完美的毕业武器，附加伤害、冰冻加伤、对异能全伤，加伤十分综合，高额的SP充能使得月魂不再十分依赖SP回复词缀。其它镰刀角色使用时效果尚可，其中幻海梦蝶表现较好，契合度相对更高。,6,404,35,http://www.3rdguide.com/web/arm/detail?id=236,http://static.3rdguide.com/image/data/uploads/all/202003/51b47066921.png
7,镰刀,1,冥府携香,"彻底改变迷迭地位的一把超限武器，瞬间3层（满）印记+必杀技真时停，不但大幅增强了角色本身的输出能力；作为辅助和副C时，强度也有明显的提高。

过往的迷迭在使用时，必杀技一直是个比较鸡肋的技能，仅仅用于破量子盾。但现在由于享受到了真时停，不再浪费BUFF时间和分数。",6,401,39,http://www.3rdguide.com/web/arm/detail?id=275,http://static.3rdguide.com/image/data/uploads/all/202106/1bafd88e185.png
7,镰刀,1,星刃 白矮星,缭乱星棘推荐武器,5,300,12,http://www.3rdguide.com/web/arm/detail?id=293,http://static.3rdguide.com/image/data/uploads/all/202201/7425dd0c5a1.png
7,镰刀,1,血渊之眸,血渊之眸基础版，详细见超限血渊之眸。非超限情况下，伤害不如超限冰镰刀（斯卡蒂）。,5,299,12,http://www.3rdguide.com/web/arm/detail?id=268,http://static.3rdguide.com/image/data/uploads/all/202104/acf07ef68b0.png
7,镰刀,1,恒霜之斯卡蒂,月魂标准的毕业武器，虽然有着全伤加成，但也仅是一点全伤加成，其它角色使用时效果一般。超限武器相较其提升明显，强度有保证。,5,285,24,http://www.3rdguide.com/web/arm/detail?id=209,http://static.3rdguide.com/image/data/uploads/all/201901/8c0c2925cba.png
7,镰刀,1,阿芙洛狄忒,黯蔷薇标准的毕业武器，主动可在角色蓄力后使用，增强爆发能力；被动附加伤害且对机械敌人必定暴击，一般黯蔷薇也只用于针对机械敌人的战斗，因此十分契合。其它物理类镰刀角色可用其暂时过渡。,5,279,29,http://www.3rdguide.com/web/arm/detail?id=197,http://static.3rdguide.com/image/data/uploads/all/201811/b65994bec39.png
7,镰刀,1,彼岸之扉,彼岸双生完美的毕业武器，加伤综合且数值很高（远不是其它镰刀能比的）。并且，该武器也可供幻海梦蝶使用（圣痕需替换为爱迪爱），打快速爆发（童谣为持续爆发），瞬间伤害极高。,5,278,29,http://www.3rdguide.com/web/arm/detail?id=226,http://static.3rdguide.com/image/data/uploads/all/201910/8b24accfe4c.png
7,镰刀,2,安息鸢尾,失落迷迭的标配武器，可提供一定的自身加伤，与全队的全伤加成。由于角色定位为雷系辅助，因此并不算十分依赖该武器。有最好，没有的话问题也不大。,5,275,29,http://www.3rdguide.com/web/arm/detail?id=248,http://static.3rdguide.com/image/data/uploads/all/202008/139d8c63d6b.png
7,镰刀,2,童谣,幻海梦蝶最为常用的毕业武器，相较其它镰刀，综合性最佳。主动可提供高额爆发伤害，并增加动能，从而延长大招的持续时间。对于其它角色来说，加伤偏低，作用不大。,5,275,31,http://www.3rdguide.com/web/arm/detail?id=217,http://static.3rdguide.com/image/data/uploads/all/201906/7c9841b84e3.png
7,镰刀,2,基因收割者,影铁标准的毕业武器，主动可提供雷电附伤，被动依据移速提供稳定雷伤加成，角色极限闪避后有移速提升，因此还是比较契合的。其它镰刀角色基本不会使用。,5,275,30,http://www.3rdguide.com/web/arm/detail?id=203,http://static.3rdguide.com/image/data/uploads/all/201901/d9a8a461daf.png
7,镰刀,2,黑铁,ME社的试作型概念武器，由一份源头不明的订单委托制作。为了完成订单，ME社尝试了多种不同的切割技术，并制作出群青风暴、黑曜切割等试验样品。而这些技术最终的完成形态，就是这把危险的重型镰刀。,5,249,27,http://www.3rdguide.com/web/arm/detail?id=204,http://static.3rdguide.com/image/data/uploads/all/201901/9e995cc2a20.png
7,镰刀,2,零落,活动镰刀，无需结晶升级，常用的地图过渡装。,4,225,15,http://www.3rdguide.com/web/arm/detail?id=196,http://static.3rdguide.com/image/data/uploads/all/201903/1c6760620a7.png
7,镰刀,2,黑曜切割,ME社开发的巨镰武器试验样品，采用了ME社拥有专利的粒子振动技术。看似圆钝的镰刀头在启动后能一击割开钢板，其破坏力令人畏惧。,4,163,27,http://www.3rdguide.com/web/arm/detail?id=205,http://static.3rdguide.com/image/data/uploads/all/201901/cf525ee6a1c.png
7,镰刀,2,命运钟刻,"红王后陛下，快用你那无敌的命运钟刻想想办法啊！
不行，时间系能力很容易产生因果悖论，是非常危险的。",4,160,16,http://www.3rdguide.com/web/arm/detail?id=208,http://static.3rdguide.com/image/data/uploads/all/201901/b4b096ff7ec.png
7,镰刀,2,赤钢,ME社的泛用型概念武器，黑铁的量产型号。为了降低制作成本，减少了许多采用在试作型上的机能。,4,160,16,http://www.3rdguide.com/web/arm/detail?id=207,http://static.3rdguide.com/image/data/uploads/all/201901/61e6274af72.png
7,镰刀,2,群青风暴,ME社开发的巨镰武器试验样品，采用了ME社拥有专利的电子束切割技术。看似圆钝的镰刀头在启动后能一击割开钢板，其破坏力令人畏惧。,4,160,16,http://www.3rdguide.com/web/arm/detail?id=206,http://static.3rdguide.com/image/data/uploads/all/201901/a10c44c19a6.png
8,骑枪,1,子夜的阿塔吉娜,强力骑枪，天元骑英的正确选择~,6,436,23,http://www.3rdguide.com/web/arm/detail?id=292,http://static.3rdguide.com/image/data/uploads/all/202201/110b5172a7c.png
8,骑枪,1,黑渊白花·创灭螺旋,超限黑渊白花,6,431,27,http://www.3rdguide.com/web/arm/detail?id=278,http://static.3rdguide.com/image/data/uploads/all/202108/b6938667b84.png
8,骑枪,1,湛寂之赫勒尔,我就是要能量喷涌,6,415,31,http://www.3rdguide.com/web/arm/detail?id=286,http://static.3rdguide.com/image/data/uploads/all/202109/e62733ea438.png
8,骑枪,1,贯星枪 人马座,不灭星锚无可挑剔的专属武器，高面板，包含：火伤、火焰易伤，倍率等多重加成，蓄力+【星尘】的爆炸倍率更是高达2700%。一般不使用武器主动的投技，【星尘】靠必杀技附加就行。,6,415,16,http://www.3rdguide.com/web/arm/detail?id=254,http://static.3rdguide.com/image/data/uploads/all/202011/57966c93f03.png
8,骑枪,1,黑渊白花,一次牛逼的物理攻击，与劫灭不同，该武器自带真·时停特效，可以暂停场景内的其它动画、BUFF时长，因此非常容易吃到队友的高额BUFF加成，瞬间伤害极高。除了月魄，明日香在部分场景中，也能用不错的效果。非爆发情况下，武器主动可回复SP，实战中需要注意使用（角色开大会刷新CD，大可放心）。,5,298,19,http://www.3rdguide.com/web/arm/detail?id=267,http://static.3rdguide.com/image/data/uploads/all/202103/166c230e8d8.png
8,骑枪,1,子夜的黑光,天元骑英推荐武器。,5,287,11,http://www.3rdguide.com/web/arm/detail?id=291,http://static.3rdguide.com/image/data/uploads/all/202201/86768bfa0ae.png
8,骑枪,1,朗基努斯之枪,EVA联动武器，俗称“大号水果叉”，月魄用起来效果尚可（但肯定是不如专属的）。主要还是明日香使用，综合加伤且能依靠队友额外回复SP。武器的纪念意义较高。,5,287,21,http://www.3rdguide.com/web/arm/detail?id=259,http://static.3rdguide.com/image/data/uploads/all/202012/72529e15442.png
8,骑枪,1,调频噬能枪,性价比极高的黑核骑枪，武器属性会根据使用者改变，因此适合所有幽兰黛尔角色。,5,287,21,http://www.3rdguide.com/web/arm/detail?id=256,http://static.3rdguide.com/image/data/uploads/all/202011/8954f16a040.png
8,骑枪,1,星枪 主序星,弱化版的人马座，但对于不灭星锚来说。依旧是非超限武器的最佳选择。,5,287,11,http://www.3rdguide.com/web/arm/detail?id=255,http://static.3rdguide.com/image/data/uploads/all/202011/a86e457784c.png
8,骑枪,1,永寂之赫勒尔,月魄标准的毕业武器，被动显著提高暴击率，主动则一般在开大时使用，可提供高额爆发伤害。（没得选）,5,287,21,http://www.3rdguide.com/web/arm/detail?id=240,http://static.3rdguide.com/image/data/uploads/all/202004/1dd241dfca9.png
8,骑枪,2,晨曦荣辉,荣光标准的毕业武器，拥有高倍率的火伤投技主动，以及稳定的火伤加成，一把中规中矩的角色适配武器。,5,287,21,http://www.3rdguide.com/web/arm/detail?id=235,http://static.3rdguide.com/image/data/uploads/all/202003/777d9e7d703.png
8,骑枪,2,黑渊,肝物,5,275,29,http://www.3rdguide.com/web/arm/detail?id=279,http://static.3rdguide.com/image/data/uploads/all/202108/1f2fd9d32dc.png
8,骑枪,2,耀星,主动物理伤害，被动火伤加成。和荣光、月魄的专属相比，都有着较大差距。如果不追求强度的话，可以考虑一把顶两把用（不推荐）,5,275,29,http://www.3rdguide.com/web/arm/detail?id=237,http://static.3rdguide.com/image/data/uploads/all/202003/d469a2a9a16.png
8,骑枪,2,等离子长枪,逆熵采用等离子技术研制的骑枪，虽然看似缺少了用于突刺的尖刄，但却能通过电离效应在短时间内爆发出极强的穿透力。,4,161,28,http://www.3rdguide.com/web/arm/detail?id=241,http://static.3rdguide.com/image/data/uploads/all/202004/39255a6e397.png
8,骑枪,2,骑士枪,尖锐的长柄型兵器，一般在战斗中用于投掷和突刺。虽然枪身无锋，但若是使用得当，便可轻易刺穿对手的防御。,3,124,10,http://www.3rdguide.com/web/arm/detail?id=242,http://static.3rdguide.com/image/data/uploads/all/202004/2502135eb6d.png
9,弓箭,1,真我之境·无瑕回归,她将她的善，她的美，她的光，赠予那些新生的人类，为陌生的旅人带去了这份真我的希望。,6,441,19,http://www.3rdguide.com/web/arm/detail?id=310,http://static.3rdguide.com/image/data/uploads/all/202208/5b6b0e1fd22.png
9,弓箭,1,往世的飞花·爱之诗,大花花,6,412,41,http://www.3rdguide.com/web/arm/detail?id=281,http://static.3rdguide.com/image/data/uploads/all/202108/6dd496d1304.png
9,弓箭,1,真我之钥,她用她的箭，她的花，她的爱，唤醒这片枯萎的大地，在世界的尽头建造起那座无瑕的乐园。,5,299,12,http://www.3rdguide.com/web/arm/detail?id=309,http://static.3rdguide.com/image/data/uploads/all/202208/84d77d99946.png
9,弓箭,1,影夜栖羽,崩坏第一火弓,5,292,17,http://www.3rdguide.com/web/arm/detail?id=283,http://static.3rdguide.com/image/data/uploads/all/202109/84497250500.png
9,弓箭,1,蔚蓝耀斑,逆熵实验室最新研制的武装之一。,5,287,11,http://www.3rdguide.com/web/arm/detail?id=299,http://static.3rdguide.com/image/data/uploads/all/202203/987a4a1054a.png
9,弓箭,1,往世的飞花,花花,5,287,19,http://www.3rdguide.com/web/arm/detail?id=280,http://static.3rdguide.com/image/data/uploads/all/202108/624d17acb70.png
9,弓箭,1,幽夜华尔兹,皇女专属武器，相较肝物弓箭，幽夜华尔兹超高的额外倍率，可大幅提升角色的输出强度和爆发能力。同时也是皇女作为主C使用时的必备武器，没有的话还是辅助或是作为副C的好。,5,287,19,http://www.3rdguide.com/web/arm/detail?id=273,http://static.3rdguide.com/image/data/uploads/all/202106/a9e0f8b3690.png
9,弓箭,1,戴月鸦啼,五星肝物弓箭,5,283,21,http://www.3rdguide.com/web/arm/detail?id=272,http://static.3rdguide.com/image/data/uploads/all/202106/5584d1ebced.png
9,弓箭,1,轻弦,三星基础弓箭,3,127,7,http://www.3rdguide.com/web/arm/detail?id=271,http://static.3rdguide.com/image/data/uploads/all/202106/9cba1951cee.png
10,环刃,1,往世的苦囚·命之契,戒律·深罪之槛推荐武器,6,442,16,http://www.3rdguide.com/web/arm/detail?id=302,http://static.3rdguide.com/image/data/uploads/all/202204/16e356d800e.png
10,环刃,1,往世的幻梦·夜之瞳,空梦·掠集之兽的推荐武器，是亮闪闪的环刃~,6,436,16,http://www.3rdguide.com/web/arm/detail?id=296,http://static.3rdguide.com/image/data/uploads/all/202203/79a16f0881c.png
10,环刃,1,往世的苦囚,优美的环刃，拥有着华丽的纹路。,5,287,11,http://www.3rdguide.com/web/arm/detail?id=301,http://static.3rdguide.com/image/data/uploads/all/202204/1f46cc8200b.png
10,环刃,1,往世的幻梦,帕朵菲莉丝的推荐武器，灵巧的环刃武器。,5,283,13,http://www.3rdguide.com/web/arm/detail?id=295,http://static.3rdguide.com/image/data/uploads/all/202203/5249264b251.png
10,环刃,1,黯陨金秤,可通过锻造系统获取的环刃，外观精巧、一分为二时可以化作两柄弯刀。,5,272,21,http://www.3rdguide.com/web/arm/detail?id=297,http://static.3rdguide.com/image/data/uploads/all/202203/4dda24fa1b5.png
10,环刃,1,圆环双刃,轻便锋利，不同的人对它的使用方法也有所不同。,3,119,9,http://www.3rdguide.com/web/arm/detail?id=298,http://static.3rdguide.com/image/data/uploads/all/202203/1a8cea8833f.png
