页数,文章链接,文章标题,时间,来源,作者,浏览量
1,https://mp.weixin.qq.com/s/u39wM-uw_sGuMmYNIN7KiQ,金职院党委开展第30期夜学,2023-03-09,,,
1,https://www.jhc.cn/2023/0309/c4548a153425/page.htm,阿克苏地区教育考察团来金职院考察交流,2023-03-09,师范学院 ,陈诗  摄影  郑胜杰,115
1,https://www.jhc.cn/2023/0309/c4548a153377/page.htm,金职院召开2023年继续教育工作部署会,2023-03-09,继续教育处,陈泓伊,11
1,https://mp.weixin.qq.com/s/4JA9_cbjw-rTr2Q8Xx5nkw,春风化雨  盼樱成林——金职院开展2023年植树节活动,2023-03-08,,,
1,https://www.jhc.cn/2023/0306/c4548a153245/page.htm,金职院教育发展基金会再次获评浙江省5A级社会组织,2023-03-06,校友办,王宏艳,10
1,https://www.jhc.cn/2023/0306/c4548a153226/page.htm,学思践悟二十大，砥砺奋进新时代——开学第一课，校长梁克东这样寄语金职学子,2023-03-06,宣传统战部（文化育人办公室）,王璐 摄影 王天 胡宇翔 胡云莺等,10
1,https://mp.weixin.qq.com/s/kpNzsYxCFfVP5v_X2Sx-tw,金职院召开党委专题会议暨2022年度双高建设总结及2023年任务部署会,2023-03-05,,,
1,https://www.jhc.cn/2023/0305/c4548a153178/page.htm,金职院召开创新创业工作及国家级创新创业学院建设专题研讨会,2023-03-05,创业学院,​   程立珂  摄影 王天,10
1,https://www.jhc.cn/2023/0304/c4548a153177/page.htm,金职院召开党委专题会议传达学习贯彻党的二十届二中全会精神,2023-03-05,学校办公室,王升  摄影  王天,16
1,https://www.jhc.cn/2023/0304/c4548a153164/page.htm,金职院召开附属医院项目建设工作推进会,2023-03-04,医学院,王小兵  摄影  郑胜杰,21
1,https://www.jhc.cn/2023/0303/c4548a153149/page.htm,校长梁克东在2023年全省教育系统大会上作典型发言,2023-03-03,宣传统战部（文化育人办公室）,,10
1,https://www.jhc.cn/2023/0303/c4548a153150/page.htm,艺术创意学院教师喜获第二届全国工业设计职业技能大赛“包装设计师”赛项三等奖,2023-03-03,艺术创意学院,徐琛,11
1,https://www.jhc.cn/2023/0224/c4548a152957/page.htm,金职院召开新学期教学工作会议,2023-02-27,教务处,卢进,13
1,https://www.jhc.cn/2023/0223/c4548a152873/page.htm,金职院召开“金职菁英学堂”调研成果汇报会,2023-02-23,金职菁英学堂,余俊帅,25
2,https://www.jhc.cn/2023/0222/c4548a152827/page.htm,金职院举办中层干部学习贯彻党的二十大精神专题培训班,2023-02-22,组织部,姜伟仁,64
2,https://www.jhc.cn/2023/0219/c4548a152734/page.htm,金职院召开2023年教职工大会暨职业本科申办动员会和学习贯彻党的二十大精神培训开班仪式,2023-02-19,宣传统战部（文化育人办公室）,周飞腾  摄影   郑胜杰,46
2,https://www.jhc.cn/2023/0219/c4548a152733/page.htm,校长梁克东一行拜访卢旺达共和国驻华大使馆   ,2023-02-19,国合处,李宇圣  金晓,12
2,https://mp.weixin.qq.com/s/Z3pLQ4cBxBjXKvbHwTGULw,金职院在北京承办高等职业教育中外合作办学研讨会,2023-02-17,,,
2,https://www.jhc.cn/2023/0211/c4548a152573/page.htm,金职院党委召开第六轮巡察反馈会议,2023-02-11,巡察办,谢华,10
2,https://mp.weixin.qq.com/s/Qnb2KV_FR6QNayaSsYW0WA,走一线 听心声——校领导深入食堂检查指导,2023-02-10,,,
2,https://www.jhc.cn/2023/0209/c4548a152533/page.htm,遵义职业技术学院中层领导干部培训在金职院举行,2023-02-09,商学院,陈晓威,10
2,https://www.jhc.cn/2023/0207/c4548a152505/page.htm,金华市公安局来金职院调研安全稳定工作,2023-02-07,保卫处,李飞   摄影  郑胜杰,275
2,https://www.jhc.cn/2023/0204/c4548a152494/page.htm,金职院党委领导班子召开2022年度民主生活会,2023-02-04,组织部,周孝强  摄影  郑胜杰,86
2,https://mp.weixin.qq.com/s/N6P7TndsHpJtS8-FQ6gtYQ,金华职业技术学院武义学院正式开工！,2023-01-31,,,
2,https://mp.weixin.qq.com/s/amNw_jwLrXz6xTne4qxhVA,新春送祝福，关怀暖人心——校领导看望慰问春节在岗教职工和留学生,2023-01-22,,,
2,https://mp.weixin.qq.com/s/6J9UnlpqyWSDIokf9Ibrug,砥砺奋进高水平，团结奋斗向未来——金华职业技术学院恭祝大家新春快乐！,2023-01-22,,,
2,https://www.jhc.cn/2023/0113/c4548a152334/page.htm,金职院召开农科教融合发展研讨会,2023-01-13,农学院,郭康康   胡尹莎  摄影  王天,22
2,https://www.jhc.cn/2023/0112/c4548a152333/page.htm,金职院纪委多措并举抓好正风肃纪   风清气正过好元旦春节,2023-01-13,纪委办,陈欣,10
3,https://www.jhc.cn/2023/0112/c4548a152326/page.htm,金职院党委召开2022年第四季度全面从严治党工作会议,2023-01-12,校办,王升 洒荣荣  摄影  王天,10
3,https://www.jhc.cn/2023/0111/c4548a152323/page.htm,金职院24部教材入选浙江省高职院校“十四五”首批重点教材建设项目,2023-01-11,教务处,卢进,11
3,https://mp.weixin.qq.com/s/8UO3AsX5RX-NjX11XXmYEg,金职院召开期末安全稳定工作会议,2023-01-10,,,
3,https://www.jhc.cn/2023/0109/c4548a152272/page.htm,金职院召开第六届教学能力比赛启动会,2023-01-09,教务处,卢进,191
3,https://www.jhc.cn/2023/0106/c4548a152256/page.htm,金职院党委召开专题会议   传达学习《关于深化现代职业教育体系建设改革的意见》及省委十五届二次全会、市委八届三次全会精神,2023-01-06,宣传统战部（文化育人办公室）,卜晓斌,370
3,https://www.jhc.cn/2023/0103/c4548a152271/page.htm,金职院教师参与项目荣获全国农牧渔业丰收奖农业技术推广成果奖三等奖,2023-01-06,农学院,解华东,11
3,https://www.jhc.cn/2023/0104/c4548a152237/page.htm,金职院案例入选全省高校干部人才助力山区26县高质量发展创新案例,2023-01-04,组织部,周孝强,16
3,https://www.jhc.cn/2022/1229/c4548a152238/page.htm,金职院4项案例入选全国电力院校创新创业典型案例,2023-01-02,信息工程学院（怀卡托国际学院）,曹胜任,19
3,https://www.jhc.cn/2022/1226/c4548a152186/page.htm,金职院获评浙江省“三全育人”典型学校,2022-12-26,宣传统战部（文化育人办公室）,李琳,10
3,https://www.jhc.cn/2022/1224/c4548a152184/page.htm,金职院党委召开人才工作专题会议,2022-12-24,人事处,陈江贇 傅云峰 摄影 郑胜杰,10
3,https://www.jhc.cn/2022/1223/c4548a152180/page.htm,喜报！金职院5名教师入选2022年浙江青年工匠,2022-12-23,校团委,胡宇翔,711
3,https://www.jhc.cn/2022/1223/c4548a152176/page.htm,金职院党委理论学习中心组举行《习近平法治思想学习纲要》《习近平关于依规治党论述摘编》专题学习会,2022-12-23,金华职业技术学院,于辰辰    摄影 郑胜杰,10
3,https://mp.weixin.qq.com/s/umfG-9B1DxY5LuPTulhEtQ,金职院召开2022年度二级党委（直属支部）书记抓党建思政工作述职评议会,2022-12-22,,,
3,https://www.jhc.cn/2022/1220/c4548a152160/page.htm,机电学子喜获2022年浙江省职业院校技能大赛高职组“工业机器人技术应用”赛项一等奖,2022-12-22,机电工程学院,陈中哲,18
4,https://www.jhc.cn/2022/1222/c4548a152161/page.htm,聚焦主责主业   强化改革攻坚  ——金职院举行2022年团委负责人述职会,2022-12-22,校团委,胡宇翔,23
4,https://mp.weixin.qq.com/s/hVThHNaKOGP4-qBxcqAUZw,金职院开展“二说二创”思政文化成果汇报会,2022-12-21,,,
4,https://www.jhc.cn/2022/1219/c4548a152095/page.htm,金职院4门课程成功获评教育部首批社区教育“能者为师”系列特色课程,2022-12-20,继续教育处,程刚,213
4,https://www.jhc.cn/2022/1220/c4548a152116/page.htm,校企合作拓岗，“靶向”帮扶学生跑出就业加速度——医学院举办金华市中心医院医疗集团护理类2023届毕业生专场招聘会,2022-12-20,医学院,钱周蕾,10
4,https://www.jhc.cn/2022/1219/c4548a152079/page.htm,【金职这十年】校友工作篇：回首十年照初心，奋楫扬帆启新程,2022-12-19,校友办,王宏艳,11
4,https://www.jhc.cn/2022/1219/c4548a152077/page.htm,王振洪应邀在中国高等教育学会职业技术教育分会学习贯彻党的二十大精神暨2022学术年会上作专题报告,2022-12-19,双高办,王妍 摄影 郑胜杰,13
4,https://mp.weixin.qq.com/s/HqfxbT2Q7Bd79258AhAa7g,金职院三支队伍喜获2022年全国职业院校技能大赛教学能力比赛一等奖,2022-12-16,,,
4,https://www.jhc.cn/2022/1216/c4548a151988/page.htm,金职院9门课程获评2022年职业教育国家在线精品课程,2022-12-16,教务处,卢进,12
4,https://www.jhc.cn/2022/1215/c4548a151940/page.htm,制药学子喜获2022年浙江省职业院校技能大赛高职组“化学实验技术”赛项一等奖,2022-12-15,制药学院,李康宁,22
4,https://www.jhc.cn/2022/1214/c4548a151919/page.htm,访企拓岗搭平台   校企融合谋发展——校长梁克东带队访企拓岗促就业,2022-12-14,农学院,楼峥,12
4,https://www.jhc.cn/2022/1213/c4548a151868/page.htm,浙江省高校示范性党群服务中心考评组来金职院考评,2022-12-13,组织部,陈静泓   摄影  郑胜杰,54
4,https://www.jhc.cn/2022/1213/c4548a151867/page.htm,金职院成功举办2023届毕业生“三结合”招聘会,2022-12-13,就业处,李佳琪 孟东方,62
4,https://www.jhc.cn/2022/1212/c4548a151820/page.htm,机电学子喜获2022年浙江省职业院校技能大赛高职组“机器人系统集成”赛项一等奖,2022-12-12,机电工程学院,肖建章,10
4,https://www.jhc.cn/2022/1212/c4548a151822/page.htm,制药学子喜获2022年浙江省职业院校技能大赛高职组“化工生产技术”赛项一等奖,2022-12-12,制药学院,何海华,13
5,https://www.jhc.cn/2022/1210/c4548a151755/page.htm,金职院成功入选国家级职业教育“双师型”教师培训基地,2022-12-11,师范学院     人事处,严甜甜   陈江贇,497
5,https://mp.weixin.qq.com/s/DlLXRHZ2PR0k5GRKqAqvQA,数字引领 蝶变升级 ——第十一届（2022）中国金点工业设计奖大赛决赛及颁奖典礼隆重举行,2022-12-11,,,
5,https://www.jhc.cn/2022/1209/c4548a151734/page.htm,金职院荣获“2022全国高等职业院校治理体系建设典型院校50强”,2022-12-09,怀卡托国际学院,潘雨晴,18
5,https://www.jhc.cn/2022/1208/c4548a151654/page.htm,机电学子喜获2022年浙江省职业院校技能大赛高职组“机器视觉系统应用”赛项一等奖,2022-12-08,机电工程学院,邵建辉,113
5,https://www.jhc.cn/2022/1208/c4548a151644/page.htm,浙江省委网信办副主任许晴来金职院调研指导工作,2022-12-08,学校办公室,林志伟  摄影  孙立臣,17
5,https://www.jhc.cn/2022/1207/c4548a151626/page.htm,金职院党委开展第29期夜学,2022-12-07,宣传统战部（文化育人办公室）,于辰辰  摄影 王天,34
5,https://www.jhc.cn/2022/1207/c4548a151625/page.htm,树立鲜明用人导向  激发干部生机活力——金职院党委专题研究干部工作,2022-12-07,组织部,姜伟仁  摄影  王天,49
5,https://www.jhc.cn/2022/1129/c4548a151472/page.htm,浙江省高校心理健康教育工作标准化建设专家来金职院调研,2022-12-05,学生处 学工部 人武部,陈道亮,330
5,https://www.jhc.cn/2022/1205/c4548a151368/page.htm,金职院团队斩获浙江省大学生乡村振兴创意大赛主体赛1金1银1铜,2022-12-05,旅游学院   商学院,顾敏艳   张函   吴昊,369
5,https://mp.weixin.qq.com/s/vyluuR8SrxWrunxcN92Wow,2022年全国高职教育研究论坛在金华成功召开,2022-12-04,,,
5,https://mp.weixin.qq.com/s/OY1x_8BEJPsuhCvgjQC8bA,饮水思源   心系母校 ——3位校友向金职捐赠个人百万股份,2022-12-02,,,
5,https://www.jhc.cn/2022/1202/c4548a151315/page.htm,校领导走访调研师德师风建设工作,2022-12-02,人事处   ,陶晶 ,315
5,https://www.jhc.cn/2022/1201/c4548a151228/page.htm,《科技助农共同富裕》入选教育部乡村振兴专题网站,2022-12-01,教务处    校企处   农学院,郑善尚   胡伊莎  郭康康,788
5,https://mp.weixin.qq.com/s/gvcOGEweHb1HrcueCWuuHA,2022中非职业教育论坛在金召开,2022-11-30,,,
6,https://mp.weixin.qq.com/s/44Z2MKFU13JassEc4D2Ygw,浙江省高职院校党建研究会第三十一次会员大会暨2022年年会在金职院召开,2022-11-29,,,
6,https://mp.weixin.qq.com/s/_ef-19ZCDSE-fbACk4h7zw,省委教育工委专职副书记、省教育厅党组副书记陈春雷来金职院调研指导工作,2022-11-28,,,
6,https://www.jhc.cn/2022/1125/c4548a151016/page.htm,金职院党委理论学习中心组举行“党的二十大精神”专题学习会,2022-11-25,宣传统战部（文化育人办公室）,于辰辰  摄影  孙立臣,688
6,https://www.jhc.cn/2022/1128/c4548a151083/page.htm,浙江理工大学党委书记吴锋民一行来金职院调研,2022-11-25,信息工程学院（怀卡托国际学院）,刘叶,467
6,https://www.jhc.cn/2022/1125/c4548a151018/page.htm,梁克东巡听旁听医学院党委理论学习中心组（扩大）专题学习会,2022-11-25,医学院,周宏  周游,340
6,https://www.jhc.cn/2022/1127/c4548a151046/page.htm,全国商务数据开发与应用职教集团2022年度工作会议成功召开,2022-11-25,商学院,楼小明,202
6,https://mp.weixin.qq.com/s/gmflbIWnuyE3-gagAF0dzg,抓住新机遇  迎接新挑战  迈向新征程——金华职业技术学院与金华市中心医院医疗集团签署战略合作协议,2022-11-25,,,
6,https://www.jhc.cn/2022/1125/c4548a150990/page.htm,长三角绿色制药协同创新中心执行主任苏为科一行来金职院考察交流,2022-11-24,制药学院,何中丽,324
6,https://www.jhc.cn/2022/1121/c4548a150823/page.htm,【金职这十年】公共基础学院（马克思主义学院）篇： 立德树人，培根铸魂,2022-11-24,公共基础学院（马克思主义学院）,童国权,456
6,https://www.jhc.cn/2022/1124/c4548a150954/page.htm,“艺”路有你    “职”面未来——艺术创意学院举办2023届毕业生艺术创意类招聘会,2022-11-23,艺术创意学院,楼宇航,264
6,https://mp.weixin.qq.com/s/8cgu61zEFjXDMEv5t_O2Fw,金职院举行第27届田径运动会,2022-11-23,,,
6,https://www.jhc.cn/2022/1123/c4548a150919/page.htm,金职院召开2022年学生技能大赛总结暨2023年竞赛启动会,2022-11-23,教务处,余经纬   摄影  孙立臣,482
6,https://www.jhc.cn/2022/1121/c4548a150893/page.htm,美美与共——高等职业院校美育联盟在金职院成立,2022-11-22,师范学院,胡云莺,365
6,https://www.jhc.cn/2022/1122/c4548a150876/page.htm,【金职这十年】旅游学院篇：文旅融合，善作善成     ,2022-11-22,旅游学院,卢进 吴昊 靳进 金婷萍  ,464
7,https://www.jhc.cn/2022/1121/c4548a150842/page.htm,信息学子喜获2022年浙江省职业院校技能大赛高职组“嵌入式技术应用开发”赛项一等奖,2022-11-21,信息工程学院（怀卡托国际学院）,曹胜任,331
7,https://www.jhc.cn/2022/1121/c4548a150784/page.htm,【金职这十年】制药学院篇：包容、坚韧、勇创,2022-11-21,制药学院,何中丽,386
7,https://www.jhc.cn/2022/1121/c4548a150814/page.htm,初心如磐    筑梦金职——金华职业技术学院校友会隆重召开第二届五次理事会会议,2022-11-21,校友办,王宏艳,299
7,https://www.jhc.cn/2022/1121/c4548a150786/page.htm,农聚贤才  “职”为你来——农学院开展2023届毕业生农学类专场招聘会,2022-11-21,农学院,楼峥   郭康康,332
7,https://www.jhc.cn/2022/1119/c4548a150548/page.htm,金职院团队斩获浙江省首届退役军人志愿服务大赛金奖,2022-11-19,旅游学院,顾敏艳,353
7,https://www.jhc.cn/2022/1118/c4548a150453/page.htm,金职院获批14项2022年省级课程思政教学项目,2022-11-18,教务处,卢进,631
7,https://www.jhc.cn/2022/1117/c4548a150396/page.htm,【金职这十年】医学院篇：木铎百年，杏林春满,2022-11-18,医学院,周飞腾,416
7,https://www.jhc.cn/2022/1117/c4548a150425/page.htm,金职院党委开展党的二十大精神专题学习   研讨推进国家乡村振兴人才培养优质校建设,2022-11-17,宣传统战部（文化育人办公室）,于辰辰  摄影  王天  孙立臣  吴思骅,476
7,https://www.jhc.cn/2022/1117/c4548a150427/page.htm,文旅共富   “位”你而来——旅游学院举办2023届毕业生文旅类专场招聘会,2022-11-17,旅游学院,吴昊 徐炎炎,241
7,https://www.jhc.cn/2022/1117/c4548a150432/page.htm,名企擂台展风采    多措并举促就业——制药学院开展“名企擂台”招聘活动暨2023届毕业生化工制药类专场招聘会,2022-11-17,制药学院,刘美佳 付云翔,192
7,https://www.jhc.cn/2022/1116/c4548a150192/page.htm,就业向未来——商学院2023届毕业生经贸类专场招聘会火热进行,2022-11-16,商学院,叶嘉琪,381
7,https://www.jhc.cn/2022/1116/c4548a150159/page.htm,【金职这十年】艺术创意学院篇：尚美于行 ，艺心育才,2022-11-16,艺术创意学院,金典,717
7,https://www.jhc.cn/2022/1116/c4548a150008/page.htm,星辰大海    “职”等你来——建筑工程学院举办2023届毕业生建筑类专场招聘会,2022-11-16,建筑工程学院,胡晓钰 许诺,455
7,https://www.jhc.cn/2022/1115/c4548a149980/page.htm,金职院与中航工业新能源投资有限公司启动“双碳”领域产学研合作,2022-11-15,宣传统战部（文化育人办公室）,陈小双  摄影  王天,477
8,https://mp.weixin.qq.com/s/3QkZ7F3RgIiEWMKM9DsMBg,金华市委副书记、市长邢志宏来金职院宣讲党的二十大精神,2022-11-14,,,
8,https://mp.weixin.qq.com/s/FAR_w09JpgKXM2w4kV91FQ,金职院“捕鱼节”，捕获的鱼全部免费请师生品尝！,2022-11-14,,,
8,https://www.jhc.cn/2022/1114/c4548a149903/page.htm,金职院104名2023届毕业生成功“牵手”上海铁路局,2022-11-14,就业处,李佳琪  孟东方,1079
8,https://www.jhc.cn/2022/1115/c4548a149961/page.htm,金职院召开校级实训（实验）室安全分级分类认定会,2022-11-14,教务处,王磊,218
8,https://www.jhc.cn/2022/1114/c4548a149904/page.htm,信息学子喜获2022年浙江省职业院校技能大赛高职组“软件测试”“风光互补发电系统安装与调试”赛项多项佳绩,2022-11-14,信息工程学院（怀卡托国际学院）,陈晓龙,207
8,https://www.jhc.cn/2022/1111/c4548a149803/page.htm, “职缘”一线牵     “11·11”不孤单——机电工程学院开展2023届毕业生精准就业招聘会,2022-11-11,机电工程学院,朱文品 苏哲,725
8,https://www.jhc.cn/2022/1111/c4548a149802/page.htm,金职院机械党支部开展志愿服务“红匠行”，全力护航毕业生精准就业,2022-11-11,机电工程学院,朱文品,367
8,https://www.jhc.cn/2022/1111/c4548a149782/page.htm,金职院2022年度消防宣传月正式启动,2022-11-11,保卫处,李飞 林报春 摄影  赵梦洁  傅莹  姜雅晴,373
8,https://www.jhc.cn/2022/1111/c4548a149778/page.htm,【金职这十年】农学院篇：禾牧共进，奋楫争先,2022-11-11,金华职业技术学院,应相恩 郭康康,295
8,https://www.jhc.cn/2022/1110/c4548a149723/page.htm,实践砺青春 礼献二十大 ——金职院举办第二届暑期社会实践风采展演活动,2022-11-10,校团委   医学院,王翊 赵倩,366
8,https://www.jhc.cn/2022/1109/c4548a149721/page.htm,【金职这十年】商学院篇：对接数字经济，培养高质量复合型人才,2022-11-10,商学院（金义网络经济学院）,郭晴,480
8,https://www.jhc.cn/2022/1110/c4548a149718/page.htm,机电学子喜获2022年浙江省职业院校技能大赛高职组“光伏电子工程的设计与实施”赛项一等奖、三等奖,2022-11-10,机电工程学院,卓振阳 邵建辉,228
8,https://www.jhc.cn/2022/1110/c4548a149713/page.htm,陈海荣巡听旁听艺术创意学院党委理论学习中心组（扩大）专题学习会,2022-11-10,艺术创意学院,金遥遥,161
8,https://www.jhc.cn/2022/1109/c4548a149654/page.htm,我校4名教师喜获2022金砖国家职业技能大赛“协作机器人”赛项一等奖、“飞机维修”赛项二等奖,2022-11-09,机电工程学院 ,王桂锋   方韶华,473
9,https://www.jhc.cn/2022/1109/c4548a149650/page.htm,建工学子喜获2022金砖国家职业技能大赛“建筑信息模型”赛项国赛三等奖,2022-11-09,建筑工程学院,刘国平,243
9,https://www.jhc.cn/2022/1109/c4548a149636/page.htm,医学学子喜获2022年浙江省职业院校技能大赛高职组“中药传统技能”赛项两个一等奖,2022-11-09,医学院,张慧芳,283
9,https://www.jhc.cn/2022/1107/c4548a149471/page.htm,【金职这十年】机电工程学院篇：牢记使命，担当实干,2022-11-08,机电工程学院,叶子敬,1180
9,https://www.jhc.cn/2022/1107/c4548a149482/page.htm,金职院召开校党委第六轮巡察工作动员部署会,2022-11-08,纪委办   巡察办,谢华,510
9,https://www.jhc.cn/2022/1107/c4548a149452/page.htm,【金职这十年】信息工程学院（怀卡托国际学院）篇：“E”路向前  “智”向未来,2022-11-07,信息工程学院（怀卡托国际学院）,何征男,406
9,https://mp.weixin.qq.com/s/1ctAMdE2KKSUHdIlWaIB0w,我校教师王安然、朱合圣喜获2022金砖国家职业技能大赛“网络营销”赛项国赛第一名、国际赛金牌,2022-11-07,,,
9,https://www.jhc.cn/2022/1107/c4548a149464/page.htm,中国科学院院士杨学明来金职院调研指导,2022-11-07,科技处,赵辉,345
9,https://www.jhc.cn/2022/1105/c4548a149412/page.htm,陈海荣巡听旁听旅游学院党委理论学习中心组（扩大）专题学习会,2022-11-05,旅游学院,金婷萍,404
9,https://www.jhc.cn/2022/1104/c4548a149391/page.htm,【金职这十年】师范学院篇：师者风范，薪火相传,2022-11-04,金华职业技术学院,胡云莺,619
9,https://www.jhc.cn/2022/1104/c4548a149300/page.htm,龚永坚巡听旁听公共基础学院党委理论学习中心组（扩大）专题学习会,2022-11-04,公共基础学院（马克思主义学院）,童国权,388
9,https://www.jhc.cn/2022/1103/c4548a149256/page.htm,【金职这十年】建筑工程学院篇：精工筑基，匠心建业,2022-11-03,建筑工程学院,徐思,862
9,https://www.jhc.cn/2022/1102/c4548a149242/page.htm,成军巡听旁听商学院党委理论学习中心组（扩大）专题学习会,2022-11-03,商学院,方志新,289
9,https://www.jhc.cn/2022/1102/c4548a149200/page.htm,徐领巡听旁听制药学院党委理论学习中心组（扩大）专题学习会,2022-11-02,制药学院,邱苗,393
9,https://www.jhc.cn/2022/1102/c4548a149193/page.htm,成军巡听旁听机电工程学院党委理论学习中心组（扩大）专题学习会,2022-11-02,机电工程学院 ,叶子敬,474
10,https://www.jhc.cn/2022/1105/c4548a149409/page.htm,刘鲁平巡听旁听建工、信息、后勤党委理论学习中心组（扩大）专题学习会,2022-11-02,建筑工程学院 信息工程学院（怀卡托国际学院） 后勤中心,徐思 周荃 章苗,141
10,https://www.jhc.cn/2022/1103/c4548a149214/page.htm,徐领巡听旁听农学院党委理论学习中心组（扩大）专题学习会,2022-11-01,农学院,应相恩,271
10,https://mp.weixin.qq.com/s/YSXoxBh-uj3laJzS0hwF9g,王振洪宣讲党的二十大精神： 在中国式职业教育现代化进程中找准金职发展方位,2022-11-01,,,
10,https://mp.weixin.qq.com/s/ffhtwNUWFTdxm9-AYj8Ylw,金职院召开领导干部大会    传达学习党的二十大精神,2022-11-01,,,
10,https://www.jhc.cn/2022/1031/c4548a149097/page.htm,王振洪巡听旁听师范学院党委理论学习中心组（扩大）专题学习会,2022-10-31,师范学院 ,胡云莺  摄影 王天,690
10,https://mp.weixin.qq.com/s/9_rW5dn8EciTgqFssIP4wQ,金职院党委理论学习中心组举行党的二十大精神专题学习会,2022-10-31,,,
10,https://www.jhc.cn/2022/1031/c4548a149093/page.htm,金职院“助村帮帮团”赴武义县青坑村开展银领先锋助力共建共富暨二十大精神宣讲活动,2022-10-31,组织部 离退休处,周巍,245
10,https://www.jhc.cn/2022/1031/c4548a149087/page.htm,【金职这十年】数字赋能篇：技术赋能，智慧高效,2022-10-31,信息化办公室,林志伟,307
10,https://www.jhc.cn/2022/1028/c4548a149010/page.htm,金华市政协高校社情民意信息工作座谈会在金职院召开,2022-10-28,宣传统战部（文化育人办公室）,章静  摄影   孙立臣,440
10,https://www.jhc.cn/2022/1028/c4548a149006/page.htm,【金职这十年】基本建设与资源保障篇：优化服务，力促发展,2022-10-28,后勤中心   计财处   国资处,赵迪茜   娄芫,394
10,https://www.jhc.cn/2022/1026/c4548a148861/page.htm,【金职这十年】国际合作与交流发展篇：  标准引领，提质增效,2022-10-26,国合处,金晓,662
10,https://mp.weixin.qq.com/s/vUfiklSgYx53QP_PJl8krg,金职学子田陈佳荣获2022年浙江省高职高专院校国家奖学金特别评审奖的推荐资格！,2022-10-25,,,
10,https://www.jhc.cn/2022/1024/c4548a148596/page.htm,【金职这十年】合作与发展篇：聚力合作，聚智发展,2022-10-24,校办（合作与发展办）,  徐茹倩  ,840
10,https://mp.weixin.qq.com/s/Fg5fq2eWpk0Ql8O6FjQi5w,无比振奋！金职师生持续热议党的二十大报告,2022-10-23,,,
11,https://www.jhc.cn/2022/1021/c4548a148497/page.htm,走出去、请进来……书记校长“访企拓岗”在行动！,2022-10-21,师范学院,薛婧  章颖  摄影  郑胜杰   王天,613
11,https://www.jhc.cn/2022/1021/c4548a148496/page.htm,校领导走访调研附属医院建设项目,2022-10-21,后勤中心,​ 胡轶浩 赵迪茜  摄影  王天,415
11,https://www.jhc.cn/2022/1020/c4548a148296/page.htm,【金职这十年】师资队伍建设篇：德技双馨，蓄势赋能,2022-10-20,人事处,阎浩 傅云峰 李泓冰,848
11,https://www.jhc.cn/2022/1020/c4548a148290/page.htm,金职院教育助力乡村振兴案例获评浙江省教育厅典型案例,2022-10-20,校办（合作与发展办）  农学院,徐茹倩  胡尹莎,430
11,https://www.jhc.cn/2022/1019/c4548a148276/page.htm,金职院党委召开专题会议    研究部署深化新时代教育评价改革试点工作,2022-10-19,教育督导处   教务处,赵敏笑 蒋妙琦,417
11,https://www.jhc.cn/2022/1019/c4548a148277/page.htm,金职院召开师德师风专项调研工作部署会,2022-10-19,教师工作部,陶晶,334
11,https://www.jhc.cn/2022/1018/c4548a148202/page.htm,【金职这十年】继续教育篇： 服务引领，提质转型,2022-10-19,继续教育处,陈泓伊,413
11,https://www.jhc.cn/2022/1018/c4548a148221/page.htm,【金职这十年】科研立项与平台建设篇：筑强平台，勇攀高峰,2022-10-19,科技处,王桂锋,458
11,https://www.jhc.cn/2022/1013/c4548a147963/page.htm,【金职这十年】学生成长篇：以生为本，立德铸魂,2022-10-17,学生处   校团委   就业处,吴杨伟 吴一玲 程立珂 丰辉 吕继艳,727
11,https://mp.weixin.qq.com/s/dgug0nMHKdzFu-V2Kba4cg,金职师生集体收看党的二十大开幕盛况,2022-10-16,,,
11,https://www.jhc.cn/2022/1016/c4548a148091/page.htm,金职学子喜获2022年全国大学生数学建模竞赛浙江赛区一等奖,2022-10-16,公共基础学院,李雅馨,414
11,https://www.jhc.cn/2022/1014/c4548a148069/page.htm,【金职这十年】教育发展基金会篇：枝叶关情，心系教育,2022-10-14,教育发展基金会,周立飞,500
11,https://mp.weixin.qq.com/s/J5VdApZJ9PbAVpI8HpuNlQ,金职院党委开展第27期夜学,2022-10-13,,,
11,https://www.jhc.cn/2022/1013/c4548a148008/page.htm,清风引领   护航发展——金职院召开“清风护航”专项行动交流研讨暨纪检业务培训会,2022-10-13,纪委办,丁潇宁,372
12,https://www.jhc.cn/2022/1012/c4548a147945/page.htm,【金职这十年】思想政治教育与校园文化建设篇：守正创新，破立并举,2022-10-13,宣传统战部、学生处、校团委,吴杨伟  胡嘉苗  李琳 包靓 赵倩  ,662
12,https://www.jhc.cn/2022/1012/c4548a147957/page.htm,【金职这十年】专业建设与人才培养篇：追求卓越，打造高地,2022-10-12,教务处,蒋妙琦 陈文航,941
12,https://www.jhc.cn/2022/1011/c4548a147933/page.htm,【金职这十年】党的建设篇：举旗定向，领航发展,2022-10-11,组织部、宣传统战部、纪委办,陈静泓 于辰辰 姜伟仁 丁潇宁,742
12,https://www.jhc.cn/2022/1011/c4548a147922/page.htm,金职院党委召开2022年第三季度全面从严治党专题会议,2022-10-11,校办,洒荣荣 摄影  孙立臣,547
12,https://www.jhc.cn/2022/1010/c4548a147901/page.htm,金职院党委召开党建工作专题会议,2022-10-10,组织部,陈静泓   摄影  郑胜杰,496
12,https://www.jhc.cn/2022/1009/c4548a147853/page.htm,市人大常委会副主任陈峰齐一行来金职院调研交流,2022-10-09,宣传统战部（文化育人办公室）,周飞腾 摄影 郑胜杰,601
12,https://www.jhc.cn/2022/1009/c4548a147848/page.htm,金华银行首期“星火训练营”在金职院开班,2022-10-09,商学院（金义网络经济学院）,陈晓威,564
12,https://mp.weixin.qq.com/s/HJu07jVVcxd1ZqcNmyn1pQ,金职院召开疫情防控工作分析调度会,2022-10-05,,,
12,https://www.jhc.cn/2022/0930/c4548a147702/page.htm,以决战决胜姿态  坚决筑牢平安校园的铜墙铁壁——金职院党委召开专题（扩大）会议传达学习金华市除险保安百日攻坚决胜大会战动员会精神,2022-09-30,宣传统战部（文化育人办公室）,周飞腾  摄影  郑胜杰,665
12,https://mp.weixin.qq.com/s/Kud9AG00hJF-_5mtiov-ng,少年有志 未来可期——金职院举行2022级新生开学典礼,2022-09-29,,,
12,https://www.jhc.cn/2022/0929/c4548a147628/page.htm,国赛快讯丨商学院学子喜获2022年全国职业院校技能大赛高职组“英语口语”赛项一等奖,2022-09-29,商学院（金义网络经济学院）,陈舜孟,472
12,https://www.jhc.cn/2022/0929/c4548a147627/page.htm,秋来又重阳    人间重晚晴——金职院为80周岁离退休人员集体祝寿,2022-09-29,离退休处,周巍,348
12,https://mp.weixin.qq.com/s/B0VyQEGRwxfUKARPH658HQ,同心同路双向奔赴 ——金职院召开“政校企协同资助育人感恩教育基地”授牌仪式暨2022级新生爱心座谈会,2022-09-28,,,
12,https://mp.weixin.qq.com/s/bVhuDpuNessI0F6OYs2MBA,金职院召开2022级新生军训汇报暨军训总结大会,2022-09-27,,,
13,https://www.jhc.cn/2022/0928/c4548a147556/page.htm,金职院启动金秋重点企业系列招聘会,2022-09-26,就业处,孟东方 李浩波,284
13,https://www.jhc.cn/2022/0924/c4548a147306/page.htm,满“新”欢喜    “寓”见你——校领导深入寝室走访看望2022级新生,2022-09-24,学生处,陈颖燕  王璐,1492
13,https://mp.weixin.qq.com/s/o-8LY7mvjB27iB7vzSCn3Q,浙江省“反恐宣传进高校”主题活动在金职院举行,2022-09-23,,,
13,https://www.jhc.cn/2022/0923/c4548a147295/page.htm,金职院党委召开专题会议传达学习金华市委八届二次全体（扩大）会议和全省高职院校书记（院长）务虚会精神,2022-09-23,宣传统战部（文化育人办公室）,于辰辰  摄影 王天,410
13,https://www.jhc.cn/2022/0923/c4548a147291/page.htm,市级老领导来金职院调研职业教育发展工作,2022-09-23,组织部 离退休处   ,陈德仙  摄影 孙立臣,425
13,https://www.jhc.cn/2022/0921/c4548a147208/page.htm,市纪委第一调研督导组来金职院开展高校落实立德树人根本任务工作专项督查,2022-09-21,纪委办,丁潇宁  摄影 郑胜杰,748
13,https://www.jhc.cn/2022/0920/c4548a147187/page.htm,超丰厚！100名金职新生收到“爱心大礼包”和“幸福盲盒”,2022-09-20,学生处,朱寒,669
13,https://www.jhc.cn/2022/0919/c4548a147137/page.htm,艺术学子喜获第14届全国大学生广告艺术大赛多个奖项,2022-09-20,艺术创意学院,徐琛,553
13,https://www.jhc.cn/2022/0917/c4548a147098/page.htm,欢迎新金职人！校领导深入走访迎新现场指导工作,2022-09-17,宣传统战部,周飞腾 陈小双  摄影 孙立臣,1296
13,https://mp.weixin.qq.com/s/iI9y7PpLeTwjsR3OHR_nkw,金职欢迎你，2022级新同学！,2022-09-17,,,
13,https://www.jhc.cn/2022/0915/c4548a147067/page.htm,金职院首次联合主办2022中国—新西兰高等职业教育峰会,2022-09-16,信息工程学院（怀卡托国际学院）,潘雨晴,690
13,https://www.jhc.cn/2022/0914/c4548a146988/page.htm,金职院召开校园安全稳定工作专题会议,2022-09-14,校办,郑湛淼  摄影 孙立臣,960
13,https://www.jhc.cn/2022/0913/c4548a146915/page.htm,金职院党委理论学习中心组举行“意识形态领域安全稳定工作”专题学习会,2022-09-13,宣传统战部（文化育人办公室）,于辰辰 摄影 王天,796
13,https://www.jhc.cn/2022/0913/c4548a146914/page.htm,金职院召开校园安全稳定工作专题党委会,2022-09-13,宣传统战部（文化育人办公室）,于辰辰 摄影 王天,596
14,https://www.jhc.cn/2022/0913/c4548a146909/page.htm,党委书记走进课堂，聆听“线下第一课”,2022-09-13,教务处,刘正怀 摄影 孙立臣,731
14,https://mp.weixin.qq.com/s/ZE3kxH_K0PyhpZXXo9gzGA,金职院附属医院（海棠医院）正式开工！,2022-09-10,,,
14,https://mp.weixin.qq.com/s/B2O1Bnwycu-U-pHYw_ZtEQ,迎接党的二十大   培根铸魂育新人——金职院隆重举行2022年教师节表彰大会,2022-09-10,,,
14,https://mp.weixin.qq.com/s/58R0fFxMVy2hJW7f4AeDWA,浙江省首届退役军人学院工作研讨会在金职院举行,2022-09-10,,,
14,https://www.jhc.cn/2022/0909/c4548a146836/page.htm,金职院党委召开专题会议传达学习市教育系统党的建设工作会议暨职业教​育大会精神,2022-09-09,宣传统战部（文化育人办公室）,于辰辰  摄影  孙立臣,348
14,https://www.jhc.cn/2022/0909/c4548a146829/page.htm,金职院召开2022年高层次人才座谈会,2022-09-09,人事处,阎浩 陈江贇,688
14,https://www.jhc.cn/2022/0909/c4548a146828/page.htm,金职院入选国家级创新创业学院建设名单,2022-09-09,创业学院,程立珂   杨燕君,513
14,https://www.jhc.cn/2022/0909/c4548a146825/page.htm,浓浓教育情 温暖园丁心——金职院开展教师节慰问活动,2022-09-09,宣传统战部,周飞腾 摄影  郑胜杰 王天,606
14,https://www.jhc.cn/2022/0909/c4548a146822/page.htm,重大研究成果《浙江省高职教育发展报告（2016-2020）》由华中科技大学出版社正式出版,2022-09-09,省职教研究中心,张迅,372
14,https://www.jhc.cn/2022/0908/c4548a146794/page.htm,金职院获批2项国家自然科学基金项目,2022-09-09,机电工程学院,章妙,975
14,https://www.jhc.cn/2022/0908/c4548a146781/page.htm,金职院获批“浙江省深化新时代教育评价改革综合试点校”,2022-09-08,教务处（双高办）,卢双,555
14,https://www.jhc.cn/2022/0908/c4548a146755/page.htm,金职院召开新学期教学工作会议,2022-09-08,教务处,王妍,593
14,https://www.jhc.cn/2022/0906/c4548a146731/page.htm,内蒙古乌海市政协副主席李慧平一行来金职院调研交流,2022-09-06,宣传统战部 机电工程学院,周飞腾 娄珺 摄影 王天,646
14,https://www.jhc.cn/2022/0904/c4548a146648/page.htm,校领导走访调研新学期开学工作,2022-09-04,宣传统战部,​  王璐 周飞腾 摄影 孙立臣  王天,1949
15,https://www.jhc.cn/2022/0903/c4548a146626/page.htm,省人大常委会副主任、省总工会主席史济锡一行来金职院考察调研,2022-09-03,宣传统战部（文化育人办公室）,卜晓斌 摄影 孙小明,787
15,https://mp.weixin.qq.com/s/JvoMhA9wpwHGBf4IuTTu_g,国赛快讯丨师范学子荣获2022年全国职业院校技能大赛高职组“学前教育专业教育技能”赛项一等奖,2022-09-02,,,
15,https://www.jhc.cn/2022/0901/c4548a146606/page.htm,国赛快讯丨机电学子喜获2022年全国职业院校技能大赛高职组 “数控机床装调与技术改造”赛项三等奖,2022-09-02,机电工程学院,章斌,484
15,https://www.jhc.cn/2022/0901/c4548a146610/page.htm,国赛快讯丨信息学子喜获2022年全国职业院校技能大赛高职组“嵌入式技术应用开发”赛项二等奖,2022-09-02,信息工程学院（怀卡托国际学院）,林洁  范灵芝,427
15,https://www.jhc.cn/2022/0901/c4548a146607/page.htm,国赛快讯丨机电学子喜获2022年全国职业院校技能大赛高职组“光伏电子工程的设计与实施”赛项三等奖,2022-09-02,机电工程学院,章斌,424
15,https://mp.weixin.qq.com/s/haBqc8A0EKhMp0RGvy_K7Q,金职院召开2022年暑期教学工作会议,2022-09-02,,,
15,https://mp.weixin.qq.com/s/aFa37I-TIdAsaU9Ckl2nVA,2022年浙江农业行业职业技能竞赛暨首届“绿领新农匠”技艺展示活动在金职院举行,2022-09-01,,,
15,https://www.jhc.cn/2022/0901/c4548a146587/page.htm,四川省甘孜州教体局副局长丹巴多吉一行来金职院考察交流,2022-09-01,校办  ,徐茹倩,389
15,https://mp.weixin.qq.com/s/ie7k3jKpsJxXsppyY6GTQA,创新服务学生成长成才育人体系   提升学生思政教育服务水平 ——金职院召开2022年暑期学生工作会议,2022-08-30,,,
15,https://mp.weixin.qq.com/s/CDPkA0lkYs7B3MfMZDKU3g,国赛快讯丨医学院学子喜获2022年全国职业院校职业技能大赛高职组“健康与社会照护”赛项一等奖,2022-08-29,,,
15,https://www.jhc.cn/2022/0826/c4548a146534/page.htm,国赛快讯丨信息学子喜获2022年全国职业院校技能大赛高职组“电子产品芯片级检测维修与数据恢复”赛项二等奖,2022-08-29,信息工程学院（怀卡托国际学院）,诸葛坚,401
15,https://www.jhc.cn/2022/0827/c4548a146490/page.htm,金职院举办2022年新进教职工培训班开班仪式,2022-08-28,教师发展中心,李泓冰,1009
15,https://mp.weixin.qq.com/s/37LZG2tKssxC1CzArjarcA,国赛快讯丨商学院学子喜获2022年全国职业院校职业技能大赛高职组“市场营销技能”赛项一等奖,2022-08-27,,,
15,https://mp.weixin.qq.com/s/m_u4oBhAFw20NZu7oj3E2w,决战双高建设 决胜职本申办 奋力推进“两个先行”新征程——金职院举行2022年暑期中层干部读书会,2022-08-26,,,
16,https://www.jhc.cn/2022/0826/c4548a146478/page.htm,金职院党委理论学习中心组举行“首届世界职业技术教育发展大会精神和《总体国家安全观学习纲要》”专题学习会,2022-08-26,宣传统战部（文化育人办公室）,于辰辰,465
16,https://www.jhc.cn/2022/0826/c4548a146479/page.htm,金职院卢旺达穆桑泽国际学院入选全国首批鲁班工坊运营项目,2022-08-26,国合处,李宇圣,336
16,https://www.jhc.cn/2022/0905/c4548a146681/page.htm,浙江省高职院校2022年度科研工作研讨会在宁波,2022-08-25,科技处,黄雪芳,74
16,https://mp.weixin.qq.com/s/znXdbzJ_dV_H3oaMsKdJCw,国赛快讯丨商学院学子喜获2022年全国职业院校职业技能大赛高职组“会计技能”赛项一等奖,2022-08-24,,,
16,https://www.jhc.cn/2022/0823/c4548a146446/page.htm,国赛快讯丨制药学子喜获2022年全国职业院校技能大赛高职组“矿井灾害应急救援技术”赛项三等奖,2022-08-23,制药学院,夏良,520
16,https://www.jhc.cn/2022/0821/c4548a146444/page.htm,国赛快讯丨机电学子喜获2022年全国职业院校技能大赛高职组“机器人系统集成”赛项二等奖,2022-08-23,机电工程学院,章斌,769
16,https://mp.weixin.qq.com/s/lJtdk68qSQoN32TUCOg-Fg,国赛快讯丨医学学子喜获2022年全国职业院校技能大赛高职组“护理技能”赛项一等奖,2022-08-22,,,
16,https://mp.weixin.qq.com/s/JouszWU7n6pBDOjL-E0z6g,金职院全面参与世界职业技术教育发展大会,2022-08-21,,,
16,https://www.jhc.cn/2022/0819/c4548a146392/page.htm,国赛快讯丨农学学子喜获2022年全国职业院校技能大赛高职组“园艺”赛项一等奖,2022-08-19,农学院,胡晓聪,953
16,https://www.jhc.cn/2022/0816/c4548a146376/page.htm,金职院举办2022年全国职业院校教育与体育专业大类课程思政集体备课会,2022-08-17,师范学院,胡云莺 余俊帅,1010
16,https://www.jhc.cn/2022/0816/c4548a146363/page.htm,中国科学院院士杨焕明一行调研指导金职院,2022-08-16,宣传统战部（文化育人办公室）,周飞腾  摄影  王天,743
16,https://www.jhc.cn/2022/0816/c4548a146360/page.htm,金职院党委理论学习中心组举行“《习近平谈治国理政》（第四卷）和习近平总书记在省部级主要领导干部专题研讨班上的重要讲话精神”专题学习会,2022-08-16,宣传统战部（文化育人办公室）,李琳 摄影 王天,575
16,https://www.jhc.cn/2022/0809/c4548a146343/page.htm,国赛快讯丨信息学子喜获2022年全国职业院校技能大赛高职组“移动应用开发”赛项个人二等奖,2022-08-10,信息工程学院,黄博闻  陈晓龙,703
16,https://www.jhc.cn/2022/0808/c4548a146296/page.htm,国赛快讯丨机电学子喜获2022年全国职业院校技能大赛高职组“机器视觉系统应用”赛项二等奖,2022-08-09,机电工程学院,章斌,1524
17,https://www.jhc.cn/2022/0808/c4548a146285/page.htm,校领导走访调研暑期改造修缮项目现场并慰问一线人员,2022-08-08,宣传部（文化育人办公室）,李琳,894
17,https://www.jhc.cn/2022/0808/c4548a146286/page.htm,市应急管理局局长胡宏立一行来金职院调研市应急管理学院建设,2022-08-08,建筑工程学院,朱锋盼,714
17,https://www.jhc.cn/2022/0808/c4548a146284/page.htm,国赛快讯丨医学学子喜获2022全国职业院校技能大赛高职组“中药传统技能”赛项二等奖,2022-08-08,医学院,张慧芳,696
17,https://www.jhc.cn/2022/0805/c4548a146270/page.htm,国赛快讯丨信息学子喜获2022年全国职业院校技能大赛高职组“云计算”赛项个人二等奖,2022-08-07,信息工程学院（怀卡托国际学院）,马益普,1038
17,https://www.jhc.cn/2022/0802/c4548a146268/page.htm,国赛快讯丨信息学子喜获2022年全国职业院校技能大赛高职组“软件测试”赛项三等奖,2022-08-06,信息工程学院（怀卡托国际学院）,梅旭时,795
17,https://mp.weixin.qq.com/s/Bxg1LZHQjdLVbWSMdarSOg,金职院召开疫情防控工作会议,2022-08-04,,,
17,https://mp.weixin.qq.com/s/7ZjoFhO0U5nEsNkEFZxZSg,5金7银！金职院在第八届浙江省国际“互联网+”大学生创新创业大赛中再获佳绩,2022-08-01,,,
17,https://mp.weixin.qq.com/s/cQHuURmx0alrUM_LD3rtJQ,金职院喜获8项教育部人文社会科学研究项目立项公示,2022-07-31,,,
17,https://www.jhc.cn/2022/0731/c4548a146145/page.htm,许昌市副市长赵鹏、市政协副主席崔合荣一行到金职院调研,2022-07-31,宣传部（文化育人办公室）,卜晓斌,901
17,https://www.jhc.cn/2022/0727/c4548a146123/page.htm,共叙军民情深      共谱发展新篇——校领导走访慰问共建部队,2022-07-29,学生处 学工部 人武部,金飞龙、朱圣杰,563
17,https://mp.weixin.qq.com/s/VypUgoo9-eJpPQBY6qXhXQ,课改为基 创新为魂——金职院在2022年浙江省高职院校教学能力比赛中喜获佳绩,2022-07-28,,,
17,https://www.jhc.cn/2022/0728/c4548a146111/page.htm,副市长阮刚辉一行调研指导金职院,2022-07-28,校办,郑湛淼 摄影 王天,890
17,https://www.jhc.cn/2022/0724/c4548a146041/page.htm,杭州市婺城商会来校开展校企合作交流,2022-07-24,信息工程学院（怀卡托国际学院）,​周荃,825
17,https://mp.weixin.qq.com/s/fgPV6h_KdUqzKlkcmZNOwA,2022年国家奖学金网上评审系统应用试点工作会议在金华职院举行,2022-07-22,,,
18,https://www.jhc.cn/2022/0720/c4548a145965/page.htm,省总工会党组书记吕志良一行调研金职院智能化精密制造产教园,2022-07-20,机电工程学院,娄珺  摄影  孙立臣,1141
18,https://mp.weixin.qq.com/s/dlrdHLBiXr9DgvxOTY3Vkg,商学院两支队伍喜获2022年全国大学生电子商务“创新、创意及创业”挑战赛国赛特等奖,2022-07-18,,,
18,https://www.jhc.cn/2022/0716/c4548a145841/page.htm,武汉职业技术学院暑期中层领导干部培训班在金职院举行,2022-07-17,商学院 ,陈晓威,2111
18,https://www.jhc.cn/2022/0713/c4548a145694/page.htm,校领导现场调研校内实训基地2023年拟改造场地,2022-07-13,金华职业技术学院,,1086
18,https://www.jhc.cn/2022/0713/c4548a145653/page.htm,金职院召开附属医院（海棠医院）建设项目廉政集体谈话会,2022-07-13,纪委办,丁潇宁,856
18,https://www.jhc.cn/2022/0712/c4548a145637/page.htm,山东商业职业技术学院领导干部能力提升研修班在金职院举行,2022-07-12,师范学院,​胡云莺,931
18,https://mp.weixin.qq.com/s/BwYq0lq8j-1ST7NG3SSXYQ,全国高职唯一！我校生涯咨询室获评2022年全国高校生涯咨询特色工作室,2022-07-12,,,
18,https://www.jhc.cn/2022/0711/c4548a145625/page.htm,我校教师李思雨喜获省高校思政概论课教学展示比赛特等奖,2022-07-11,公共基础学院（马克思主义学院）,李思雨,604
18,https://www.jhc.cn/2022/0711/c4548a145626/page.htm,推进“两个先行” 扛起职教担当│金职院掀起学习贯彻省第十五次党代会精神热潮,2022-07-11,,,645
18,https://www.jhc.cn/2022/0709/c4548a145577/page.htm,推进“两个先行” 扛起职教担当│校长梁克东在医学院宣讲省第十五次党代会精神,2022-07-09,医学院 ,李存航 摄影 孙立臣,684
18,https://www.jhc.cn/2022/0708/c4548a145556/page.htm,副市长庄凌飞一行调研指导金职院,2022-07-08,宣传部（文化育人办公室）,周飞腾  章静   摄影  孙立臣,825
18,https://www.jhc.cn/2022/0707/c4548a145548/page.htm,推进“两个先行” 扛起职教担当│校党委书记王振洪在师范学院宣讲省第十五次党代会精神,2022-07-07,师范学院,胡云莺,693
18,https://www.jhc.cn/2022/0707/c4548a145543/page.htm,信息学子喜获2022年浙江省职业院校技能大赛“云计算”赛项一等奖,2022-07-07,信息工程学院,马益普,231
18,https://www.jhc.cn/2022/0707/c4548a145524/page.htm,商学院学子喜获2022年浙江省职业院校技能大赛“会计技能”赛项两项一等奖,2022-07-07,商学院（金义网络经济学院）,单松 施学良 郭晴,691
19,https://www.jhc.cn/2022/0706/c4548a145505/page.htm,金职院党委召开第五轮巡察反馈会议,2022-07-06,巡察办,吴天昊,606
19,https://www.jhc.cn/2022/0706/c4548a145486/page.htm,金职院召开干部荣休座谈会,2022-07-06,组织部、离退休工作处 ,周巍,1436
19,https://www.jhc.cn/2022/0705/c4548a145460/page.htm,金职院党委召开2022年上半年全面从严治党专题会议,2022-07-05,校办,王升   吴嘉丽  摄影  郑胜杰,832
19,https://www.jhc.cn/2022/0705/c4548a145449/page.htm,金职院党委理论学习中心组举行“省第十五次党代会精神和《干在实处 勇立潮头——习近平浙江足迹》”专题学习会,2022-07-05,宣传部（文化育人办公室）,于辰辰   摄影  王天,493
19,https://www.jhc.cn/2022/0704/c4548a145411/page.htm,金职院党委理论学习中心组举行“新时代高校网络舆情特征与处置策略”专题学习会,2022-07-04,宣传部（文化育人办公室）,于辰辰   摄影  王天,441
19,https://www.jhc.cn/2022/0704/c4548a145402/page.htm,机电学子喜获浙江省职业院校技能大赛“现代电气控制系统安装与调试”赛项一等奖,2022-07-04,机电工程学院,楼蔚松,690
19,https://www.jhc.cn/2022/0704/c4548a145376/page.htm,金职院当选第二届高职中外合作办学机构与项目联席会理事长单位,2022-07-04,信息工程学院 （怀卡托国际学院）,​潘雨晴,529
19,https://www.jhc.cn/2022/0701/c4548a145335/page.htm,金职院获评“绿色学校（高等学校）三星等级”荣誉称号,2022-07-01,后勤中心,章苗,770
19,https://www.jhc.cn/2022/0701/c4548a145326/page.htm,金职院党委组织开展“七一”走访慰问活动,2022-07-01,金华职业技术学院,周巍 摄影 王天,578
19,https://www.jhc.cn/2022/0630/c4548a145279/page.htm,中国教育报刊社一行来金职院调研中高职一体化课程改革,2022-06-30,教务处,陈丽敏,676
19,https://www.jhc.cn/2022/0630/c4548a145257/page.htm,金职院双线混合式招聘会打通学生就业最后一公里,2022-06-30,机电工程学院,朱文品 苏哲,915
19,https://www.jhc.cn/2022/0629/c4548a145248/page.htm,商学院学子喜获浙江省职业院校技能大赛“市场营销技能”赛项一等奖,2022-06-29,商学院（金义网络经济学院）,张超,594
19,https://mp.weixin.qq.com/s/vuJNZ1Wi_OmM52k_QxPBDA,铭记光辉历史 凝聚奋进力量——金职院举行2022年“七一”表彰大会,2022-06-28,,,
19,https://www.jhc.cn/2022/0628/c4548a145220/page.htm,金职院举行2022年大学生“双百双进”暑期社会实践暨““一带一路””阿郎行乡村振兴专项行动出征仪式,2022-06-28,校团委,赵倩,642
20,https://www.jhc.cn/2022/0626/c4548a145158/page.htm,奋楫勇进埋头苦干  乡村振兴同心共富——浙江省现代农业职教集团第二届理事会在新昌举行,2022-06-26,农学院,胡尹莎、郭康康,960
20,https://mp.weixin.qq.com/s/VtQyQWVYrdYx6JmtZJs4tw,金职院党委召开党委专题（扩大）会 传达学习贯彻省第十五次党代会精神,2022-06-25,,,
20,https://www.jhc.cn/2022/0622/c4548a145032/page.htm,教育部“职教国培”高职学校专业领军教师高级研修班在金职院开班,2022-06-22, 机电工程学院  继教处,娄珺  陈泓伊,2388
20,https://mp.weixin.qq.com/s/aWi5agIBXtlbeiWEYW28rw,金华职业技术学院校园媒体联盟正式成立,2022-06-22,,,
20,https://www.jhc.cn/2022/0622/c4548a145022/page.htm,医校共建育人才  访企拓岗促就业  合作深化共发展,2022-06-22,医学院,​徐晓莹 方露燕 肖宁,629
20,https://www.jhc.cn/2022/0622/c4548a145005/page.htm,金职院与建德市签署校地合作框架协议,2022-06-22,就业指导处、创业学院,李浩波 孟东方,560
20,https://www.jhc.cn/2022/0621/c4548a145000/page.htm,建工学子喜获2022年浙江省职业院校技能大赛“建筑工程识图”赛项一等奖,2022-06-21,建筑工程学院,张弦波  张琳娜  胡冰琳,651
20,https://www.jhc.cn/2022/0620/c4548a144970/page.htm,金职院召开第十七次学生代表大会,2022-06-20,校团委,胡宇翔,617
20,https://mp.weixin.qq.com/s/7PWKzTKId_aYuE4LVBrr-g,金职院作为牵头单位立项“教育部—联合国儿基会《绿色技能》培训材料开发项目”,2022-06-18,,,
20,https://www.jhc.cn/2022/0617/c4548a144867/page.htm,学在金职 爱上金华——金职院举办2022毕业季系列专场招聘活动,2022-06-17,就业处  商学院（金义网络经济学院）,卢双 李浩波,932
20,https://www.jhc.cn/2022/0617/c4548a144885/page.htm,金华市委老干部局局长钟术清一行来金职院走访调研,2022-06-17,离退休工作处,周巍,585
20,https://mp.weixin.qq.com/s/xa_kP6UafcP3cZUYAWsU0g,心向未来   逐光前行——金华职业技术学院2022届毕业典礼隆重举行,2022-06-15,,,
20,https://www.jhc.cn/2022/0615/c4548a144777/page.htm,市文联主席蓝跃军一行来金职院走访调研,2022-06-15,艺术创意学院,金典,861
20,https://www.jhc.cn/2022/0614/c4548a144754/page.htm,金职院党委专题研究党建工作,2022-06-14,组织部,陈静泓  摄影  郑胜杰,621
21,https://www.jhc.cn/2022/0614/c4548a144732/page.htm,副校长成军应邀参加省职业教育示范性虚拟仿真实训基地建设研讨会,2022-06-14,教务处,王磊,664
21,https://www.jhc.cn/2022/0613/c4548a144708/page.htm,医学院学子喜获2022浙江省职业院校技能大赛“健康与社会照护”赛项一等奖,2022-06-13,医学院,方露燕,682
21,https://www.jhc.cn/2022/0613/c4548a144684/page.htm,旅游学子喜获浙江省职业院校技能大赛 “导游服务”赛项一等奖,2022-06-13,旅游学院,李维云,340
21,https://mp.weixin.qq.com/s/DfCZn1IBBqqOvkag1HH2Sw,清正担当 竞舟金湖——金职院开展廉政文化建设系列活动,2022-06-12,,,
21,https://www.jhc.cn/2022/0611/c4548a144660/page.htm,旅游学子喜获浙江省职业院校技能大赛“餐厅服务”赛项一等奖,2022-06-11,旅游学院,陈景,777
21,https://www.jhc.cn/2022/0609/c4548a144606/page.htm,金职院党委理论学习中心组举行“职业教育教师队伍能力提升行动”专题学习会,2022-06-09,宣传部*（文化育人办公室）,于辰辰  摄影  王天,835
21,https://mp.weixin.qq.com/s/VVrDbQrpe03bCE51ETEgzg,校领导走访慰问国赛备赛师生,2022-06-09,,,
21,https://www.jhc.cn/2022/0531/c4548a144541/page.htm,金职学子喜获浙江省职业院校技能大赛“英语口语”赛项多个奖项,2022-06-07,公共基础学院   商学院（金义网络经济学院）,王瑾   童芳 陈舜孟,775
21,https://www.jhc.cn/2022/0607/c4548a144508/page.htm,医学院学子喜获浙江省职业院校技能大赛“护理技能”赛项一等奖,2022-06-07,医学院,陈桂园,1152
21,https://www.jhc.cn/2022/0603/c4548a144450/page.htm,商学院学子喜获浙江省职业院校技能大赛“货运代理”赛项一等奖,2022-06-06,商学院（金义网络经济学院）,高琪  施学良,790
21,https://mp.weixin.qq.com/s/aaFcr1sc_c-oDiHQS-OvVQ,金职院举行“喜迎二十大 永远跟党走 奋进新征程”主题教育实践活动暨2022年共青团表彰大会,2022-06-04,,,
21,https://mp.weixin.qq.com/s/J4eILfvNaXEvvrBn3n72ow,粽情端午  “毕”有未来——第十五期”书记校长“有约如期举行,2022-06-03,,,
21,https://www.jhc.cn/2022/0603/c4548a144426/page.htm,喜报！金职院斩获浙江省第十三届“挑战杯”大学生创业计划竞赛11项荣誉,2022-06-03,校团委,胡宇翔,1050
21,https://www.jhc.cn/2022/0602/c4548a144421/page.htm,中国科学院院士麻生明一行来金职院考察调研,2022-06-02,校办,郑湛淼,747
22,https://www.jhc.cn/2022/0602/c4548a144418/page.htm,市领导一行到金职院附属幼儿园走访慰问,2022-06-02,附属幼儿园 校团委,陆丽华 赵倩,666
22,https://www.jhc.cn/2022/0602/c4548a144408/page.htm,制药学子喜获首届浙江省职业院校技能大赛“矿井灾害应急救援技术”赛项一等奖,2022-06-02,制药学院,曾宇春,464
22,https://www.jhc.cn/2022/0601/c4548a144363/page.htm,金职院在全省首届高职扩招退役军人毕业生就业工作视频会议上作交流发言,2022-06-01,就业处  旅游学院,陈晓明  应莉,611
22,https://www.jhc.cn/2022/0601/c4548a144330/page.htm,金职院党委开展第26期夜学,2022-06-01,宣传部（文化育人办公室）,于辰辰,613
22,https://www.jhc.cn/2022/0531/c4548a144327/page.htm,金职院召开纪检干部培训会,2022-05-31,校纪委,徐文杰  摄影 郑胜杰,459
22,https://www.jhc.cn/2022/0531/c4548a144301/page.htm,金职院党委召开专题（扩大）会议传达学习全省职业教育大会精神以及金华市委市政府支持学校高质量发展的意见,2022-05-31,校办,吴嘉丽,600
22,https://www.jhc.cn/2022/0528/c4548a144239/page.htm,传递“金”名片  搭好“鹊”桥路——金职院开展书记校长访企拓岗促就业专项行动,2022-05-28,就业指导处  创业学院,李浩波  孟东方,1036
22,https://mp.weixin.qq.com/s/No_YCZdiwqJRUnISAFjJtA,高质量打造“五融五共”校企地党建共同体 助力共同富裕先行示范——金华职业技术学院党委与中共武义县委举行党建共同体成立仪式,2022-05-27,,,
22,https://www.jhc.cn/2022/0527/c4548a144232/page.htm,重温真理味道 感悟红色伟力——金职院开展信仰之源大寻访活动,2022-05-27,组织部 统战部,章静 摄影 王天 孙立臣,459
22,https://www.jhc.cn/2022/0527/c4548a144228/page.htm,金职院与巴西阿克里州政府举行项目合作洽谈视频会议,2022-05-27,陈宏金 金晓,农学院  国合处,423
22,https://www.jhc.cn/2022/0520/c4548a144021/page.htm,金职院召开2022年度校友工作研讨会,2022-05-20,校友会,陈蝶丽,903
22,https://www.jhc.cn/2022/0519/c4548a143973/page.htm,金职院成立创新创业虚拟联合教研室,2022-05-19,就业指导处,吴芳珍,1523
22,https://www.jhc.cn/2022/0518/c4548a143956/page.htm,金职院召开“双强型”青年专业人才实践锻炼动员会,2022-05-18,组织部,姜伟仁,993
22,https://www.jhc.cn/2022/0518/c4548a143955/page.htm,百日冲刺再推进   勠力同心促就业——金职院召开2022届毕业生就业创业工作推进会,2022-05-18,就业指导处  创业学院,李浩波  孟东方,707
23,https://mp.weixin.qq.com/s/CR_taPSd2n0wjPAHdVgXyA,"""强国有我 青春力量”大型理论宣讲走进金职院",2022-05-17,,,
23,https://www.jhc.cn/2022/0517/c4548a143882/page.htm,金职院召开校党委第五轮巡察工作动员部署会,2022-05-17,巡察办,谢华 摄影 王天,740
23,https://www.jhc.cn/2022/0515/c4548a143806/page.htm, 金职院第八届就业创业文化节暨职业生涯规划活动月启动,2022-05-15,就业处,吴芳珍 吕继艳,629
23,https://www.jhc.cn/2022/0514/c4548a143787/page.htm,首期走进“双高计划”建设校高级研修班圆满落幕,2022-05-14,继教处,陈泓伊,1072
23,https://www.jhc.cn/2022/0514/c4548a143772/page.htm,金职院党委理论学习中心组举行“现代职业教育高质量发展院校研究与实践”专题学习会,2022-05-14,宣传部*（文化育人办公室）,于辰辰  摄影 郑胜杰,584
23,https://www.jhc.cn/2022/0513/c4548a143764/page.htm, 中非职业教育联合会正式成立，金职院作为发起单位入会,2022-05-13,国合处,李宇圣,440
23,https://www.jhc.cn/2022/0512/c4548a143717/page.htm,金职院党委召开专题（扩大）会议传达学习《浙江省内部审计规定》,2022-05-12,宣传部（文化育人办公室）,于辰辰  摄影 王天,608
23,https://mp.weixin.qq.com/s/c8mz7uxeBN2IbaKA-zkF9A,金职院入选浙江省第一批绿色学校（高等学校）名单,2022-05-11,,,
23,https://www.jhc.cn/2022/0511/c4548a143646/page.htm,金职院在全省国际“互联网+”大学生创新创业大赛职教赛道动员部署视频会议上作交流发言,2022-05-11,就业指导处 创业学院,杨燕君 凌杰,591
23,https://mp.weixin.qq.com/s/TPJKw0u3IA5j-jUWwK2aUQ,金职院师生热议习近平总书记在庆祝中国共产主义青年团成立100周年大会上的重要讲话,2022-05-10,,,
23,https://www.jhc.cn/2022/0510/c4548a143608/page.htm,深化丝路电商发展  推广非洲好物好地——金华职业技术学院主动参与“SAWA~AFRICA非洲好物网购节”活动,2022-05-10,国合处,李宇圣,624
23,https://mp.weixin.qq.com/s/Ddgr_Rg3SZuon8uHrtGpUQ,创佳绩！金职院辅导员在全省高校辅导员素质能力大赛中获得一、三等奖,2022-05-09,,,
23,https://mp.weixin.qq.com/s/CLkQF-SifFY1b7TFIBRVyg,金职院党委开展第25期夜学,2022-05-05,,,
23,https://mp.weixin.qq.com/s/ygsRXgCa_QPoUKOGbFXTbg,金职院举行2022年纪念五四运动升旗仪式,2022-05-04,,,
24,https://mp.weixin.qq.com/s/Ei6ibIyk8i9aJyGd9lQyIw,习近平总书记在中国人民大学考察时的重要讲话引发金职院师生热烈反响,2022-05-01,,,
24,https://www.jhc.cn/2022/0430/c4548a143195/page.htm,浙江省现代职业教育研究中心召开2022年度学术委员会会议,2022-04-30,职教院 ,徐珍珍  摄影  王天,706
24,https://www.jhc.cn/2022/0430/c4548a143186/page.htm,市领导走访慰问金职院“全国五一劳动奖章”获得者章跃洪,2022-04-30,机电工程学院,娄珺  摄影 郑胜杰,3113
24,https://www.jhc.cn/2022/0429/c4548a143180/page.htm,金职院党委理论学习中心组举行《中华人民共和国职业教育法》专题（扩大）学习会,2022-04-29,宣传部（文化育人办公室）,周飞腾   摄影  王天,769
24,https://mp.weixin.qq.com/s/wjun4aWG7Z-jYoJzP1U9Og,有学头、有盼头、有奔头——金职师生热议新《职业教育法》,2022-04-29,,,
24,https://mp.weixin.qq.com/s/3Y2PU8soML8r6aOrCfwlCw,金职院2021年度高层次职教研究论文发表数位居全国高职院校第一,2022-04-28,,,
24,https://www.jhc.cn/2022/0428/c4548a143145/page.htm,金职院再添一个浙江省青年文明号,2022-04-28,校团委 商学院,何碧峰 胡宇翔,559
24,https://www.jhc.cn/2022/0428/c4548a143133/page.htm,金职院在浙江省青年志愿服务项目大赛中取得新突破,2022-04-28,校团委,陈佳俊 胡宇翔,512
24,https://www.jhc.cn/2022/0427/c4548a143110/page.htm,金职院党委召开专题会议传达学习习近平总书记考察中国人民大学重要讲话精神,2022-04-27,宣传部（文化育人办公室）,于辰辰,555
24,https://www.jhc.cn/2022/0428/c4548a143116/page.htm,学校组织参加教育部职成司《职业学校学生实习管理规定》专题培训会,2022-04-27,教务处,余经纬,325
24,https://www.jhc.cn/2022/0422/c4548a143008/page.htm,金职院党委理论学习中心组举行“党内法规制度建设、中国人权发展道路和《信访工作条例》 ”专题学习会,2022-04-22,宣传部（文化育人办公室）,于辰辰  摄影 郑胜杰,971
24,https://www.jhc.cn/2022/0422/c4548a142990/page.htm,金职院在教育部“一站式”学生社区综合管理模式建设试点工作经验分享会上作交流发言,2022-04-21,学生处,丰辉 陈颖燕,1020
24,https://mp.weixin.qq.com/s/CUw9AZOje9cIPB50yR5JQw,勇当先锋   彰显担当——金职院百名教职工下沉社区一线助力疫情防控,2022-04-20,,,
24,https://mp.weixin.qq.com/s/8p4RWnNhnv4sB7gEdZ2tag,金职院上下全力做好防疫工作，多措并举筑牢抗疫防线,2022-04-20,,,
25,https://mp.weixin.qq.com/s/6z9-Uy5yQooM9qV6abwbkg,我校教师章跃洪获“全国五一劳动奖章 ”,2022-04-19,,,
25,https://mp.weixin.qq.com/s/e8wDFGjsjAcNazkpZLfl_w,金职院师生齐心携手共抗疫，与金同在显担当,2022-04-18,,,
25,https://www.jhc.cn/2022/0417/c4548a142837/page.htm,党委书记王振洪应邀参加职业教育高质量发展暨《人大复印报刊资料·职业技术教育》编委会工作会议,2022-04-17,职教院,金亮,713
25,https://www.jhc.cn/2022/0415/c4548a142806/page.htm,金职院召开2022年校园安全稳定工作会议,2022-04-15,保卫处,林报春  摄影 王天,1028
25,https://www.jhc.cn/2022/0413/c4548a142693/page.htm,金职院党委召开专题会议传达学习全省教育系统工作会议精神以及金华市两会精神,2022-04-13,办公室,王升  摄影  王天,1048
25,https://www.jhc.cn/2022/0413/c4548a142692/page.htm,金职院举行杭州2022年亚运会志愿者动员大会暨通用培训开班仪式,2022-04-13,校团委,胡宇翔,636
25,https://www.jhc.cn/2022/0412/c4548a142645/page.htm,金职院召开2022年全面从严治党工作会议暨警示教育大会,2022-04-12,宣传部（文化育人办公室）,王璐  摄影  王天,1098
25,https://www.jhc.cn/2022/0411/c4548a142584/page.htm,全省高校唯一！金职院学前教育团队入选人力资源和社会保障部专家服务基层示范团,2022-04-11,人事处   师范学院  ,陈庭来 胡云莺  梅晓辉   ,1119
25,https://www.jhc.cn/2022/0411/c4548a142592/page.htm,开门红！医学生蝉联省大学生医学技术技能大赛金奖,2022-04-11,医学院,周向锋 周飞腾 潘惠英,529
25,https://www.jhc.cn/2022/0407/c4548a142511/page.htm,金职院科技助农典型案例获评全国优秀案例,2022-04-07,校办（合作与发展办）  农学院,徐茹倩,1278
25,https://www.jhc.cn/2022/0407/c4548a142514/page.htm,喜迎二十大   奋进新征程——金职院第三届思政微课大赛圆满落幕,2022-04-07,校团委   制药学院 ,王惠程 赵倩,1399
25,https://mp.weixin.qq.com/s/OOA-STwK2fAywiHf7mXIkQ,金职院党委开展第24期夜学,2022-04-06,,,
25,https://www.jhc.cn/2022/0404/c4548a142416/page.htm,假期疫情防控不松弦——金职院党委书记率队走访调研校园疫情防控常态化工作,2022-04-04,宣传部（文化育人办公室）,周飞腾 摄影  郑胜杰,1021
25,https://www.jhc.cn/2022/0403/c4548a142411/page.htm,团市委书记王一来校调研指导亚运会志愿服务工作,2022-04-03,校团委,胡宇翔,1517
26,https://www.jhc.cn/2022/0402/c4548a142402/page.htm,跨越中卢万里山海  师生隔屏热情学习——金职院“未来非洲—中非职教合作计划”项目首批学生正式开课,2022-04-02,国合处 ,李宇圣,1507
26,https://mp.weixin.qq.com/s/NpxABNQLkTE6wzfWmPOObw,金职院隆重召开校七届三次教职工暨二次工会会员代表大会,2022-03-31,,,
26,https://www.jhc.cn/2022/0329/c4548a142272/page.htm,金职院召开2022年上半年统战工作会议,2022-03-29,组织部,章静,1095
26,https://www.jhc.cn/2022/0329/c4548a142271/page.htm,奋力抓好后继有人这个根本大计——金职院党委专题研究干部工作,2022-03-29,组织部,周孝强,884
26,https://www.jhc.cn/2022/0329/c4548a142240/page.htm,金职院举办“养老育幼”国家级职业教育教师教学创新团队研究项目开题报告会,2022-03-28,医学院 ,董丽华,833
26,https://www.jhc.cn/2022/0327/c4548a142195/page.htm,金职院举行2022年教师教学能力比赛首轮比赛和云端研讨,2022-03-27,教务处,朱友银,931
26,https://www.jhc.cn/2022/0325/c4548a142188/page.htm,聚焦新时代教师教育创新发展与变革——省教育学会小学与学前教师教育分会年会在金职院召开,2022-03-25,师范学院,高敏 胡云莺   摄影   王天,643
26,https://www.jhc.cn/2022/0327/c4548a142193/page.htm,省教育厅专家组调研金职院师范生培养工作,2022-03-25,师范学院,余俊帅 胡云莺,657
26,https://www.jhc.cn/2022/0325/c4548a142179/page.htm,金职院产教融合案例成功入选两个“国字号”榜单,2022-03-25,机电工程学院,娄珺,1228
26,https://www.jhc.cn/2022/0321/c4548a142053/page.htm,金职院机械党支部成功入选“全国党建工作样板支部”,2022-03-21,机电工程学院,黄鹏程  章妙,942
26,https://www.jhc.cn/2022/0318/c4548a142013/page.htm,金职院举行“职教本科专业申报”主题教研活动,2022-03-18,教务处   机电工程学院,王妍 王科荣  摄影   王天,1715
26,https://www.jhc.cn/2022/0317/c4548a141947/page.htm,金职院召开2021年招生总结暨2022年招生宣传动员会,2022-03-17,招生办,唐芳,971
26,https://www.jhc.cn/2022/0315/c4548a141876/page.htm,金职院出台首个海外引才政策,2022-03-15,人事处,陈江赟,1107
26,https://mp.weixin.qq.com/s/3KBP-HBiH8dkrKH4KQvLCQ,从严从紧压实责任    落实落细防控举措——校领导带队深入一线督察防疫工作   ,2022-03-14,,,
27,https://www.jhc.cn/2022/0313/c4548a141807/page.htm,金职院召开党委（扩大）会议：深入学习贯彻全国两会精神   重点研究部署校园疫情防控工作,2022-03-13,办公室,周鹏帅,1014
27,https://www.jhc.cn/2022/0312/c4548a141801/page.htm,金职院召开疫情防控专项会议强化落实近期校园疫情防控工作,2022-03-12,办公室,周鹏帅,681
27,https://mp.weixin.qq.com/s/lZezdutbNCT3fq4ST_Uhhw,全国第44个植树节：吾家金职，再添一点绿,2022-03-11,,,
27,https://www.jhc.cn/2022/0311/c4548a141760/page.htm,省教育厅职成教处处长陈达赴金职院调研指导,2022-03-11,宣传部（文化育人办公室）,周飞腾  摄影 王天,1121
27,https://www.jhc.cn/2022/0311/c4548a141741/page.htm,省委办公厅调研组调研金职院校企共建高端产教融合平台建设运行情况,2022-03-11,机电工程学院 ,娄珺  摄影 王天,662
27,https://www.jhc.cn/2022/0314/c4548a141820/page.htm,就创工作启新程    策马扬鞭勇奋进——金职院2022年就创工作研讨会顺利召开,2022-03-11,就业指导处    创业学院,孟东方,1072
27,https://mp.weixin.qq.com/s/gRs8yK2Lu1Z3hTP7EXjKDw,金职院举行首届“双华”奖学金捐赠暨颁奖仪式,2022-03-11,,,
27,https://www.jhc.cn/2022/0305/c4548a141539/page.htm,中国高等教育学会副会长张大良一行来金职院考察指导,2022-03-05,宣传部（文化育人办公室）,王璐 摄影 孙立臣,1406
27,https://www.jhc.cn/2022/0304/c4548a141492/page.htm,金职院党委开展第23期夜学,2022-03-04,宣传部（文化育人办公室）,于辰辰 摄影 孙立臣,838
27,https://www.jhc.cn/2022/0304/c4548a141480/page.htm,金职院召开党委（扩大）会专题传达学习市第八次党代会精神,2022-03-03,宣传部（文化育人办公室）,于辰辰  摄影 孙立臣,709
27,https://www.jhc.cn/2022/0303/c4548a141475/page.htm,金职院举行2022年“学雷锋 献热血”学雷锋月启动仪式,2022-03-03,旅游学院,张璟琨 邢丛科,407
27,https://www.jhc.cn/2022/0303/c4548a141471/page.htm,提质量   促内涵   夯实本科专业办学——金职院举行与嘉兴学院合作本科办学教学质量提升研讨会,2022-03-03,师范学院,陈紫蔚   ,636
27,https://www.jhc.cn/2022/0302/c4548a141439/page.htm,弘扬生态文明    创建绿色学校——金职院接受省绿色学校创建评价验收,2022-03-02,后勤中心,赵迪茜  摄影   孙立臣  郑胜杰,763
27,https://www.jhc.cn/2022/0302/c4548a141437/page.htm,金职院召开2022年体育工作会议,2022-03-02,公共基础学院,周盛 童国权  摄影 王天,552
28,https://www.jhc.cn/2022/0228/c4548a141360/page.htm,中共金华职业技术学院委员会关于省委授权巡视组反馈意见整改进展情况的通报,2022-02-28,金华职业技术学院,,1289
28,https://www.jhc.cn/2022/0228/c4548a141359/page.htm,金职院组织参加全国高等学校实验室安全工作视频会议,2022-02-28,教务处,余经纬,630
28,https://mp.weixin.qq.com/s/zKzlbqaGs-Ja9wxTQq06Vg,金职院举行“金职菁英学堂”首期年轻干部培训班结业仪式,2022-02-24,,,
28,https://www.jhc.cn/2022/0224/c4548a141288/page.htm,金职院召开新学期教学工作会议,2022-02-24,教务处,王妍,1051
28,https://www.jhc.cn/2022/0222/c4548a141256/page.htm,“一对一”精准对接  “点对点”把脉问诊——校领导走访解难题  服务暖师生,2022-02-22,宣传部（文化育人办公室）,周飞腾 王璐  摄影  郑胜杰  王天  孙立臣,1142
28,https://mp.weixin.qq.com/s/5jwwuBIqhxALaaenFOmgmg,金职院在全国普通高校大学生竞赛排行榜（2017～2021）中位列第一,2022-02-22,,,
28,https://www.jhc.cn/2022/0220/c4548a141182/page.htm,浙江大学信电学院院长陈红胜一行来金职院考察交流,2022-02-20,信息工程学院,周荃,1049
28,https://mp.weixin.qq.com/s/HX0tqarKcj6RSrp7O80ImQ,以担当作为践行新时代金职精神——金职院召开2022年教职工大会,2022-02-18,,,
28,https://www.jhc.cn/2022/0218/c4548a141170/page.htm,“大满贯”！金职院入选《2021中国职业教育质量年度报告》四大榜单,2022-02-18,宣传部（文化育人办公室）,王璐,982
28,https://www.jhc.cn/2022/0218/c4548a141169/page.htm,全省高职唯一！金职院获批2022年高校思想政治工作精品项目,2022-02-18,宣传部（文化育人办公室）,李琳,525
28,https://www.jhc.cn/2022/0217/c4548a141105/page.htm,职业教育助力共同富裕系列报道：金职院深入磐安县方前镇寺岙村对接帮扶工作,2022-02-17,商学院,金川涵   摄影 孙立臣,1058
28,https://www.jhc.cn/2022/0217/c4548a141104/page.htm,职业教育助力共同富裕系列报道：金职院走访调研磐安职业教育中心,2022-02-17,商学院,金川涵   摄影 孙立臣,687
28,https://www.jhc.cn/2022/0215/c4548a141063/page.htm,职业教育助力共同富裕系列报道：金职院走访调研金华九峰职业学校,2022-02-15,学生处,章国栋   摄影 孙立臣,871
28,https://www.jhc.cn/2022/0214/c4548a141056/page.htm,职业教育助力共同富裕系列报道：金职院走访调研沙畈乡青草村,2022-02-14,组织部  ,陈德仙  摄影 孙立臣,677
29,https://www.jhc.cn/2022/0213/c4548a141053/page.htm,金职院机械制造与自动化专业教师团队入选第二批全国高校黄大年式教师团队,2022-02-13,人事处,梅晓辉,701
29,https://www.jhc.cn/2022/0212/c4548a141052/page.htm,职业教育助力共同富裕系列报道：金职院走访调研武义县职业技术学校,2022-02-12,校办,徐茹倩   摄影   孙立臣,863
29,https://www.jhc.cn/2022/0210/c4548a141050/page.htm,金职院党委召开专题会议 研究部署2022年全面从严治党工作,2022-02-10,党委宣传部（文化育人办公室）,于辰辰  摄影孙立臣,820
29,https://mp.weixin.qq.com/s/yQXOVoI7L30SXNnpydt_9Q,金职院7项教学成果全部获2021年浙江省教学成果奖,2022-02-09,,,
29,https://mp.weixin.qq.com/s/0fY5UrUrYxQOvzQuWqC9_w,党委书记王振洪走访慰问春节在岗教职工与留金过年学生,2022-02-01,,,
29,https://www.jhc.cn/2022/0129/c4548a141038/page.htm,百年积蕴  创新融合——中国教育电视台专题聚焦金华职业技术学院,2022-01-29,金华职业技术学院,,642
29,https://www.jhc.cn/2022/0129/c4548a141025/page.htm,学习“充充电”  假期“不打烊”——金职院开展教师教学能力提升专题交流活动,2022-01-29,教务处 ,朱友银,547
29,https://www.jhc.cn/2022/0128/c4548a141024/page.htm,跨越中卢万里隔屏操作     鼠标代替双手真实体验——金职院远程实境实验平台首次助力对非师资培训,2022-01-28,国合处   信息工程学院,李宇圣   陈群挺,386
29,https://www.jhc.cn/2022/0127/c4548a141016/page.htm,祝福声声暖  关怀浓浓情——校领导班子走访慰问离退休老同志,2022-01-27,组织部  医学院,周巍 周新阳  摄影  郑胜杰 王天,539
29,https://www.jhc.cn/2022/0123/c4548a140982/page.htm,金职院党委传达学习省“两会”精神和省市党史学习教育总结会精神,2022-01-23,宣传部,于辰辰  摄影  孙立臣,523
29,https://mp.weixin.qq.com/s/44xob9X4fBDc1sGMOl7L_Q,留金过年！金职院外籍师生乐享“中国年”,2022-01-23,,,
29,https://www.jhc.cn/2022/0121/c4548a140962/page.htm,金职院党委传达学习习近平总书记在十九届中央纪委六次全会上的重要讲话精神,2022-01-21,宣传部,摄影   孙立臣,363
29,https://www.jhc.cn/2022/0119/c4548a140847/page.htm,畅叙鱼水深情  共谋融合发展——校领导走访慰问金华军分区,2022-01-19,学生处,金飞龙 朱圣杰  摄影  王天,633
29,https://www.jhc.cn/2022/0118/c4548a140831/page.htm,非洲职业院校管理人员和骨干教师培训在金职院正式开班,2022-01-18,国合处,李宇圣,515
30,https://www.jhc.cn/2022/0117/c4548a140818/page.htm,金职院召开2022年“互联网+”创新创业大赛动员会议,2022-01-17,就业指导处  创业学院,杨燕君 凌杰  摄影  王天,452
30,https://www.jhc.cn/2022/0115/c4548a140805/page.htm,明思路  谋出路  探新路——金职院召开重点改革与建设项目工作专班2021年总结分析会,2022-01-15,校办,陆海峰   摄影  王天,543
30,https://mp.weixin.qq.com/s/DpJkTuMbOIKNmUm4eEUjKg,金职院召开职业教育高质量发展党委专题学习会暨“双高”建设中期汇报会  ,2022-01-14,,,
30,https://www.jhc.cn/2022/0114/c4548a140779/page.htm,金职院党委领导班子召开党史学习教育专题民主生活会,2022-01-14,宣传部 校办,于辰辰 王升  摄影 孙立臣,398
30,https://www.jhc.cn/2022/0115/c4548a140789/page.htm,第三届宠物营养国际学术云端盛会在金职院圆满落幕,2022-01-14,农学院,朱欢  许佳,209
30,https://www.jhc.cn/2022/0114/c4548a140778/page.htm,金职院党委召开第四轮巡察反馈会议,2022-01-14,巡察办,谢华,259
30,https://www.jhc.cn/2022/0113/c4548a140753/page.htm,金职院连续三年蝉联浙江省高职高专院校国际化总体水平第一,2022-01-13,国合处,王艳 金晓,365
30,https://www.jhc.cn/2022/0111/c4548a140732/page.htm,“养老育幼”国家级职业教育教师教学创新团队协作共同体成立大会在金职院召开,2022-01-12,医学院,董丽华,387
30,https://mp.weixin.qq.com/s/JUkmuQkgn_OydvdD8yZMlQ,金职院召开第五届教学能力比赛启动会,2022-01-11,,,
30,https://mp.weixin.qq.com/s/CLwOwOJLL4GfFR7GCIU8EQ,金职院党委开展第22期夜学,2022-01-10,,,
30,https://www.jhc.cn/2022/0110/c4548a140616/page.htm,立足规范 彰显品牌 力推学校高质量发展   ——金职院召开2021年继续教育工作分析会,2022-01-09,继续教育处,陈泓伊,430
30,https://mp.weixin.qq.com/s/GxwxjXPFG5MBYbZTCPwI3w,这“疫”关，我们都是答卷人！,2022-01-07,,,
30,https://www.jhc.cn/2022/0107/c4548a140607/page.htm, “疫”不容辞  让党旗飘扬在疫情防控一线,2022-01-07,组织部,周孝强,430
30,https://www.jhc.cn/2022/0106/c4548a140597/page.htm,金职院连夜开展全员核酸检测,2022-01-06,金华职业技术学院,,4487
31,https://www.jhc.cn/2022/0105/c4548a140594/page.htm,校长梁克东到医学院宣讲党的十九届六中全会精神,2022-01-05,医学院  ,周飞腾,347
31,https://www.jhc.cn/2022/0105/c4548a140582/page.htm,全国电子商务职业教育教学指导委员会常务副主任陆春阳一行来学校考察指导,2022-01-05,商学院（金义网络经济学院）,施学良,729
31,https://www.jhc.cn/2021/1231/c4548a140400/page.htm,金职院党委召开校园安全专项整顿工作专题会议,2021-12-31,校办,郑湛淼,912
31,https://www.jhc.cn/2021/1231/c4548a140398/page.htm,金职院党委召开2021年第四季度全面从严治党专题会议,2021-12-31,校办,王升,465
31,https://www.jhc.cn/2021/1231/c4548a140340/page.htm,金职院召开2021年度专业建设重点突破与特色创新项目交流会,2021-12-31,教务处,朱友银 辛奇,627
31,https://www.jhc.cn/2021/1230/c4548a140304/page.htm,金职院图书馆获批成为中国图书馆学会高职院校图书馆分会主任单位,2021-12-30,图档中心  ,金乐,498
31,https://www.jhc.cn/2021/1229/c4548a140292/page.htm,“述”出使命 “评”出担当  ——金职院召开2021年度二级党委（直属支部）书记抓党建思政工作述职评议会,2021-12-29,组织部,陈静泓,910
31,https://www.jhc.cn/2021/1229/c4548a140289/page.htm,坚持思想引领  强化主责主业  ——金职院举行2021年二级学院团委负责人述职会,2021-12-29,校团委,胡宇翔 赵倩,776
31,https://mp.weixin.qq.com/s/MaM6brkhOawYRk5y0YSV4A,金职院入选第二批全省党建工作示范高校等4个党建“双创”培育创建单位,2021-12-28,,,
31,https://www.jhc.cn/2021/1228/c4548a140245/page.htm,金职院党委书记王振洪应邀在全国职业教育高质量发展研讨会上作专题报告,2021-12-28,教务处、双高办,张猛,940
31,https://www.jhc.cn/2021/1227/c4548a140176/page.htm,副校长成军受邀在“2021中国-印度职业教育合作研讨会”上作专题发言,2021-12-27,教务处,朱友银,579
31,https://www.jhc.cn/2021/1224/c4548a140163/page.htm,金职院位列全国高职院校教师教学发展指数榜单第三,2021-12-24,教师发展中心,李泓冰,653
31,https://www.jhc.cn/2021/1223/c4548a140135/page.htm,全国商务数据开发与应用职业教育集团2021年会在金职院召开,2021-12-23,商学院, 楼小明,1024
31,https://www.jhc.cn/2021/1222/c4548a140098/page.htm,金职院入选教育部“一站式”学生社区综合管理模式建设自主试点单位,2021-12-22,学生处, 陈颖燕,1032
32,https://www.jhc.cn/2021/1220/c4548a140055/page.htm,金职院召开新提任科职干部任前集体谈话暨廉政谈话会,2021-12-20,金华职业技术学院,姜伟仁,1378
32,https://www.jhc.cn/2021/1217/c4548a140007/page.htm,金职院入选教育部-联合国儿基金会“核心能力提升”青少年教育合作项目试点院校,2021-12-17,教务处,盛胜航,683
32,https://www.jhc.cn/2021/1217/c4548a139995/page.htm,金职院当选为中非（南）职业教育联盟副理事长单位,2021-12-17,国际合作交流处, 李宇圣,542
32,https://www.jhc.cn/2021/1216/c4548a139981/page.htm,金职院两个众创空间成功入选2021年度省级众创空间,2021-12-16,就业指导处、创业学院,潘方斌、费锋、张俊福,595
32,https://mp.weixin.qq.com/s/pRXBiM1agDuKNnIXX3czGA,金职院组织开展综合性校园临时封闭管理应急演练,2021-12-15,,,
32,https://www.jhc.cn/2021/1215/c4548a139893/page.htm,金职院10名专家入选新一届全国行（教）指委委员,2021-12-15,教务处　,张猛,1010
32,https://www.jhc.cn/2021/1210/c4548a139801/page.htm,金职院获批教育部首批瑞士乔治费歇尔智能制造创新实践基地培育建设单位,2021-12-10,机电工程学院, 娄珺,1135
32,https://www.jhc.cn/2021/1210/c4548a139784/page.htm,金职院申报9个省级产教融合项目全部获得立项,2021-12-10,教务处（校企合作处）,蒋妙琦,1077
32,https://mp.weixin.qq.com/s/vQwJin6O90ZGZSSC9hlCKg,金职院开展校园安全专项整顿督查工作,2021-12-10,,,
32,https://mp.weixin.qq.com/s/hvsLNgjgDBBjLwwLLBceiQ,金职院召开疫情防控工作研究部署会议,2021-12-08,,,
32,https://www.jhc.cn/2021/1206/c4548a139636/page.htm,金职院海外分校办学案例入选《““一带一路””教育国际交流优秀案例选集》,2021-12-06,国际合作交流处 ,  金晓  李宇圣,603
32,https://www.jhc.cn/2021/1206/c4548a139635/page.htm,金职院党委专题研究党建工作,2021-12-06,组织部 ,陈静泓,1105
32,https://www.jhc.cn/2021/1204/c4548a139591/page.htm,金职院2022届毕业生“三结合”视频双选会成功举办,2021-12-04,就业指导处 创业学院 ,孟东方,681
32,https://www.jhc.cn/2021/1204/c4548a139590/page.htm,科技引领 创新驱动——金职院-浙大金华研究院签署倡议合作协议,2021-12-04,信息工程学院,周荃,881
