商品名,商品价格/$,销量,商品详情url
Mini Folding Knife Acrylic Wood Handle Stainless Steel Blade Unboxing Portable Small Blade Keychain Hanging Outdoor Camping EDC,3.0,"""1,000+ bought this""",https://www.wish.com/product/6140c9aff5ea514176083288
Peaky blinder Movie Coated paper Poster Bar Cafe Vintage High quality Printing Drawing core Decorative Painting 42*30cm,1.0,"""1,000+ bought this""",https://www.wish.com/product/5ce8209551bdd874528cc617
Men Women Ice Silk Arm Sleeves Sports Sleeve Sun UV Protection Hand Cover Cooling Warmer for Running Fishing Cycling Ski,1.0,"""5,000+ bought this""",https://www.wish.com/product/61d49d8c1974d4a342116d86
Red Energy Drink Bull Embroidery Mesh Baseball Cap Fashion Unisex Golf Hat Sports Caps Outdoors Hats Fashion Headgear,7.63,"""100+ bought this""",https://www.wish.com/product/62138cc6c83b3534658481c9
Mini Electric Iron Portable Travel Craft Clothing Sewing Pad Electric Protection Household Cover Iron Supplies,6.0,"""1,000+ bought this""",https://www.wish.com/product/5fd08307d8a8cc4061ef4874
Men Women Ice Silk Arm Sleeves Sports Sleeve Sun UV Protection Hand Cover Cooling Warmer for Running Fishing Cycling Ski,1.0,"""5,000+ bought this""",https://www.wish.com/product/61d49d8c1974d4a342116d86
Highly Absorbent and Quick Dry Extra Large Bath Towel Super Soft Hotel Bathroom Solid Color Soft Quality Towel Bath Shower Towels 100% Cotton,1.0,"""100+ bought this""",https://www.wish.com/product/61bd8de879cd0ccbd6740892
Anime ONE PIECE Key Chain Zoro Shanks Metal Wanted Post Pendant Keychains Luffy Ace Hat Keyrings Car Bag Charm Key Ring Key Holder Accessories Fashion Jewelry,2.0,"""100+ bought this""",https://www.wish.com/product/61baee9f32d40f010685a03e
Red Energy Drink Bull Embroidery Mesh Baseball Cap Fashion Unisex Golf Hat Sports Caps Outdoors Hats Fashion Headgear,7.63,"""100+ bought this""",https://www.wish.com/product/62138cc6c83b3534658481c9
New Fidget Spinner Metal Antistress Hand Spinner Adult Toys Kids Anti-stress Spinning Top Gyroscope Stress Reliever Children Toy,7.0,"""100+ bought this""",https://www.wish.com/product/61b70714975bc5415b5a6d21
Walt Villains Droids Sheet of 20 Forever First Class Postage Stamps By USPS,6.0,"""10+ bought this""",https://www.wish.com/product/627a84366debd7ed8fa720bc
Peaky blinder Movie Coated paper Poster Bar Cafe Vintage High quality Printing Drawing core Decorative Painting 42*30cm,1.0,"""1,000+ bought this""",https://www.wish.com/product/5ce8209551bdd874528cc617
Comfortable Whitening Teeth Fake Cosmetic Tooth Denture Silicone Smile Veneers Beauty Tool False Tooth Oral Care Upper + Lower Teeth/Upper or Lower Teeth(Natural Shade),2.0,"""100+ bought this""",https://www.wish.com/product/60d9e09f507bbf6fc88ae8a0
Luxury Ultra Thin Transparent Plating TPU Soft Case for Iphone 13 13Pro 13Pro Max 12 12Pro 12Pro Max11 11Pro 11Pro Max SE 2020 XR Xs Max 8 7 6 Plus,0.0,"""1,000+ bought this""",https://www.wish.com/product/61e1017a32b2512a5316ace3
New One Piece Zoro Print T-shirt Women Men Casual Loose Short Sleeve Fashion Streetwear Personality Tee Tops,3.0,"""50+ bought this""",https://www.wish.com/product/617cfccf169a7d9be7ed5641
New Square Mirror Face Silicone Band Digital Watch Red LED Watches Metal Frame WristWatch Sport Clock,2.0,"""20,000+ bought this""",https://www.wish.com/product/5d9b2074d1140416f4a4de2c
1 Pair Men Women Boat Socks Short Socks Funny Novelty Socks,2.0,"""50+ bought this""",https://www.wish.com/product/623986ea0550b4b034b8a7ab
3D Anime Dragon Ball Z Goku Blanket for Beds Hiking Picnic Quilt Fashionable Bedspread Fleece Throw Blanket Sofa blanket B22,8.0,"""8 bought this""",https://www.wish.com/product/61a300766a09894c0e129432
1pc Europe Style Vintage Suitcase Shape Metal Candy Storage Box Wedding Favor Tin Box Cable Organizer Container tin boxes gift storage boxes,2.0,"""10,000+ bought this""",https://www.wish.com/product/5ac99aa0823a3e34217c05e5
Handle sponge brush blue soft magic sponge eraser to clean bathtub tile cleaner kitchen tool bathroom tile brush with handle bathtub brush strong decontamination rag scouring pad household durable ceramic tile glass brush kitchen restaurant household wall cleaning brush tool accessories,2.0,"""10,000+ bought this""",https://www.wish.com/product/61baeb68c6155cae01e775c7
Trendy Romantic Lady Gold Plated Crystal Zircon Beaded Chain Bracelet Women Charm Gorgeous Exquisite Bracelets Valentine's Gift Party Wedding Jewelry,2.0,"""1,000+ bought this""",https://www.wish.com/product/5fe198ee2770f44d3d9c1706
Bestway,,,
Woman'S Jewelry Plated Solid Opal /Cat Eye Stone Dangle Earrings For Women Wedding Jewelry Boho Elegant Drop Earrings,1.0,"""""",https://www.wish.com/product/62df722b66f83e282ddee1eb
For IPhone 13 Pro Max Shockproof Bumper Clear Phone Case For IPhone 13 12 11 Pro Max XR X XS 6 7 8 Plus Soft Silicone Matte Hard Cover,0.0,"""5,000+ bought this""",https://www.wish.com/product/61a5c57960feb00408f3a266
Supernatural Anniversary Poster Supernatural Signed Poster Horizontal Wrapped Canvas/ Paper Poster Without Framed Full Size,18.0,"""50+ bought this""",https://www.wish.com/product/5f4829018e1c9313417089d0
"1PCS Mini Knife Neck Knife Pendant,Lanyard and Sheath, Perfect for Fishing, Hunting or Anything Outdoors",1.0,"""5,000+ bought this""",https://www.wish.com/product/60b10c4ada256c41619bdb8a
Rice Sieve Plastic Colander Sieve Rice Washing Filter Strainer Basket Kitchen Tools Food Beans Sieve Fruit Bowl Drainer Cleaning,3.0,"""5,000+ bought this""",https://www.wish.com/product/60a7234526d5979ccd25ffff
Anime One Piece Hat,2.0,"""100+ bought this""",https://www.wish.com/product/61dd3fff5a132e5fddfc4f8c
Hot Sale Rocky Balboa 3D Printing T-shirt  Fashion Popular Classic Movie Legend Sylvester Stallone Men/Women's Casual Hipster T-shirt,5.0,"""50+ bought this""",https://www.wish.com/product/6195249c134f9356b8c20e86
Creative Stainless Steel Shovel Shaped Spoon Fork Long Handle Coffee Spoon Teaspoon Stirring Spoon,1.0,"""5,000+ bought this""",https://www.wish.com/product/5ebe5475982c690a6596633c
Handmade Mini Money Stack Bag Charms! Stitch Marker/progress Keeper/clip on Charm/bag Charm/zipper/planner Charm,2.0,"""1,000+ bought this""",https://www.wish.com/product/5f97db00d882f01d87a833ca
New Men's Flame Printed Sneakers Flying Weave Sports Shoes Comfortable Running Shoes Outdoor Men Athletic Shoes,13.0,"""100+ bought this""",https://www.wish.com/product/61cabe47caf0a1dfd55db8b7
Intex,,,
Fashion Anime One Piece Phone Cases for iPhone 12 13 mini 11 Pro Max Cover iPhone XR X XS Max SE 2020 8 7 6 Plus Xiaomi Poco X3 NFC Mi 10T 11 Redmi Note 10 9 8 8T Pro Max Samsung Galaxy A50 S21 A21 A71 A72 A52 A02 A12 A70 A22 A20 A40 A51 A42 S30 A32 F12 A30 Huawei P40 P30 P20 Mate 20 30 Back Cover,3.0,"""100+ bought this""",https://www.wish.com/product/61c2943c6e1dc5214b9f63f1
New Men Massage Relax Toys For Male,17.0,"""100+ bought this""",https://www.wish.com/product/5eaa769664c7a2118040a943
3Pcs/Set Astronaut Decoration Cute Model Little Astronaut Car Home Living Room Desktop Decoration Decoration Birthday Gift,4.0,"""100+ bought this""",https://www.wish.com/product/61b1a5023de11246be943ce5
Red Bull Upgraded Version of Cross-country Motorcycle Riding Protective Wear-resistant Gloves Bicycle Fitness Mountain Downhill Climbing Racing Gloves,10.0,"""100+ bought this""",https://www.wish.com/product/616eb92e4cfa7fee400085ac
Fashion 3D Printing T Shirt Vertigo Hypnotic Unisex Funny Short Sleeved Tees Men/women Tops Pullover Tee,7.0,"""5,000+ bought this""",https://www.wish.com/product/5fbc6d3d35d0d9ed7db7436f
Finger Gyro Spinner Pen Gyroscope Decompression Light Ball Pen Shape Relieve Stress Writing Pen,3.0,"""20,000+ bought this""",https://www.wish.com/product/5d9c3459b8c99e0ea9e4fde0
Motorcycle Light Mini Universal Motorcycle LED Turn Signal Indicators Light Amber Blinker Light Lighting Tail Lamp MK-100,5.0,"""""",https://www.wish.com/product/5f8e8712172a530040117563
3D Anime Dragon Ball Z Goku Blanket for Beds Hiking Picnic Quilt Fashionable Bedspread Fleece Throw Blanket Sofa blanket B22,8.0,"""8 bought this""",https://www.wish.com/product/61a300766a09894c0e129432
Anime ONE PIECE Design Men T-shirt Summer Fashion Printing Tee Shirts Short Sleeve Tops,2.0,"""100+ bought this""",https://www.wish.com/product/60d1b2d84c930d30ebeaaf4b
Bestway,,,
New Fidget Spinner Metal Antistress Hand Spinner Adult Toys Kids Anti-stress Spinning Top Gyroscope Stress Reliever Children Toy,7.0,"""100+ bought this""",https://www.wish.com/product/61b70714975bc5415b5a6d21
Anne of Green Gables Collection (TV) (1985-2000) Collection Movies TV Series Poster,21.0,"""2 bought this""",https://www.wish.com/product/613f44351cc625ff704186a6
Magnetic Mosquito Net Door Anti Mosquito Insect Fly Bug Curtains Automatic Closing Door for Kitchen Magnetic Door Mosquito Net,7.0,"""100+ bought this""",https://www.wish.com/product/60dd5ee9a71722ec2f694ffe
5D DIY Diamond Painting Kits for Adults Full Drill Sheep Cross Stitch Arts Craft Canvas for Home Wall Decor Gift,6.0,"""100+ bought this""",https://www.wish.com/product/5f3b4bf345824100397db40e
Fashion Women Watches Bracelet Ser Ladies Rose Gold Diamond Luxury Bracelet Watch Casual Elegant Quartz Wristwatch Stainless Steel Analog Watches Female Clock Relogio Feminino,1.0,"""100+ bought this""",https://www.wish.com/product/6143f9aabde344a07d435b4c
New Caterpie 18CM Plush Doll Soft Cartoon Dolls Christmas Gift Stuffed Toy,6.0,"""50+ bought this""",https://www.wish.com/product/60d52dc252f53b5a8553072f
1 Pcs Motorcycle LED Flash STOP Indicator Lamp Universal Brake Turn Signal Warning Taillight Light,3.0,"""100+ bought this""",https://www.wish.com/product/60ec217e1cfeabc609178d63
Summer Personalized Casual Fashion 3d Printed Short-sleeved Top,4.0,"""""",https://www.wish.com/product/62cb94e1c49049b4bfebfd0c
5D DIY Religious Diamond Embroidery Jesus Full Drill Diamond Painting Diamond Mosaic Art Home Decoration Gift,4.0,"""100+ bought this""",https://www.wish.com/product/5fd6fc5e1f2c4e56ce63c760
MY Sun proof embroidery letter cap couple baseball cap fashion sun hat,5.0,"""100+ bought this""",https://www.wish.com/product/607d11f36f5261ca49413cdd
LED 7 Colors Shower Head Water Glow Light Colorful Changing LED Shower Light High Pressure Shower Head Handheld Shower Head  Water Saving  Bathroom Accessories,6.0,"""3 bought this""",https://www.wish.com/product/62d7bc3b663b04c7ffcd6617
Summer Waves,,,
New Hot Square Mirror Face Silicone Band Digital Watch Red LED Watches Metal Frame WristWatch Sport Clock Hours,2.0,"""1,000+ bought this""",https://www.wish.com/product/5fe2e66c06a7e708f2467fc1
New Fashion Playing Card Ace Spades Diamonds T Shirt Short Sleeve Tops,4.0,"""100+ bought this""",https://www.wish.com/product/6126ee2a47b70aa0f902b3dd
NEHZY 925 sterling silver new woman jewelry fashion earrings high quality retro five leaf flower leaf grass pop,2.0,"""10+ bought this""",https://www.wish.com/product/62b66d1b879fafee41596fe1
New Wireless Bluetooth Earphone Mini Invisible In-Ear Sports Earbuds with Microphone Super Stereo Headphones,2.0,"""20,000+ bought this""",https://www.wish.com/product/5e314ff072046b0b895a1f43
Playing Poker Cards Portable Mini Small Poker Interesting Playing Card Board Game Outside Outdoor or Travel Mini Size Pokers,1.0,"""1,000+ bought this""",https://www.wish.com/product/60b4a7fc355c3d44437f96d0
MINI 440 Stainless Steel Axe Hatchet Pocket Knife EDC Full Tang Wood Handle Gift with Sheath Keyring,2.0,"""50+ bought this""",https://www.wish.com/product/6204f792a9a6a99b1a58bf0e
NEW STYLE Vintage Anime Wanted One Piece Poster Figure Collection Luffy Four Emperors Roger Kraft Paper Wanted,1.0,"""20,000+ bought this""",https://www.wish.com/product/5d4ad7a64f9234562b62025f
Playing Poker Cards Portable Mini Small Poker Interesting Playing Card Board Game Outside Outdoor or Travel Mini Size Pokers,1.0,"""1,000+ bought this""",https://www.wish.com/product/60b4a7fc355c3d44437f96d0
Anime ONE PIECE Design Men T-shirt Summer Fashion Printing Tee Shirts Short Sleeve Tops,2.0,"""100+ bought this""",https://www.wish.com/product/60d1b2d84c930d30ebeaaf4b
Bar Toilet Girl Painting Sexy Woman Canvas Prints Bar Make Up Wall Art Picture Poster for Bathroom Home Decor (No Frame),5.0,"""8 bought this""",https://www.wish.com/product/6100ee08eee8b363a5e9921f
112 Cards Capacity Cards Holder Binders Albums for Pokemon CCG MTG Magic Yugioh Board Game Cards Book Sleeve Holder,4.0,"""20,000+ bought this""",https://www.wish.com/product/59eda2d0763a8f7ff5ff67bc
Finger Gyro Spinner Pen Gyroscope Decompression Light Ball Pen Shape Relieve Stress Writing Pen,3.0,"""20,000+ bought this""",https://www.wish.com/product/5d9c3459b8c99e0ea9e4fde0
Fujifilm,,,
Men Beach Casual Sports T-shirt Cotton Tops 5 Colors,4.0,"""100+ bought this""",https://www.wish.com/product/60a21840e38c027e8061af3c
1pcs Portable security lock door buckle lock safety tool home privacy door buckle lock,4.0,"""100+ bought this""",https://www.wish.com/product/605739f6406b0787ba888a07
360 Degrees Rotating Water Saving Propeller Shower Head Wind with Fan High Pressure Spray Nozzle,5.0,"""100+ bought this""",https://www.wish.com/product/622eddff3e16e16f0c8de67e
5D DIY Religious Diamond Embroidery Jesus Full Drill Diamond Painting Diamond Mosaic Art Home Decoration Gift,4.0,"""100+ bought this""",https://www.wish.com/product/5fd6fc5e1f2c4e56ce63c760
2022 Spring and Summer T-shirt European and American Hip-hop 3D Printing Men's Street Long-sleeved Sports T-shirt,5.74,"""100+ bought this""",https://www.wish.com/product/619c85e3d5b3bc9711420919
MagicSponge Eraser Clean Melamine Multi-Function Foam Cleaner(10/30/50/100PCS),1.0,"""50+ bought this""",https://www.wish.com/product/6225c10eb9d814c89fa5e1e3
"Satanic Jewelry Antique Stainless Steel Powerful Pentacle Necklaces Pentagram, Wicca Traditional Seal of Solomon Pendant with 22 Inch Chain",10.0,"""100+ bought this""",https://www.wish.com/product/5dc242bd29e7866280cd397e
New Wireless Bluetooth Earphone Mini Invisible In-Ear Sports Earbuds with Microphone Super Stereo Headphones,2.0,"""20,000+ bought this""",https://www.wish.com/product/5e314ff072046b0b895a1f43
Bubble Gun Rocket 32/69/80/132 Holes Soap Bubbles Machine Gun Shape Automatic Blower With Light Toys For Kids Pomperos Children‘s Day Gift,6.0,"""100+ bought this""",https://www.wish.com/product/62c92801be262a0c8a22555c
ALEKO,,,
MINI 440 Stainless Steel Axe Hatchet Pocket Knife EDC Full Tang Wood Handle Gift with Sheath Keyring,2.0,"""50+ bought this""",https://www.wish.com/product/6204f792a9a6a99b1a58bf0e
1pc New Stainless Steel Free Punching Cabinet Door No Trace Hook S-Type Door Hanger Door Hanger Rear Hanger Small Hook,2.0,"""100+ bought this""",https://www.wish.com/product/61d50b83e3609ce22a9f4d76
Men's Clothes Summer V-neck Loose Fit Short Sleeve T-shirts Solid Color Tops Casual Tees Shirts Mens Shirts,10.0,"""10+ bought this""",https://www.wish.com/product/62aade98aa9f0d33f7923ed4
Star Wars Poster Star Wars Character Poster Horizontal Wrapped Canvas/ Paper Poster Without Framed Full Size,18.0,"""100+ bought this""",https://www.wish.com/product/5f48231ee8f25a003e2dffb1
1 Piece Folders A4 Paper Writing Clip Clipboard Student Stationery Supplies Portable Horizontal Writing Pad (not Including Others),6.0,"""50+ bought this""",https://www.wish.com/product/5f5b5c2d11e77d1e2e0c4314
Ray Ban,,,
720°Rotating Kitchen Faucet Extender Water Saving Tap Nozzle Adapter Universal Splash Filter Spray Bathroom Sink Accessories Faucet Adapter,3.0,"""1,000+ bought this""",https://www.wish.com/product/61c3ec4009e511a511785a9b
New Halloween Luminous Bat Light Colorful Gradient Plastic Bat Pendant Pendant Ghost Festival Decoration Props Bat,2.0,"""""",https://www.wish.com/product/62d7b774a6d4628a8fc00d3f
Upgraded ultra-thin card 2.4-inch handheld video game console portable game console built-in 500 game console retro game console,15.0,"""100+ bought this""",https://www.wish.com/product/61610622fb1244171fa02299
200Pcs Playing Cards Vstar GX Tag Team Vmax EX Mega Cards Anime Game Carte Trading Collection Children Toy Gifts,7.0,"""""",https://www.wish.com/product/62df35e19bf1b96788c6a1dd
Mini Crossbow Chopsticks Bow Cross Arrow Bow Ornaments Outdoor Hunting Toy Decompression Toys（size1 or Size2),3.0,"""10,000+ bought this""",https://www.wish.com/product/5f6ca911df4597004c269d07
Tropical Fish Water Bag Transparent Resin Pendant Keychain Fish Water Bag Charms Resin Fish Charms Pendants,2.0,"""100+ bought this""",https://www.wish.com/product/60fb643bf3049a580134529b
3 Monkeys Poster Cool Graffiti Street Art Posters Print Wall Art Picture for Living Room Modern Canvas Art No Frame,6.0,"""50+ bought this""",https://www.wish.com/product/608540c06512200253d572d0
Children Fidget Hand Spinner  Stress Relief  Finger  Focus Toys for EDC ADHD Autism,3.0,"""10,000+ bought this""",https://www.wish.com/product/58a508b45548f00a31b6effa
