页码,微博id,微博作者,发布时间,微博内容,微博正文url,转发数,评论数,点赞数
1,4969179033897576,甄昊元,2023-11-17 21:34:27,#佳木斯坍塌体育馆3人遇难#  此类大跨度轻质材料的平屋顶项目，在北方有很多。经常有因为暴雪导致坍塌的事件。但是全部拆除重建，耗资巨大，压力也大。 刚刚路上构思了一个轻质的自动感知降雪和自动除雪的装置，或可解决这个问题。简单构想了一下，大多数项目都有条件安装这个装置，成本又不高，出现降 ...全文,https://m.weibo.cn/detail/4969179033897576,0,0,1
1,4969508573806958,RECHARGE-,2023-11-18 19:23:55,一个没有希望的社会，底层人民永远逃脱不了当韭菜的命运，铁拳来了众生平等，就像烂尾楼，就像佳木斯体育馆坍塌，不会因为你是公务员，你是事业单位，就给就给你复工给你解决问题，因为你在它们眼中只是一个不值钱的韭菜罢了 RECHARGE-的微博视频 ,https://m.weibo.cn/detail/4969508573806958,0,0,0
1,4969333102739715,吴丽跃9333,2023-11-18 07:46:40,【三句半时评】：《谁在“崩溃”？》 （文/吴丽跃） 《新闻背景：3名初中生遇难！起底佳木斯坍塌体育馆。 记者 袁秀月 中国新闻网 2023-11-07 22:16 发表于北京事故发生后，体育馆因何发生坍塌、建造过程是否存在质量问题等，备受外界关注。媒体援引黑龙江省住建厅和黑龙江省应急管理厅的消息称，“11· ...全文,https://m.weibo.cn/detail/4969333102739715,0,0,0
1,4969218396391315,龙在天涯8333,2023-11-18 00:10:52,11月8日晚，黑龙江佳木斯市桦南县体育馆坍塌事故遇难者家属拒绝签署协议的视频引发网络关注。在视频中，遇难男孩的母亲痛诉失去孩子的悲痛，并称政府部门用家里公职人员亲属的工作来威胁，迫使家里签署某项协议。当晚，遇难男孩的姑姑告诉新黄河记者，家属希望相关部门能尽快查明事故真相，严惩相关责 ...全文,https://m.weibo.cn/detail/4969218396391315,0,0,1
1,4969173047314508,豆腐的麻婆,2023-11-17 21:10:40,#佳木斯坍塌体育馆3人遇难# 现在什么情况啦？ ,https://m.weibo.cn/detail/4969173047314508,0,0,0
1,4969078504031674,南方都市报,2023-11-17 14:54:59,【#佳木斯再迎暴雪健身场所等停业#！桦南一体育馆曾在雪中坍塌】11月17日，南都记者从黑龙江佳木斯市气象灾害应急指挥部获悉，佳木斯16日—18日再迎暴雪，决定于16日21时至18日09时启动重大气象灾害（暴雪）II级应急响应。佳木斯市主城区实行停课、停工、停产、停运、停业“五停”措施，除承担抢险救灾 ...全文,https://m.weibo.cn/detail/4969078504031674,0,1,3
1,4968837005184834,房子被强拆上访户杨德元,2023-11-16 22:55:21,我是黑龙江省绥化市北林区人，感到他们特无耻至极！黑龙江特腐败！坍塌了两个体育馆！《佳木斯体育馆坍塌，遇难者妈妈讨说法，所有人共情》佳木斯体育馆坍塌，遇难者妈妈讨说法，所有人共情网页链接 ,https://m.weibo.cn/detail/4968837005184834,2,1,0
1,4968676459022378,阿盈看盘,2023-11-16 12:17:24,最近爆出来的三件大事，陆家嘴毒土地，中山二院致癌，佳木斯体育馆坍塌，我们从中都能发现一个共同事实，监管部门的缺失和失责。我相信这些地方必然有贪污腐败，否则他们不会欺瞒至今，才使事件曝光，至于监管者是不是知晓会造成严重后果，那就只有他们自己心知肚明了。所以权力缺乏监督，监管者失责， ...全文,https://m.weibo.cn/detail/4968676459022378,2,1,126
1,4967680848431290,睡前视频基地,2023-11-13 18:21:12,【佳木斯体育馆倒塌 工程师眼里没有迷雾】根据现场细节，还原“11·6”桦南县悦城体育俱乐部坍塌事故过程，分析事故原因。#黑龙江桦南县一体育馆发生坍塌# 睡前视频基地的微博视频 ,https://m.weibo.cn/detail/4967680848431290,8473,747,17148
1,4968424195490173,濮阳消防,2023-11-15 19:35:00,#佳木斯一体育馆发生坍塌#【遇到建筑物坍塌该怎么办】若突遇建筑坍塌如何避难？如若被掩埋，该如何自救？戳下图一起了解一下吧！ #豫豫小课堂# ,https://m.weibo.cn/detail/4968424195490173,0,0,0
2,4968405623900786,良心萱草花,2023-11-15 18:21:12,"#自制美食# 2023-11月15日《半月谈吃~上》 图一：心❤️碎的感觉，“蛋蛋”的忧伤，国内（11月6日晚7时许，黑龙江佳木斯市桦南县一体育馆发生部分坍塌）。国外的也操心，巴以冲突升级，借图。 图4：冬至的饺子 图5：首次买羊蹄 BTW,雾霾真是准时报道，真希望它“迟到早退”🙏！最好矿工 ...全文",https://m.weibo.cn/detail/4968405623900786,0,0,0
2,4968393624521361,高台县融媒体中心,2023-11-15 17:33:31,【市安委会对高台县体育场馆开展安全检查】 为贯彻落实省安委办下发《关于汲取“11.6”佳木斯桦南悦城健身体育馆坍塌事故教训进一步做好体育场馆安全工作的通知》要求，消除安全隐患，筑牢安全底线，确保场馆运营安全平稳，11月14日上午，市安委办第二督查组对我县体育场馆开展设施设备安全隐患排查工 ...全文,https://m.weibo.cn/detail/4968393624521361,0,0,0
2,4967587794126353,亲爱的卡玛2012,2023-11-13 12:11:26,共情能力强的人，在这个世界实在没法活。 佳木斯体育馆坍塌事故，一个遇难孩子的母亲哭喊着：“我就这一个儿子14岁，品学兼优，肯定能上重点高中，我什么都幻想过，升学宴、婚礼，我就没想到给我儿子办葬礼……” 巴以战争，一位孕妇从废墟中被解救，医生将她肚子里的胚胎给取了出来，胚胎都成人形了， ...全文,https://m.weibo.cn/detail/4967587794126353,6,13,92
2,4968097653195941,财商财富受害人,2023-11-14 21:57:26,#佳木斯一体育馆发生坍塌##33岁男子自捆双脚跳桥身亡# 武汉市财商财富、乐居贷还我们活命钱 1.坚决抗议阻挠、阻止合理、合法上访！ 2.坚决抗议压制民主、民意！ 3.坚决抗议限制人生自由！ 4.坚决抗议、侵犯人权！@湖北省信访局 @湖北省经侦大队 ,https://m.weibo.cn/detail/4968097653195941,0,0,5
2,4967705763120585,南方周末,2023-11-13 20:00:12,#坍塌体育馆下掩藏了多少行业秘密#【#为何总有体育馆塌顶#：暴雪之下掩藏多少行业沉疴】百余天内，黑龙江省齐齐哈尔市、佳木斯市发生两起体育馆屋顶坍塌事故，分别造成11人、3人死亡，其中13人尚未成年。近年诸多场馆屋顶坍塌事故指向脆弱的大跨度钢结构这一设计形态，它是怎么从流行的建筑样式变成悬 ...全文,https://m.weibo.cn/detail/4967705763120585,31,24,67
2,4968049312794376,余生最爱卢先生_,2023-11-14 18:45:21,最近关注到哈尔滨和佳木斯体育馆坍塌，想知道为什么会坍塌，孩子是无辜的，体育馆的建造是哪个公司呢，又有资质吗，世界好魔幻。 ,https://m.weibo.cn/detail/4968049312794376,0,0,0
2,4968000588877404,环县政法,2023-11-14 15:31:44,#庆阳政法全媒体基层行# #权威通报#【最新进展！#佳木斯体育馆坍塌11人被采取强制措施#】@陇原政法 @中国长安网,https://m.weibo.cn/detail/4968000588877404,0,0,0
2,4967982717733429,阿虎的嘟嘟,2023-11-14 14:20:43,黑龙江佳木斯桦南县悦城体育俱乐部发生部分坍塌，事故发生时现场共有7人，其中3人自行脱险，1人轻伤，3人遇难。 一位体育馆遇难学生的妈妈去讨说法，当地威胁她，如果再闹就把他们家两个公职人员开除，这名妈妈愤怒地说：“我现在就可以和丈夫离婚，和孩子舅舅断绝亲情关系，我给孩子规划了未来，没给 ...全文,https://m.weibo.cn/detail/4967982717733429,0,2,2
2,4967970293418440,CFighters,2023-11-14 13:31:21,#佳木斯一体育馆发生坍塌#,https://m.weibo.cn/detail/4967970293418440,0,0,0
3,4967964656796427,钱紧张最近不紧张,2023-11-14 13:08:57,佳木斯体育馆坍塌事件工程师分析,https://m.weibo.cn/detail/4967964656796427,0,0,0
3,4967957338522758,铁军小子,2023-11-14 12:39:52,铁军小子 佳木斯这个体育馆坍塌是有原因的，系退休干部开发？难道干部还能参与工程建设？无法无天！据知情人透露，事发后这名退休干部和妻子二人被控制。他亲弟弟很可能还“涉黑”，体育馆在建设的时候就没考虑安全隐患，就是疯狂捞金 违规制造“豆腐渣”以赚钱为主要目的，根本不顾人的死活， ...全文,https://m.weibo.cn/detail/4967957338522758,0,1,1
3,4967947036528009,今生有缘2022,2023-11-14 11:58:56,#新闻# 最近在抖音看到黑龙江省佳木斯市桦南县一体育馆发生坍塌事故，背后的真相让人气愤，作为老百姓真想骂几句，真的是无语了 ,https://m.weibo.cn/detail/4967947036528009,0,1,2
3,4967257071422020,柳佳衣,2023-11-12 14:17:16,佳木斯体育馆坍塌 其中一个母亲大闹 自己老公就是体制内的，还搞什么离婚切割那一套，说白了就是又想闹，又不想失去那份饭碗。  自己想去闹别的体制内人员 自己家那位做的又怎样呢？ 如果  体制内官僚 体制内普通工作人员 都尽心尽责  又哪来这些事。  最后回旋镖打到自己身上，才知道痛苦。  我多次在 ...全文,https://m.weibo.cn/detail/4967257071422020,11,42,176
3,4967927650716830,天津和平消防,2023-11-14 10:41:54,【遇建筑物坍塌该怎么办？】#佳木斯一体育馆坍塌事故最新情况##佳木斯坍塌体育馆3人遇难# 建筑物坍塌事故前兆不明显，允许人员逃生的时间极短。万一遭遇建筑物坍塌该怎么办？如何有效避难？蓝朋友的这份提示请收好，希望用不到，但一定要知道！ 天津和平消防的微博视频 ,https://m.weibo.cn/detail/4967927650716830,0,0,3
3,4967919622557277,水母网,2023-11-14 10:10:00,【#佳木斯体育馆坍塌11人被采取强制措施#】#佳木斯体育馆坍塌事故无论涉及到谁坚决一查到底#记者在“11•6”悦城体育俱乐部屋顶坍塌事故处置工作领导小组了解到，警方已对以吴某迁为首的涉嫌造成此次坍塌事故的11名重点人员，采取了强制措施。目前，当地市县两级纪委监委正在开展调查工作。事故调查组 ...全文,https://m.weibo.cn/detail/4967919622557277,0,0,0
3,4967887850440874,我玩的不好怎么想都是你们的错,2023-11-14 08:03:45,#基建狂魔##佳木斯一体育馆发生坍塌# 10个人10天的工作量，要求3个人三天干完，不造假怎么办？你们每天看着新闻中又是某大工程加班加点提前完成不是都很自豪吗？ ,https://m.weibo.cn/detail/4967887850440874,0,0,0
3,4967801155223576,宝忬,2023-11-14 02:19:14,土木、建筑设计专业的同学，近几年可以往南京、齐齐哈尔、佳木斯投简历。今年的几条大新闻，坍塌事故的，就在这几个城市。这个行业在当地，就肯定要调整，这专业的人才在这种时机就能凸显才能、把握住机遇  #齐齐哈尔体育馆坍塌事故# ,https://m.weibo.cn/detail/4967801155223576,2,2,4
3,4967738206848267,米兰泰山,2023-11-13 22:09:07,#佳木斯体育馆坍塌11人被采取强制措施# 到底是怎么回事啊？希望公开真相！,https://m.weibo.cn/detail/4967738206848267,1,0,3
3,4967722613998646,财商财富受害人,2023-11-13 21:07:09,#齐齐哈尔坍塌体育馆已致10人死亡# #佳木斯一体育馆发生坍塌# //@财商财富受害人:11月8日武汉市财商财富出借人在湖北省信访局正当维权，省信访局不接访只截人，这己成了常态，省信访局形同虚设,https://m.weibo.cn/detail/4967722613998646,1,1,1
4,4967539353848185,圆周率等于31415926,2023-11-13 08:58:57,上周四条热点回顾:陆家嘴和苏钢的毒地事件；中山二院研究人员患癌事件；黑龙江佳木斯体育馆坍塌事件；襄樊佛山多地发现贩卖出生证明事件 ,https://m.weibo.cn/detail/4967539353848185,70,30,486
4,4967685654057687,开封消防,2023-11-13 18:40:18,【突遇建筑倒塌？这些自救知识请牢记！】如遇到建筑物坍塌时切勿慌乱，记住这些自救小知识，关键时刻可能用得上！ #佳木斯坍塌体育馆3人遇难# ,https://m.weibo.cn/detail/4967685654057687,0,0,0
4,4967666284497494,xh汤计,2023-11-13 17:23:20,黑龙江今年体育馆坍塌事故多#而且是接二连三地坍塌，接二连三地死人，还都是体育馆所！一场雨能把齐齐哈尔市一中学的体育馆浇塌顶，一场暴雪能把佳木斯市一健身体育馆压塌！我不得不惊呼：黑龙江的体育馆所都是啥质量？佳木斯的体育馆也塌了，安全责任到底落在哪儿了？ ,https://m.weibo.cn/detail/4967666284497494,1,3,2
4,4967219106679092,正宗短线王-007,2023-11-12 11:46:24,最近爆出来的三件大事，陆家嘴毒土地，中山二院致癌，佳木斯体育馆坍塌，我们从中都能发现一个共同事实，监管部门的缺失和失责。我相信这些地方必然有贪污腐败，否则他们不会欺瞒至今，才使事件曝光，至于监管者是不是知晓会造成严重后果，那就只有他们自己心知肚明了。所以权力缺乏监督，监管者失责， ...全文,https://m.weibo.cn/detail/4967219106679092,69,93,1179
4,4967656266927069,连云港市海州区法院,2023-11-13 16:43:31,【遇建筑物坍塌该怎么办？】据央视新闻报道，#佳木斯体育馆坍塌11人被采取强制措施# 。 建筑物坍塌事故前兆不明显，允许人员逃生的时间极短。万一遭遇建筑物坍塌该怎么办？如何有效避难？蓝朋友的这份提示请收好，希望用不到，但一定要知道！（中国消防）中国消防的微博视频 ,https://m.weibo.cn/detail/4967656266927069,0,0,2
4,4967255244276589,潇洒友A,2023-11-12 14:10:00,三年揽2.2亿！起底佳木斯体育馆坍塌背后，错综复杂的政商关系网。#厉害了超话主持人# 潇洒友A的微博视频 ,https://m.weibo.cn/detail/4967255244276589,13,11,34
4,4967636749519421,陇南政法,2023-11-13 15:25:58,#佳木斯体育馆坍塌11人被采取强制措施#@中国长安网 @陇原政法,https://m.weibo.cn/detail/4967636749519421,0,0,0
4,4967622387960236,股市战将妖哥,2023-11-13 14:28:54,【媒体：黑龙江坍塌体育馆系53岁退休干部开发，其弟弟被指涉黑】据界面新闻报道：“现在什么也不想谈，我只看最后纸面的调查结果。”2023年11月10日，黑龙江省佳木斯市桦南县悦城体育俱乐部屋顶坍塌事故一位遇难者家属告诉界面新闻。目前，3名遇难初中男生的家属仍聚集在殡仪馆，守护着自己的孩子。  1 ...全文,https://m.weibo.cn/detail/4967622387960236,0,1,5
4,4966892471058906,简直笑哭了,2023-11-11 14:08:28,佳木斯体育馆坍塌事故发生后，某地体育馆清理屋顶积雪，网友质疑这是对工程质量没信心吗？ 简直笑哭了的微博视频 ,https://m.weibo.cn/detail/4966892471058906,18,55,90
4,4967594585490914,热心村民委员会会长,2023-11-13 12:38:25,#生活碎片##宇我有关的碎片# 太离谱了，昨天晚上狂风怒吼，哐哐的，不停猛烈冲击我阳台的窗户，玻璃被震得仿佛随时要塌下来，声音甚至比早上附近村民放鞭炮还要吵！是真的超级大声！！！ 睡到凌晨三点被这声音吓醒，然后脑子里一直想起前几次热搜看到的#佳木斯一体育馆发生坍塌# 然后就因 ...全文,https://m.weibo.cn/detail/4967594585490914,0,9,1
5,4967586966017427,我不是王老吉,2023-11-13 12:08:09,我规划了他的一生，唯独没想到要操办他的葬礼.佳木斯市某县体育馆坍塌后一位家长的话。 ,https://m.weibo.cn/detail/4967586966017427,0,0,0
5,4967002924125945,小鹿先生ING,2023-11-11 21:27:22,佳木斯体育馆坍塌体育馆的调查进展： 1、建筑的开发商吴立迁，原桦南县建设局的退休干部。 2、另有一名被告名叫杨巾力，原桦南县环保局退休干部，吴立迁的老婆。 3、吴瀚，吴立迁的儿子，悦城体育文化发展有限公司控股股东。 4、吴立伟，吴立迁的弟弟，开发楼盘的那几年充当“解决”拆迁纠纷的角色。 5 ...全文,https://m.weibo.cn/detail/4967002924125945,626,393,3326
5,4967549563045663,张岳和红兵的约定,2023-11-13 09:39:31,#志愿者曝佛山福爱嘉妇产医院贩卖出生证明# #佳木斯成立体育馆坍塌事故调查组# #中山二院人士回应乳腺肿瘤实验室已拆除#,https://m.weibo.cn/detail/4967549563045663,0,0,8
5,4967538733876684,绵阳市经开区分局,2023-11-13 08:56:29,【遭遇建筑物坍塌可以这样做】建筑物坍塌具有突发性强、人员逃生难、易引发次生灾害、救援难度大等特点。万一遭遇建筑物坍塌，我们这样做能降低伤害，并增加获救几率↓↓ #佳木斯体育馆坍塌11人被采取强制措施# ,https://m.weibo.cn/detail/4967538733876684,0,0,0
5,4967235601828209,胖哥杨力,2023-11-12 12:51:57,我滴天啊！！还能再烂点吗。不过里面一个名字，我怎么看着有点…………,https://m.weibo.cn/detail/4967235601828209,5,30,66
5,4967444731396358,安徽司法,2023-11-13 02:42:57,【#体育馆坍塌事故11名重点人员被采取强制措施##佳木斯体育馆坍塌11人被采取强制措施#】11月6日，黑龙江佳木斯桦南县悦城体育俱乐部发生部分坍塌，事故造成3人死亡。总台记者在“11•6”悦城体育俱乐部屋顶坍塌事故处置工作领导小组了解到，警方已对以吴某迁为首的涉嫌造成此次坍塌事故的11名重点人员 ...全文,https://m.weibo.cn/detail/4967444731396358,0,0,1
5,4967428791992766,噪声与信号,2023-11-13 01:39:37,#佳木斯一体育馆坍塌事故最新情况#这么多退休干部？这种就是乡贤，利用权利获得利益然后捐一点点出来混个好名声 ,https://m.weibo.cn/detail/4967428791992766,1,0,4
5,4967426459697208,鱼盐君,2023-11-13 01:30:20,#佳木斯一体育馆发生坍塌#  又开始无事发生了？？ ,https://m.weibo.cn/detail/4967426459697208,0,0,4
5,4967410860034103,朱钦昕lawyer,2023-11-13 00:28:22,11月6日晚，黑龙江佳木斯桦南县一体育馆发生坍塌，导致3人遇难_新浪专题 @新浪新闻 黑龙江佳木斯一体育馆发生坍塌 ,https://m.weibo.cn/detail/4967410860034103,0,0,1
5,4967379252545917,淡淡茶香里_151,2023-11-12 22:22:46,#佳木斯一体育馆发生坍塌#就这么背压下去了？ ,https://m.weibo.cn/detail/4967379252545917,0,0,2
6,4966829280201359,中国新闻周刊,2023-11-11 09:57:22,【11人被采取强制措施！律师：体育馆坍塌的锅，天气不背！】#律师称体育馆坍塌的锅天气不背#黑龙江佳木斯体育馆坍塌事件最新进展来了，11名重点人员被采取强制措施。北京市京师律师事务所合伙人郭少军表示，事故出现三死一伤的严重后果，相关责任人员涉嫌构成重大责任事故罪。即使是天气因素导致的事故 ...全文,https://m.weibo.cn/detail/4966829280201359,17,26,156
6,4967186096982741,风清颂,2023-11-12 09:35:14,佳木斯体育馆坍塌体育馆的调查进展： 1、建筑的开发商吴立迁，原桦南县建设局的退休干部。 2、另有一名被告名叫杨巾力，原桦南县环保局退休干部，吴立迁的老婆。 3、吴瀚，吴立迁的儿子，悦城体育文化发展有限公司控股股东。 4、吴立伟，吴立迁的弟弟，开发楼盘的那几年充当“解决”拆迁纠纷的角色。 5 ...全文,https://m.weibo.cn/detail/4967186096982741,59,38,306
6,4967321159076568,溜达的鱼儿303121310,2023-11-12 18:31:55,2023年11月6日，黑龙江佳木斯桦南县悦城体育俱乐部发生部分坍塌事故。  从图片看整个屋顶坍塌，一般即使不让人钢结构屋面，设计荷载0.3-0.5KN/m2。当天的大雪看照片也不厚，据说百平米4吨，换算一下0.4KN/m2。如果没有质量问题也不至于坍塌。屋顶整体坍塌，大概率是由于屋面梁和柱端的连接结构断裂导致 ...全文,https://m.weibo.cn/detail/4967321159076568,0,0,2
6,4967298034828387,成都高新应急,2023-11-12 17:00:02,#佳木斯体育馆坍塌11人被采取强制措施#【遇到建筑物坍塌怎么办】建筑物坍塌事故突发性强、人员逃生难、救援难度大，对人们的生命财产安全造成严重威胁。遇到建筑物坍塌应如何避难？若被掩埋该如何自救？戳图了解↓↓  @天津消防 ,https://m.weibo.cn/detail/4967298034828387,0,0,1
6,4967279827879681,小小弟爱买房,2023-11-12 15:47:41,中山二院集体致AI，佳木斯体育馆坍塌，苏州毒土地，这都体现的是监管的失责 ,https://m.weibo.cn/detail/4967279827879681,0,1,8
6,4967275376935835,兰州安宁,2023-11-12 15:30:00,【风暴眼丨起底坍塌体育馆项目方：夫妻股东曾为干部，三年揽金超2.2亿】#坍塌体育馆项目方股东曾无资质挂靠施工##佳木斯坍塌体育馆开发商三年赚2.2亿# 凤凰网《风暴眼》发现，坍塌工程开发商悦城公司于2022年5月注销。在已注销的股权结构中，公司实际控制人是吴立迁，持股55%，并担任执行董事兼董事长 ...全文,https://m.weibo.cn/detail/4967275376935835,1,1,2
6,4967267504489950,菜就菜凶什么呀,2023-11-12 14:58:43,佳木斯体育馆坍塌事故最新进展：11人被采取强制措施。  菜就菜凶什么呀的微博视频 ,https://m.weibo.cn/detail/4967267504489950,0,0,0
6,4967266644134678,安广禄,2023-11-12 14:55:18,多次安检查不出问题？降雪导致？三问佳木斯体育馆坍塌事故。多次安检查不出问题？降雪导致？三问佳木斯体育馆坍塌事故 ,https://m.weibo.cn/detail/4967266644134678,0,0,1
6,4967266552646530,来碗葫芦头__,2023-11-12 14:54:56,#佳木斯一体育馆发生坍塌#其实基层的干部好多都腐败的不成样子了，不应该只是打老虎，基层的苍蝇也要好好拍一拍！！！ ,https://m.weibo.cn/detail/4967266552646530,0,0,4
7,4967224861526215,雪山下的经纬线,2023-11-12 12:09:16,佳木斯体育馆坍塌，背后的建设方逐渐被挖出，其实就是当地各种关系资源的变现，至于建筑质量规范不规范，会不会出问题，纯粹看运气，跟排查关系不大。 ,https://m.weibo.cn/detail/4967224861526215,3,4,25
7,4966824661484564,春秋家,2023-11-11 09:39:01,7.23齐齐哈尔市三十四体育馆坍塌事件，11位师生失去宝贵生命。省成立了联合调查组，调查结果呢？王旭明先生当时评论，市长不是好市长，局长不是好局长。都毫发未损，不了了之了。 不到百天，佳木斯桦南县体育馆又坍塌了，三名初中生遇难。一位失去孩子的母亲愤怒地说，用工作压我，我不服。宁愿与丈夫 ...全文,https://m.weibo.cn/detail/4966824661484564,14,12,79
7,4967234730984556,开聊吧Talkshow,2023-11-12 12:48:29,我们想为安全发声，但很遗憾，微博不让#佳木斯一体育馆发生坍塌# ,https://m.weibo.cn/detail/4967234730984556,4,1,4
7,4967211645536451,宛若卧龙,2023-11-12 11:16:45,软肋遇难了。 那么就找她新的软肋… 逻辑上没有毛病。 只是，遇难者是我唯一的软肋…#佳木斯一体育馆发生坍塌# ,https://m.weibo.cn/detail/4967211645536451,0,0,2
7,4967209887073934,张栋伟,2023-11-12 11:09:46,#佳木斯体育馆坍塌11人被采取强制措施# 佳木斯市桦南县悦城体育俱乐部屋顶坍塌事故，建设方黑龙江省悦城房地产开发有限公司公司的法定代表人是吴立迁，出生于1970年8月，担任建设局工会主席。但到2018年，他刚满48岁，已成为退休干部。吴立迁的父亲是建设局一名书记。 ,https://m.weibo.cn/detail/4967209887073934,1,0,5
7,4967201903739261,笑看风云任平生,2023-11-12 10:38:02,在国内的生态环境，一个退休领导干部运作的项目，你能检查出问题？别自欺欺人了，你这不明知故问吗？里面的道道，所有人都心中有数，相关部门只是装傻充愣罢了『多次安检查不出问题？降雪导致？三问佳木斯体育馆坍塌事故』多次安检查不出问题？降雪导致？三问佳木斯体育馆坍塌事故 ,https://m.weibo.cn/detail/4967201903739261,0,0,0
7,4967198731010758,大地飞鹰在路上,2023-11-12 10:25:26,#佳木斯体育馆坍塌事故正调查取证#工程质量，人命关天，终生追责，严惩不贷。 ,https://m.weibo.cn/detail/4967198731010758,0,0,1
7,4967188999176245,jhonau,2023-11-12 09:46:45,黑龙江一大学学生公寓的“设计预留伸缩缝”  不知道2023年是不是黑龙江省房屋质量年，先是齐齐哈尔一中学体育馆房顶坍塌，后是佳木斯桦南县一体育馆房顶坍塌，接着七台河一殡仪馆建筑物楼顶发生塌陷，近日又爆出黑龙江中医药大学一学生公寓墙体裂缝。总之，黑龙江省房屋质量引起普遍关注。 但黑龙江中 ...全文,https://m.weibo.cn/detail/4967188999176245,0,2,1
7,4967186886559400,日月初隼,2023-11-12 09:38:22,#佳木斯坍塌体育馆开发商三年赚2.2亿# 商人逐利。 有谁关心老百姓的利益？ 赚钱可以，但是，不能害人。 深圳·东门 ,https://m.weibo.cn/detail/4967186886559400,0,1,0
7,4967186038784226,长春身边事,2023-11-12 09:35:00,【#体育馆坍塌事故遇难者同学发声#：遇难者是体育课代表想当运动员】11月6日，黑龙江佳木斯官方通报，桦南县一体育馆屋顶坍塌致3名初中生遇难。遇难者好友表示，有2名遇难者是他的初中同学，事发前数小时还在一起。他还表示几人两天前还一起去打篮球，当时并未发现场馆异常。另一位遇难者同学介绍，这 ...全文,https://m.weibo.cn/detail/4967186038784226,0,0,0
8,4966964286458983,篮球人物,2023-11-11 18:53:50,能顶着大雪去打球的孩子，得多热爱那片场地啊#佳木斯一体育馆发生坍塌##篮球人物# 篮球人物的微博视频 ,https://m.weibo.cn/detail/4966964286458983,11,3,29
8,4967156808417281,黑暗的尽头是星光,2023-11-12 07:38:50,#佳木斯体育馆坍塌11人被采取强制措施#这11人是谁？什么职位？怎么处理？工程项目公开一下，几个亿修的体育馆说蹋就蹋了？？？ ,https://m.weibo.cn/detail/4967156808417281,0,0,0
8,4967154860425632,别哄俺,2023-11-12 07:31:07,最近接连爆出来的几件大事：陆家嘴百亿毒土地纠纷，中山二院多人致癌，佳木斯体育馆坍塌，以及襄阳贩卖婴儿出生医学证明事件，我们从中都能发现一个共同事实，那就是监管部门的缺失和失责。 我相信这些地方必然有贪污腐败，否则他们不会欺瞒至今，才使事件曝光。 所以权力缺乏监督，监管者失责，对社会 ...全文,https://m.weibo.cn/detail/4967154860425632,0,0,4
8,4966928106652954,央广网,2023-11-11 16:30:04,#三问佳木斯体育馆坍塌事故#【#多次安检为何没查出佳木斯体育馆隐患#】11月6日，黑龙江佳木斯桦南县一体育馆坍塌，导致1人轻伤，3人遇难。10日，警方对以吴某迁为首的涉嫌造成此次坍塌事故的11名重点人员，采取了强制措施。目前，当地市县两级纪委监委正在开展调查工作。体育馆坍塌是降雪导致吗？为何 ...全文,https://m.weibo.cn/detail/4966928106652954,56,82,558
8,4967034400277593,我们活着却也死去,2023-11-11 23:32:27,#佳木斯体育馆坍塌11人被采取强制措施# 到底要用多少孩子的生命才能让政府部门好好管理工程质量呐？ 东北发展不起来不是没有原因的 ,https://m.weibo.cn/detail/4967034400277593,0,0,3
8,4967027481772922,fufu要和老许小凌快乐,2023-11-11 23:04:57,#佳木斯坍塌体育馆开发商三年赚2.2亿#如果不是这次坍塌，豆腐渣工程开发商真就闷声发大财了啊利益链利好了多少人？最后竟然想用公职压迫失去孩子的母亲，企图让真相失声，一定要好好查，涉事的人一个都别放过 ,https://m.weibo.cn/detail/4967027481772922,0,0,1
8,4967021184025789,NicoleGPT,2023-11-11 22:39:56,#佳木斯一体育馆坍塌事故最新情况##佳木斯体育馆坍塌事故最新情况# 我现在有理由怀疑黑龙江所有体育馆都有这种坍塌的风险，因为坍塌的体育馆也太密了。短短几个月已经两起，第一次死亡10多人第二次死亡3人。  这次无辜受害的三个初中生，两个14岁，一个15岁都是爱打篮球的。一个身高1.9米两个身高1.8米 ...全文,https://m.weibo.cn/detail/4967021184025789,2,3,10
8,4967014572232802,平凡就对了,2023-11-11 22:13:39,出现意外都不想看到，但出现了如何去面对。实事求是的去处理就好了，干吗要首先压制受害者！ 佳木斯体育馆坍塌，死了三个孩子，令人悲痛，家属更是悲怆万分。其中一个孩子的母亲愤恨的说出：即便离婚，断绝兄妹姐弟关系，也要替孩子讨回公道！说明受到来自某些方面的压力。 特别不明白，这么大的事情明 ...全文,https://m.weibo.cn/detail/4967014572232802,0,0,2
9,4966857336161568,赵铮-同志,2023-11-11 11:48:51,佳木斯倒塌体育馆致三死，修建者为70后50岁“退休”建设局官员，人已经被抓了，并且表态一查到底。   同志们，须知腐败带血啊，权力摇身一变就可能成为资本，这种官僚资本装成民营资本，恶的很，根本问题在于治吏，在于跳出历史周期率。  #坍塌体育馆开发商是当地建设局退休干部# ,https://m.weibo.cn/detail/4966857336161568,59,44,364
9,4967012052763008,车报导,2023-11-11 22:03:38,法治：贵州省农村信用社联合社原理事长马林波涉嫌受贿罪被逮捕。国家税务总局青海省税务局二级巡视员王凯被开除党籍和公职。非法收受9.795亿余元，中信银行原行长孙德顺一审被判死缓。佳木斯体育馆坍塌11人被采取强制措施。湖北襄阳一家医院被举报“贩卖出生证明”新进展：已有7名嫌疑人被采取刑事强制 ...全文,https://m.weibo.cn/detail/4967012052763008,0,0,0
9,4966581759377847,张三同学,2023-11-10 17:33:49,“路上随便一指，都是他开发的”，桦南县几乎无人不知吴立迁。  其家族多人为公职人员，知情人士面对记者采访称“他弟弟可能是涉黑”。（界面新闻网页链接 ） #佳木斯体育馆坍塌11人被采取强制措施# ,https://m.weibo.cn/detail/4966581759377847,194,159,1691
9,4966584164810760,澎湃新闻,2023-11-10 17:43:21,【#黑龙江多地掀起安全隐患排查#：引入专家力量，力避表面化走过场】“11月6日晚，佳木斯市桦南县新阳光健身俱乐部体育馆顶部发生坍塌，造成3人遇难，教训深刻。”据黑龙江绥化市应急管理局微信公众号11月8日晚间消息，市安全生产委员会办公室、住建局已印发紧急通知，决定在全市范围内开展为期2周的房 ...全文,https://m.weibo.cn/detail/4966584164810760,13,63,187
9,4966994945248626,凝心倾听万物,2023-11-11 20:55:40,今年7月23日，齐齐哈尔市第三十四中学校体育馆楼顶发生坍塌，共造成11人死亡，举国震惊。  事故的原因很简单，施工单位图方便，违规操作，将大量的珍珠岩堆放在体育馆的屋顶，结果突降暴雨，珍珠岩浸水增重，导致屋顶荷载增大，引发坍塌。  『佳木斯体育馆遇难者母亲讨说法，却被要挟...』 ...全文,https://m.weibo.cn/detail/4966994945248626,3,0,5
9,4966978735047768,肥唐说,2023-11-11 19:51:15,不出所料，体育馆坍塌事故是团伙所为，以吴某迁为首11个人被采取强制措施！  据央媒信息，警方调查力度很大，已控制住吴某迁为首的11名重点人员。 这基本可以断定体育馆建设质量有问题。 吴某迁就是当地建设局的退休干部，他是建设单位的企业法人，还是开发商。  目前，市县两级纪委成立事故调查组，已 ...全文,https://m.weibo.cn/detail/4966978735047768,0,0,0
9,4966978099873458,微光-F,2023-11-11 19:48:44,全是孩子们！！！全是孩子们！！！ 当初死了的没死的，退了的没退的相关人员，现如今压消息的，沆瀣一气的，请全部陪葬。 只有11个人被强制执行，孩子们不同意 #佳木斯一体育馆发生坍塌##黑龙江桦南一体育馆发生坍塌##佳木斯体育馆坍塌11人被采取强制措施# ,https://m.weibo.cn/detail/4966978099873458,0,0,7
9,4966977577418895,学法的宁,2023-11-11 19:46:38,身为一个齐齐哈尔人，我很失望，我以为送走了一个高小琴，后来我才知道，我身边有千千万万的高小琴#齐齐哈尔三十四中坍塌现场救出11人##佳木斯一体育馆发生坍塌# ,https://m.weibo.cn/detail/4966977577418895,0,1,3
9,4966976921535884,ikaros_汉水河畔芷贵人,2023-11-11 19:44:03,#佳木斯一体育馆发生坍塌# 3秒记忆已逝 ,https://m.weibo.cn/detail/4966976921535884,0,0,0
10,4966963678023092,负负得正道的光,2023-11-11 18:51:25,#三问佳木斯体育馆坍塌事故#问问70后是怎么提前退休的 怎么几年挣两亿 怎么政商勾结的 ,https://m.weibo.cn/detail/4966963678023092,0,0,0
10,4966559078679871,谦卑侯爷,2023-11-10 16:03:41,#佳木斯体育馆坍塌11人被采取强制措施# 多达11个人被采取强制措施，已经说明问题很严重，不但工程质量出现了问题，甚至还有贪污腐败和利益输送在里面。 ,https://m.weibo.cn/detail/4966559078679871,5,6,131
10,4966644235633887,庄志明律师,2023-11-10 21:42:04,#佳木斯体育馆坍塌11人被采取强制措施#  吴立迁夫妻身为公务员，居然经商办公司，请问当地纪委是干饭的？ 吴立迁五十岁不到，提前“退休”，开公司风生水起，这操作谁开的绿灯？ 吴立迁承接的数十个项目是怎么拿下来的？他一个司机出身何德何能从事房地产开发？ 吴立迁背后有什么高人？他到底是谁的 ...全文,https://m.weibo.cn/detail/4966644235633887,34,51,249
10,4966938901744217,川外123456789,2023-11-11 17:12:58,#佳木斯体育馆坍塌11人被采取强制措施#好恐怖😱 ,https://m.weibo.cn/detail/4966938901744217,0,0,0
10,4966937416697353,童辉,2023-11-11 17:07:04,又是体育馆坍塌，安全意识重之又重。#佳木斯一体育馆发生坍塌# 童辉的微博视频 ,https://m.weibo.cn/detail/4966937416697353,1,0,2
10,4966936866719493,梦怀雁北,2023-11-11 17:04:53,《佳木斯体育馆坍塌真相越挖越多》  解决不了问题，就解决提出问题的人。  一个重大建筑安全问题，竟然要出动遇难者家属的上司来压制，让家属不能发声，可想而知其中有什么不能为人知道的内幕。可这样适得其反，越是压制，越会激起大众的关注。  现在坊间挖出了项目总包单位和相关的法定代表人、大股东 ...全文,https://m.weibo.cn/detail/4966936866719493,0,0,0
10,4966936515971000,爱瑞德airedr,2023-11-11 17:03:29,继续1000米。血糖未测，感觉正常。网上关于体制内人员不能为佳木斯体育馆屋顶坍塌事件去讨说法的视频发布出来，感觉真的无语！想想当年自己房屋拆迁时也同样被打招呼！合理的诉求也被加以干涉，真不知道怕些什么？ ,https://m.weibo.cn/detail/4966936515971000,0,0,1
10,4966933480866396,桂园札记,2023-11-11 16:51:26,上次齐齐哈尔坍塌那个体育馆说是违规堆放珍珠岩，暴雨吸水导致。佳木斯这个2018年才建成下点雪就塌了，这他妈怎么也说不过去吧。 ,https://m.weibo.cn/detail/4966933480866396,2,7,16
10,4966932762070430,胡子说海,2023-11-11 16:48:34,#三问佳木斯体育馆坍塌事故#11月6日晚7点多，黑龙江佳木斯桦南县悦城体育馆坍塌事故，致三人遇难，相关俱乐部负责人已被警方控制。半年之内，类似的事故再次上演。#球馆屋顶为何成为不能承受之痛# 。坍塌事故到底是恶劣天气的原因，还是场馆建设质量的原因，又或是各种因素综合作用的结果？需要相关部 ...全文,https://m.weibo.cn/detail/4966932762070430,1,0,1
10,4966932182994210,赵瞾说事,2023-11-11 16:46:16,#三问佳木斯体育馆坍塌事故#  从事故现场视频中还可以看到，倒塌的体育场周围停放的车辆都被厚厚的积雪覆盖。 6日晚，一位曾在体育场周围查看过的桦南县居民告诉《津云》记者，当地雪确实很大，而且他并不住在体育场附近。事发时，他的车停在路边，陷在大雪中。路上的积雪厚度已经达到了10多厘米。 — ...全文,https://m.weibo.cn/detail/4966932182994210,1,5,4
11,4966931482542733,一只小娱儿,2023-11-11 16:43:29,#三问佳木斯体育馆坍塌事故#11月6日晚7点多，黑龙江佳木斯桦南县悦城体育馆坍塌事故，致三人遇难，相关俱乐部负责人已被警方控制。半年之内，类似的事故再次上演。 ,https://m.weibo.cn/detail/4966931482542733,0,0,1
11,4966931296685346,朱穆狼马蜂,2023-11-11 16:42:45,#三问佳木斯体育馆坍塌事故#坍塌事故到底是恶劣天气的原因，还是场馆建设质量的原因，又或是各种因素综合作用的结果？需要相关部门缜密调查之后才能给出答案。但是，有些疑惑仍然值得追问。 ,https://m.weibo.cn/detail/4966931296685346,0,0,0
11,4966537233436550,紫光阁,2023-11-10 14:36:53,#佳木斯体育馆坍塌事故调查进展#：体育馆坍塌11名重点人员被采取强制措施 ,https://m.weibo.cn/detail/4966537233436550,27,43,172
11,4966920538817170,成都高新应急,2023-11-11 16:00:00,【建筑坍塌事故安全提示】近年来，建筑坍塌事故时有发生，极易造成群死群伤。那么建筑坍塌有哪些征兆？又该如何快速逃生、如何避难呢？戳图↓ #佳木斯体育馆坍塌11人被采取强制措施# ,https://m.weibo.cn/detail/4966920538817170,0,0,0
11,4966917721032015,SP-K2,2023-11-11 15:48:48,#佳木斯体育馆坍塌11人被采取强制措施#官商勾结？偷工减料？违规设计施工？监管失察？导致百姓枉死 ,https://m.weibo.cn/detail/4966917721032015,0,0,2
11,4966552697045692,康斯坦丁,2023-11-10 15:38:20,#佳木斯体育馆坍塌11人被采取强制措施#希望这件事应该再深入查下去，看看围绕这些事件的关系网有多大，还有多少人没有查到！  豆腐渣工程害死了太多人，坏了太多事！利益熏心，坏了良心，损人利己，丧尽天良！对贪官污吏要下杀 手，下狠手才能有震慑作用！#微博新知##科技风向标# ,https://m.weibo.cn/detail/4966552697045692,202,229,748
11,4966566527763458,界面新闻,2023-11-10 16:33:17,【体育馆坍塌背后：一个建设局退休干部的房地产生意】#佳木斯坍塌体育馆开发商不具备施工资质#与吴立迁打过几年交道的杨英水回忆，他们夫妻二人的房地产开发公司员工规模不大，“都是家族里的人”，公司也并不具备建筑工程相应的施工资质，惯常做法是挂靠在另一家具备资质的公司之下。裁判文书网一份20 ...全文,https://m.weibo.cn/detail/4966566527763458,7,3,15
11,4966905443517119,湖北省应急管理厅,2023-11-11 15:00:01,#佳木斯一体育馆发生坍塌#【建筑物坍塌应如何自救？】建筑物坍塌往往就发生在一瞬间，给人的逃生时间极短，一旦发生有可能造成大面积人员伤亡。遭遇坍塌事故如何有效避难？若被掩埋，又该如何自救？戳图学习！@孝感消防  ,https://m.weibo.cn/detail/4966905443517119,0,0,0
11,4966574480426686,中国长安网,2023-11-10 17:04:53,#权威通报#【最新进展！#佳木斯体育馆坍塌11人被采取强制措施#】2023年11月6日，黑龙江佳木斯桦南县悦城体育俱乐部发生部分坍塌，事故造成3人死亡。央视记者在“11·6”悦城体育俱乐部屋顶坍塌事故处置工作领导小组了解到，警方已对以吴某迁为首的涉嫌造成此次坍塌事故的11名重点人员，采取了强制措施。 ,https://m.weibo.cn/detail/4966574480426686,78,43,91
11,4966903581509543,满腔热情55,2023-11-11 14:52:37,佳木斯体育馆遇难学生母亲发声：拿家属工作压我不管用！#天猫双11省学指南 #主持人民生观察团 #佳木斯体育馆坍塌事故3人遇难#官方回应体育馆遇难者家属遭施压 @宋承阳 @快手粉条 @快手主持人 @快手创作者中心 @快手热点 满腔热情55的微博视频 ,https://m.weibo.cn/detail/4966903581509543,1,1,3
12,4966898561450937,用户7698552884,2023-11-11 14:32:40,#佳木斯体育馆坍塌11人被采取强制措施#  必须严查严惩！ ,https://m.weibo.cn/detail/4966898561450937,0,0,0
12,4966529622083707,环球网,2023-11-10 14:06:38,【#佳木斯体育馆坍塌11人被采取强制措施#】11月6日，黑龙江佳木斯桦南县悦城体育俱乐部发生部分坍塌，事故造成3人死亡。总台记者在“11•6”悦城体育俱乐部屋顶坍塌事故处置工作领导小组了解到，警方已对以吴某迁为首的涉嫌造成此次坍塌事故的11名重点人员，采取了强制措施。（央视） ,https://m.weibo.cn/detail/4966529622083707,5,3,24
12,4966883851240988,了不起的脑回路,2023-11-11 13:34:13,遇难者最后一面，好友献花吊唁失声痛哭：事发前一天还一起打雪仗，得知噩耗一下子腿软了#佳木斯一体育馆发生坍塌# 了不起的脑回路的微博视频 ,https://m.weibo.cn/detail/4966883851240988,0,0,4
12,4966565822335631,刘耘博士,2023-11-10 16:30:29,#佳木斯体育馆坍塌11人被采取强制措施#孩子承载着父母的爱，父母的希望和未来，孩子在某种意义上说就是父母生命的意义所在，就是父母的一切。无论采取什么措施都无法挽回逝去的生命，无法捏和父母破碎的心。无论怎样强调整治和打击建筑腐败的重要性和必要性都不为过。 ,https://m.weibo.cn/detail/4966565822335631,13,11,104
12,4966551887546306,风的节奏吹,2023-11-10 15:35:07,#佳木斯体育馆坍塌11人被采取强制措施#  这里面都是腐败问题。  悦城广场谁投资？首先要有单位拿到地吧。悦城房地产开发有限公司什么时候花了多少钱通过招拍挂拿到地的？还有北京得意音通，那个瞿某明明是董事、经理，为什么要否认？  悦城公司的老板吴立迁夫妻都是公务员，在搞什么？  当年，这块地是 ...全文,https://m.weibo.cn/detail/4966551887546306,8,5,11
12,4966597799445329,简直笑哭了,2023-11-10 18:37:33,佳木斯体育馆坍塌事故发生后，某地体育馆清理屋顶积雪，网友质疑有这个必要吗？ 简直笑哭了的微博视频 ,https://m.weibo.cn/detail/4966597799445329,42,149,695
12,4966540884314576,驻马店消防,2023-11-10 14:51:23,#佳木斯体育馆坍塌11人被采取强制措施#【遇建筑物坍塌该怎么办？】 建筑物坍塌事故前兆不明显，允许人员逃生的时间极短。万一遭遇建筑物坍塌该怎么办？如何有效避难？蓝朋友的这份提示请收好，希望用不到，但一定要知道！中国消防的微博视频 ,https://m.weibo.cn/detail/4966540884314576,14,5,60
12,4966855795018965,带头大哥3333,2023-11-11 11:42:44,#佳木斯一体育馆发生坍塌#远离东北吧。 ,https://m.weibo.cn/detail/4966855795018965,0,2,3
12,4966853752653347,乳山检察,2023-11-11 11:34:37,【#佳木斯体育馆坍塌11人被采取强制措施#】11月6日，黑龙江佳木斯桦南县悦城体育俱乐部发生部分坍塌，事故造成3人死亡。总台记者在“11•6”悦城体育俱乐部屋顶坍塌事故处置工作领导小组了解到，警方已对以吴某迁为首的涉嫌造成此次坍塌事故的11名重点人员，采取了强制措施。（总台记者张艺馨 王海樵） ...全文,https://m.weibo.cn/detail/4966853752653347,0,0,0
12,4966851107357327,小小蜗牛滚雪球,2023-11-11 11:24:06,#佳木斯坍塌体育馆3人遇难#  看了那位母亲的哭诉，只能说就算体制内，一旦特殊情况落到自己头上，软肋也和普通家庭一样被拿捏… ,https://m.weibo.cn/detail/4966851107357327,0,0,0
13,4966541921878804,张三同学,2023-11-10 14:55:31,#佳木斯体育馆坍塌11人被采取强制措施#以吴立迁为首涉嫌造成此次坍塌事故的11名重点人员，已被采取强制措施。   此前媒体了解到，地产开发商法人为吴立迁，为建设局不到50岁的退休干部，妻子为环保局干部也曾是股东。对外宣传的悦城广场项目“投资方”，近日发声明称:本公司为科技公司，从未涉足地产开 ...全文,https://m.weibo.cn/detail/4966541921878804,75,79,662
13,4966840997514849,经纬爱念,2023-11-11 10:43:56,#佳木斯体育馆坍塌11人被采取强制措施#小官巨贪 ,https://m.weibo.cn/detail/4966840997514849,0,0,0
13,4966838677015809,小强说9090,2023-11-11 10:34:43,佳木斯体育馆坍塌事故追踪：11人被警方采取强制措施，开发商竟然是当地退休干部？#佳木斯体育馆坍塌11人被采取强制措施##黑龙江# 小强说9090的微博视频 ,https://m.weibo.cn/detail/4966838677015809,6,2,5
13,4966550853649255,新疆消防,2023-11-10 15:31:00,【遭遇建筑物坍塌可以这样做】建筑物坍塌具有突发性强、人员逃生难、易引发次生灾害、救援难度大等特点。万一遭遇建筑物坍塌，我们这样做能降低伤害，并增加获救几率↓↓ #佳木斯体育馆坍塌11人被采取强制措施# ,https://m.weibo.cn/detail/4966550853649255,47,13,16
13,4966685007416743,雷波公安,2023-11-11 00:24:05,【#体育馆事故遇难者家属不要赔偿要真相#：为什么塌的？谁来担责？】近日，佳木斯体育馆坍塌事故引发广泛关注。佳木斯体育馆遇难者家属表示：体育馆是怎么塌的？是因为大雪吗？塌了之后谁该承担责任？我们家属不要赔偿要真相！ 据央视新闻9日报道，目前，调查组正委托第三方鉴定机构，快速开展全面、细 ...全文,https://m.weibo.cn/detail/4966685007416743,17,59,63
13,4966820760257226,冰魄寒冰丸,2023-11-11 09:23:31,#佳木斯体育馆坍塌背后公司商业关系网#全毙了不就完了，这么简单。 ,https://m.weibo.cn/detail/4966820760257226,0,0,0
13,4966819875785470,南方都市报,2023-11-11 09:20:00,【体育馆坍塌后，#黑龙江多地部署清除屋顶积雪冰溜子#！现场曝光】11月6日，黑龙江佳木斯桦南县一体育馆坍塌，致1人轻伤，3人遇难，持续引发关注。10日，南都记者了解到，警方已对涉嫌造成此次坍塌事故的11名重点人员采取了强制措施。事发时正值暴雪天气，目前事故原因尚待调查。南都记者梳理发现，事 ...全文,https://m.weibo.cn/detail/4966819875785470,13,3,11
13,4966615634936556,看看新闻KNEWS,2023-11-10 19:48:25,【#好友忆佳木斯体育馆遇难者失声痛哭# #佳木斯体育馆遇难者曾梦想打进CBA#】11月6日晚，黑龙江佳木斯桦南县某体育馆屋顶坍塌，正在馆内打篮球的三名中学生遇难。事发后，看看新闻Knews记者在桦南县殡仪服务中心见到了遇难者生前的同学、好友。他们前来献花、吊唁，有人在现场失声痛哭。遇难学生小夏身 ...全文,https://m.weibo.cn/detail/4966615634936556,112,42,208
13,4966599679803922,Vista看天下,2023-11-10 18:45:01,【#黑龙江多地掀起安全隐患排查#：引入专家力量，力避表面化走过场】“11月6日晚，佳木斯市桦南县新阳光健身俱乐部体育馆顶部发生坍塌，造成3人遇难，教训深刻。”据黑龙江绥化市应急管理局微信公众号11月8日晚间消息，市安全生产委员会办公室、住建局已印发紧急通知，决定在全市范围内开展为期2周的房 ...全文,https://m.weibo.cn/detail/4966599679803922,3,19,34
13,4966810014713568,半岛都市报,2023-11-11 08:40:49,【体育馆坍塌背后：#一个建设局退休干部的房地产生意#】#建设局退休干部的房地产生意#此次事故官方通报称，发生屋顶坍塌的场馆隶属于桦南县新阳光健身俱乐部，11月6日晚，负责人已被警方控制。天眼查APP显示，该公司的法定代表人是吴立迁。#佳木斯体育馆坍塌背后公司商业版图#  但据多位桦南县当地人介 ...全文,https://m.weibo.cn/detail/4966810014713568,0,0,1
14,4966810014713568,半岛都市报,2023-11-11 08:40:49,【体育馆坍塌背后：#一个建设局退休干部的房地产生意#】#建设局退休干部的房地产生意#此次事故官方通报称，发生屋顶坍塌的场馆隶属于桦南县新阳光健身俱乐部，11月6日晚，负责人已被警方控制。天眼查APP显示，该公司的法定代表人是吴立迁。#佳木斯体育馆坍塌背后公司商业版图#  但据多位桦南县当地人介 ...全文,https://m.weibo.cn/detail/4966810014713568,0,0,1
14,4966809554649210,弱者生存123,2023-11-11 08:38:59,黑龙江佳木斯的体育馆被曝光存在严重的工程质量问题站在人民立场#焦点论坛话题##黑龙江佳木斯一体育馆坍塌# ,https://m.weibo.cn/detail/4966809554649210,0,0,1
14,4966809365119069,Nice王佳,2023-11-11 08:38:13,珍爱生命 远离体育馆 尤其东北的#佳木斯一体育馆发生坍塌##贪污腐败##早餐#  ,https://m.weibo.cn/detail/4966809365119069,0,0,4
14,4966805053113800,时间视频,2023-11-11 08:21:06,#体育馆遇难者家属可主张民事赔偿#【11人被采取强制措施！律师：体育馆坍塌的锅，天气不背！】#大雪不能为体育馆坍塌背锅#黑龙江佳木斯体育馆坍塌事件最新进展来了，11名重点人员被采取强制措施。北京市京师律师事务所合伙人郭少军表示，事故出现三死一伤的严重后果，相关责任人员涉嫌构成重大责任事故 ...全文,https://m.weibo.cn/detail/4966805053113800,2,4,14
14,4966804691880374,清泉Talk,2023-11-11 08:19:40,桦南县几乎无人不知吴立迁。“路上随便一指，都是他开发的”（界面新闻网页链接  体育馆坍塌背后：一个建设局退休干部的房地产生意）  #佳木斯体育馆坍塌11人被采取强制措施# ,https://m.weibo.cn/detail/4966804691880374,2,0,5
14,4966796549426180,ShawnAphrodite,2023-11-11 07:47:19,#nike旧鞋新生# 希望你们在一个露天的运动场继续奔跑，#佳木斯坍塌体育馆3人遇难#  ,https://m.weibo.cn/detail/4966796549426180,0,0,0
14,4966794383852496,苍龙飞天79,2023-11-11 07:38:42,#佳木斯体育馆坍塌背后公司商业版图#【体育馆坍塌背后：一个建设局退休干部的房地产生意】#吴立迁房地产项目资金来源成谜#此次坍塌的体育馆，是悦城广场城市综合体项目一期中的一部分，悦城广场整体项目占地面积35163平方米，2017年7月开工。悦城地产的法人代表为吴立迁，其在开发悦城广场项目中，资金 ...全文,https://m.weibo.cn/detail/4966794383852496,2,1,1
14,4966793565963119,凤凰网财经,2023-11-11 07:35:27,【桦南县体育馆坍塌事故后，#黑龙江多地部署清除屋顶积雪冰溜子# 】南方都市报消息，11月6日，黑龙江佳木斯桦南县一体育馆坍塌，致1人轻伤，3人遇难，持续引发关注。10日，南都记者了解到，警方已对涉嫌造成此次坍塌事故的11名重点人员采取了强制措施。事发时正值暴雪天气，目前事故原因尚待调查。南都 ...全文,https://m.weibo.cn/detail/4966793565963119,3,5,9
14,4966595143140236,三联生活周刊,2023-11-10 18:27:00,【#黑龙江多地掀起安全隐患排查#：引入专家力量，力避表面化走过场】“11月6日晚，佳木斯市桦南县新阳光健身俱乐部体育馆顶部发生坍塌，造成3人遇难，教训深刻。”据黑龙江绥化市应急管理局微信公众号11月8日晚间消息，市安全生产委员会办公室、住建局已印发紧急通知，决定在全市范围内开展为期2周的房 ...全文,https://m.weibo.cn/detail/4966595143140236,11,51,352
14,4966787348693567,难舍深蓝,2023-11-11 07:10:45,【专家又让我们长见识了！#气象专家分析佳木斯体育馆坍塌# 】 #蛟龙军事# 专家：佳木斯此次降雪为“湿雪”，就是比较湿的雪，重量比“干雪”更重，楼顶半米积雪重量可达4吨！ 难舍深蓝的微博视频 ,https://m.weibo.cn/detail/4966787348693567,7,30,28
15,4966785674643021,中年爷们,2023-11-11 07:04:06,#大跨度建筑的屋顶为何如此脆弱#  黑龙江省佳木斯市一体育馆日前发生坍塌，致3名初中生遇难；而不到四个月前，齐齐哈尔市34中体育馆坍塌事故刚刚造成11人遇难；近年来，国内外多地都曾发生大跨度建筑屋顶坍塌事故。目前，佳木斯市当地正在对事故展开全面调查。（@北京日报 记者 白歌） ,https://m.weibo.cn/detail/4966785674643021,0,0,0
15,4966785538065103,胡子说海,2023-11-11 07:03:33,#佳木斯体育馆坍塌11人被采取强制措施#悲剧，最怕的是它变成连续剧。  今年7月，一场大雨浸透了珍珠岩，导致齐齐哈尔某中学的体育馆坍塌，11条年轻的生命逝去。  结果不到半年，11月6日，黑龙江又重蹈覆辙，佳木斯桦南县的一所体育馆，突然发生一声巨响。  体育馆的整个房顶塌了下来，从外面看，像是一 ...全文,https://m.weibo.cn/detail/4966785538065103,1,1,2
15,4966784768671853,臣文许,2023-11-11 07:00:29,#佳木斯体育馆坍塌11人被采取强制措施# 黑龙江佳木斯桦南县悦城体育俱乐部发生部分坍塌，事故造成3人死亡。总台记者在“11•6”悦城体育俱乐部屋顶坍塌事故处置工作领导小组了解到 ,https://m.weibo.cn/detail/4966784768671853,0,0,0
15,4966784720175591,梁溪说事,2023-11-11 07:00:18,#佳木斯体育馆坍塌11人被采取强制措施#必须严查，严办！而且要举一反三，回头看！ ,https://m.weibo.cn/detail/4966784720175591,0,0,1
15,4966761187508281,遂川政法,2023-11-11 05:26:48,#权威通报#【最新进展！#佳木斯体育馆坍塌11人被采取强制措施#】2023年11月6日，黑龙江佳木斯桦南县悦城体育俱乐部发生部分坍塌，事故造成3人死亡。央视记者在“11·6”悦城体育俱乐部屋顶坍塌事故处置工作领导小组了解到，警方已对以吴某迁为首的涉嫌造成此次坍塌事故的11名重点人员，采取了强制措施。 ...全文,https://m.weibo.cn/detail/4966761187508281,11,9,13
15,4966755140632795,史蒂芬库里005,2023-11-11 05:02:46,#佳木斯体育馆坍塌11人被采取强制措施#严肃处理！！ ,https://m.weibo.cn/detail/4966755140632795,0,0,0
15,4966726029017257,彼岸遮羅,2023-11-11 03:07:05,#佳木斯体育馆坍塌11人被采取强制措施# 废话连篇 ,https://m.weibo.cn/detail/4966726029017257,0,0,0
15,4966713087231115,我是曹小月,2023-11-11 02:15:40,佳木斯坍塌的体育馆，建设单位的企业法人竟然是当地建设局退休干部？ #坍塌体育馆开发商法人是退休干部##小月说# 我是曹小月的微博视频 ,https://m.weibo.cn/detail/4966713087231115,3,0,2
15,4966707639616929,蓝飞RKO,2023-11-11 01:54:01,黑龙江佳木斯体育馆坍塌事故：11人被采取强制措施黑龙江佳木斯体育馆坍塌事故：11人被采取强制措施 ,https://m.weibo.cn/detail/4966707639616929,0,0,0
15,4966679858383892,小菜as,2023-11-11 00:03:37,#佳木斯体育馆坍塌11人被采取强制措施##齐齐哈尔坍塌事故学生家长发声##多地启动校舍场馆专项排查# 所以啊，到底排查了什么呢。 ,https://m.weibo.cn/detail/4966679858383892,0,0,1
16,4966666339618711,陕西体育,2023-11-10 23:09:54,【省体育局印发《通知》 强化体育场馆设施安全管理】针对黑龙江省佳木斯市桦南县悦城体育馆坍塌安全事故，陕西省体育局及时印发《关于进一步强化体育场馆设施安全管理工作的通知》，提出要深刻汲取事故教训，落实安全生产责任，强化安全管理措施，坚决防范遏制各类型事故，确保人民群众生命财产安全。  ...全文,https://m.weibo.cn/detail/4966666339618711,0,0,0
16,4966591815746125,大连突侠,2023-11-10 18:13:46,【黑龙江坍塌体育馆系53岁退休干部开发，其弟弟被指涉黑】#佳木斯体育馆坍塌11人被采取强制措施# 大连 ,https://m.weibo.cn/detail/4966591815746125,5,8,19
16,4966664448508573,研究碗盆专家,2023-11-10 23:02:23,#佳木斯一体育馆发生坍塌#平安 ,https://m.weibo.cn/detail/4966664448508573,0,0,0
16,4966663420117874,用户9628249318,2023-11-10 22:58:18,#佳木斯桦南体育馆坍塌# 希望能得到一个合理的解释为什么体育馆会坍塌，是否存在豆腐渣工程 ,https://m.weibo.cn/detail/4966663420117874,0,0,0
16,4966659641837698,自信满满的普通人,2023-11-10 22:43:17,#佳木斯体育馆坍塌11人被采取强制措施#建议异省侦查，异省拘留，异省审批，确保当地公检法回避， ,https://m.weibo.cn/detail/4966659641837698,0,0,1
16,4966590984227906,暴风雪天,2023-11-10 18:10:28,#佳木斯体育馆坍塌11人被采取强制措施#应该查一下，谁在威胁受难者家属？在人命关天下，还敢大事化小，小事化了。 ,https://m.weibo.cn/detail/4966590984227906,0,3,26
16,4966634907239891,天津南开应急,2023-11-10 21:05:00,【安全生产】佳木斯体育馆坍塌，11人被采取强制措施！ 【安全生产】佳木斯体育馆坍塌，11人被采取强制措施！ ,https://m.weibo.cn/detail/4966634907239891,0,0,0
16,4966634861102766,杨于泽,2023-11-10 21:04:49,长江评论说热点#佳木斯体育馆坍塌11人被采取强制措施# ｜ 对豆腐渣工程制造者必须严惩不贷  点击网页链接查看视频评论 ,https://m.weibo.cn/detail/4966634861102766,0,0,1
16,4966633652619026,中国环境,2023-11-10 21:00:01,#体育馆坍塌事故最新进展正调查取证#【黑龙江桦南县体育馆坍塌事故最新进展：现场清查、调查取证正在进行】#黑龙江体育馆坍塌事故最新进展#2023年11月6日，黑龙江佳木斯桦南县悦城体育馆发生部分坍塌，事故造成3人死亡。事故发生后，当地成立“11·6”桦南县悦城体育俱乐部坍塌事故调查组，调查组下设管 ...全文,https://m.weibo.cn/detail/4966633652619026,2,1,2
17,4966633652619026,中国环境,2023-11-10 21:00:01,#体育馆坍塌事故最新进展正调查取证#【黑龙江桦南县体育馆坍塌事故最新进展：现场清查、调查取证正在进行】#黑龙江体育馆坍塌事故最新进展#2023年11月6日，黑龙江佳木斯桦南县悦城体育馆发生部分坍塌，事故造成3人死亡。事故发生后，当地成立“11·6”桦南县悦城体育俱乐部坍塌事故调查组，调查组下设管 ...全文,https://m.weibo.cn/detail/4966633652619026,2,1,2
17,4966630497980168,Palapp不不,2023-11-10 20:47:29,#佳木斯体育馆坍塌11人被采取强制措施#支持一查到底 ,https://m.weibo.cn/detail/4966630497980168,0,0,0
17,4966629345070031,济南郡,2023-11-10 20:42:54,#佳木斯体育馆坍塌11人被采取强制措施#到底是什么情况？为什么这个建筑还会坍塌呢？还是要注意每年检修比较好 ,https://m.weibo.cn/detail/4966629345070031,0,0,0
17,4966627898562069,看看新闻KNEWS,2023-11-10 20:37:09,【全县初二学生他最厉害！#佳木斯体育馆遇难者梦想打入CBA#】黑龙江佳木斯桦南县悦城体育俱乐部11月6日发生部分坍塌，事故造成3人死亡。看看新闻Knews记者采访到了一名遇难者的生前好友，他们边看着遇难好友之前的打球视频，边难过地表示遇难者是当地初中生中的“球王”，不仅是在学校，在全桦南县初二 ...全文,https://m.weibo.cn/detail/4966627898562069,0,0,8
17,4966625342392786,SMGNEWS,2023-11-10 20:27:00,【好友回忆佳木斯体育馆遇难者：他梦想打进CBA】黑龙江佳木斯桦南县悦城体育俱乐部11月6日发生部分坍塌，事故造成3人死亡。记者采访到了一名遇难者的生前好友，他们表示遇难者是当地初中生中的“球王”，一直梦想着打入CBA。目前，记者在“11•6”悦城体育俱乐部屋顶坍塌事故处置工作领导小组了解到， ...全文,https://m.weibo.cn/detail/4966625342392786,0,0,0
17,4966625287867039,Lucky昱汐,2023-11-10 20:26:47,#周五不适合负能量出镜#有些事故只允许在周中被看到，任你气出乳腺结节但就是不给说法不出结论，非常凑巧的在周五下午消失在热搜#中山二院乳腺外科##佳木斯坍塌体育馆3人遇难# ,https://m.weibo.cn/detail/4966625287867039,0,1,11
17,4966623801245933,艾牛科普君,2023-11-10 20:20:51,#佳木斯体育馆坍塌11人被采取强制措施#一定要严肃追责，该承包商承建的建筑也应进行严格的安全复查，以防类似的事件再次发生。 ,https://m.weibo.cn/detail/4966623801245933,0,0,2
17,4966622881385637,周同学Albert,2023-11-10 20:17:13,调查要权威，处理要快速，善后要到位，一样都不能马虎……大家监督……  #佳木斯体育馆坍塌11人被采取强制措施# ,https://m.weibo.cn/detail/4966622881385637,0,4,3
17,4966619308361137,长江日报,2023-11-10 20:03:01,【#对豆腐渣工程制造者必须严惩不贷#】#长江评论说热点# #佳木斯体育馆坍塌11人被采取强制措施#刑罚有一个及时性原则，即对犯罪分子的打击要快，只有快，刑法的震慑效果才佳，否则迟到的正义就要打个折扣。现在桦南县悦城体育俱乐部豆腐渣的真面目暴露，及时查清真相，让应当为事故、为3条人命的逝去承 ...全文,https://m.weibo.cn/detail/4966619308361137,3,0,8
17,4966619069549704,怀远正道,2023-11-10 20:02:04,#佳木斯体育馆坍塌11人被采取强制措施# ,https://m.weibo.cn/detail/4966619069549704,0,0,0
18,4966611876842310,雪松-刘雪松,2023-11-10 19:33:29,#鸿儒计划##佳木斯体育馆坍塌11人被采取强制措施#  体育馆坍塌，吴某迁什么来头？ 11名重点人员被采取强制措施，吴某迁无疑是重点之一。他是怎么退休的、怎么中标的、怎么一路绿灯结账收钱的、怎么见好就收金盆洗手的？有没有高人指点，有没有利益输送，有没有偷工偷料，有没有暗通款曲？等等这些，有 ...全文,https://m.weibo.cn/detail/4966611876842310,3,2,10
18,4966609935142331,李宪法-,2023-11-10 19:25:46,《佳木斯体育馆坍塌最后三人合影》播放量：1423 作者：闻风而来66网页链接 ,https://m.weibo.cn/detail/4966609935142331,2,3,1
18,4966606301040692,欧爸天宇,2023-11-10 19:11:20,#佳木斯体育馆坍塌11人被采取强制措施# 洁白无瑕的第一场白雪，不背丧心病狂的黑锅 #天宇说# 欧爸天宇的微博视频 ,https://m.weibo.cn/detail/4966606301040692,1,1,1
18,4966605761546925,头部电影,2023-11-10 19:09:11,#佳木斯体育馆坍塌11人被采取强制措施#防患于未然！这就是追究责任的原因。 ,https://m.weibo.cn/detail/4966605761546925,0,0,1
18,4966605198200657,正义南康,2023-11-10 19:06:57,【拘留有几种情形，都是限制人身自由的强制措施，拘留和逮捕有何区别？】 @央视新闻 ~#佳木斯体育馆坍塌11人被采取强制措施#，相关法律知识了解一下  《拘留有几种情形，都是限制人身自由的强制措施，拘留和逮捕有何区别？》@律视微言 感谢分享  #法律知识##法律讲堂# 拘留有几种情形，都是限制人身自由的强制措施，拘留和逮捕有何区别？ ...全文,https://m.weibo.cn/detail/4966605198200657,5,12,22
18,4966603161337989,大唐微记录,2023-11-10 18:58:50,【#佳木斯体育馆坍塌11人被采取强制措施#】11月6日，黑龙江佳木斯桦南县悦城体育俱乐部发生部分坍塌，事故造成3人死亡。总台记者在“11•6”悦城体育俱乐部屋顶坍塌事故处置工作领导小组了解到，警方已对以吴某迁为首的涉嫌造成此次坍塌事故的11名重点人员，采取了强制措施。 （央视）    ...全文,https://m.weibo.cn/detail/4966603161337989,0,0,0
18,4966602287614701,画云奴,2023-11-10 18:55:23,#佳木斯体育馆坍塌11人被采取强制措施#我东北的我有发言权，我去过黑龙江住过，冬天下雪44cm根本都没够到建筑强度要求的下限，因为经常一下就是半米多厚 更何况这是一个新建不到五年的体育馆，耗费资金数亿，怎么可能是建筑老化……就是纯纯的质量问题；耗子们再不下油锅，东北谁还敢上体育课。 ,https://m.weibo.cn/detail/4966602287614701,0,0,3
18,4966550530688393,贵州榜哥,2023-11-10 15:29:43,#佳木斯体育馆坍塌11人被采取强制措施# 鄙人以为，佳木斯这种现象其实只是冰山一角，我相信这种豆腐渣工程，在全国到处都是，只有严厉的惩罚，才能让这些吃人不吐骨头的玩意有所忌惮！ 贵州榜哥的微博视频 ,https://m.weibo.cn/detail/4966550530688393,39,33,46
18,4966600767702288,one个汉堡包,2023-11-10 18:49:21,#佳木斯体育馆坍塌11人被采取强制措施#那位拿孩子父亲和舅舅工作相要挟的公职人员或者其他什么人 我c-n-m-l-g-b ,https://m.weibo.cn/detail/4966600767702288,0,0,1
18,4966600671495119,夏天太白冬天太黑,2023-11-10 18:48:58,#佳木斯体育馆坍塌11人被采取强制措施#  会继续关注 ,https://m.weibo.cn/detail/4966600671495119,0,0,0
19,4966600671495119,夏天太白冬天太黑,2023-11-10 18:48:58,#佳木斯体育馆坍塌11人被采取强制措施#  会继续关注 ,https://m.weibo.cn/detail/4966600671495119,0,0,0
19,4966562356269178,互联网俊明说,2023-11-10 16:16:43,继续深挖，查查背后的腐败。,https://m.weibo.cn/detail/4966562356269178,92,267,904
19,4966599907874272,天天想改名啊,2023-11-10 18:45:56,#佳木斯体育馆坍塌11人被采取强制措施#我只好奇，上回体育馆坍塌不是全国范围安全大检查了吗，合着啥也没查出来，等塌吗，只抓11个够吗？ ,https://m.weibo.cn/detail/4966599907874272,0,0,0
19,4966555396604281,界面新闻,2023-11-10 15:49:03,#佳木斯体育馆坍塌背后公司商业版图#【体育馆坍塌背后：#一个建设局退休干部的房地产生意#】#建设局退休干部的房地产生意#桦南县几乎无人不知吴立迁。知情人士称，他借助建设局干部的身份，乘上小县城的房地产开发浪潮，在政商关系通达之下，主持公司开发了多个楼盘和宾馆，“赚了大钱”。  此次坍塌的 ...全文,https://m.weibo.cn/detail/4966555396604281,21,5,72
19,4966598697289143,黄山石龙,2023-11-10 18:41:07,北方下了大雪，南方仍艳阳高照。佳木斯市连续发生两起体育馆坍塌造成人员伤亡的惨痛教训说明，一是天气恶劣，二是环境恶劣。  抖音上经常刷到，东北人已大幅涌入杭州。媒体上更可见杭州将继北上广深后的第五大一线城市。自然环境与人文生态的双重优势，使得杭城成为年轻人追逐梦想的地方。  小区内，狗 ...全文,https://m.weibo.cn/detail/4966598697289143,0,0,1
19,4966597957520957,山西消防,2023-11-10 18:38:11,#佳木斯体育馆坍塌11人被采取强制措施# 11月6日，黑龙江佳木斯桦南县悦城体育俱乐部发生部分坍塌，事故造成3人死亡。近年来，国内外多地都曾发生大跨度建筑屋顶坍塌事故。大跨度建筑的屋顶为何如此脆弱？ ,https://m.weibo.cn/detail/4966597957520957,0,0,0
19,4966597480679757,科技便当,2023-11-10 18:36:17,#佳木斯体育馆坍塌11人被采取强制措施#  向长沙那次事件一样，来一个大排查吧，天灾人祸很多时候不是因为疏忽安全检查吗? ,https://m.weibo.cn/detail/4966597480679757,0,1,4
19,4966595789066096,思明博览,2023-11-10 18:29:34,#佳木斯体育馆坍塌11人被采取强制措施# 2018年7月竣工的体育馆，短短几年，根本谈不上“年久失修”。如果一场大雪就压垮了它，很难不让人怀疑，是建筑质量本身存在问题。 思明博览的微博视频 ,https://m.weibo.cn/detail/4966595789066096,4,2,6
19,4966595547105011,就算爱有期限-永远爱花怜,2023-11-10 18:28:36,#佳木斯体育馆坍塌11人被采取强制措施#第几次了，黑心的钱拿着会遭报应的. ,https://m.weibo.cn/detail/4966595547105011,0,0,1
19,4966593698201883,天津应急,2023-11-10 18:21:14,11人被采取强制措施！佳木斯一体育馆屋顶坍塌事故最新进展 11人被采取强制措施！佳木斯一体育馆屋顶坍塌事故最新进展 ,https://m.weibo.cn/detail/4966593698201883,1,0,1
20,4966562503329179,界面新闻,2023-11-10 16:17:18,#佳木斯体育馆坍塌背后公司商业关系网#【体育馆坍塌背后：一个建设局退休干部的房地产生意】#东北小县城的商业关系网#界面新闻梳理发现，在“悦城系”之外，吴立迁夫妻广泛搭建生意人脉，这些人脉以股东或高管之名，分散在围绕“悦城系”相关的施工、投资、物业、体育娱乐、施工资质挂靠等诸多公司中， ...全文,https://m.weibo.cn/detail/4966562503329179,89,43,361
20,4966593208258160,爱努力的苏三,2023-11-10 18:19:18,#佳木斯体育馆坍塌11人被采取强制措施#哎，许多年前的不作为，现在是报应的时候了，只是苦了孩子们 ,https://m.weibo.cn/detail/4966593208258160,0,0,0
20,4966592402426839,雾中的小蘑菇,2023-11-10 18:16:06,#佳木斯体育馆坍塌11人被采取强制措施# 大金链子，哈哈 ,https://m.weibo.cn/detail/4966592402426839,0,0,0
20,4966589914941264,吴薇,2023-11-10 18:06:13,#佳木斯体育馆坍塌11人被采取强制措施##鸿儒计划#知情人士表示，桦南县几乎无人不知吴立迁“路上随便一指，都是他开发的”。造成悲剧的始作俑者，一个都不能放过，只有严厉惩罚，才能告慰逝去的年轻生命！ 吴薇的微博视频 ,https://m.weibo.cn/detail/4966589914941264,6,1,3
20,4966589520413028,一米阳光24303,2023-11-10 18:04:38,#佳木斯体育馆坍塌11人被采取强制措施#我就说嘛，在东北地区冬天下大到暴雪是很正常的事情。那么建筑物承重雪的重量应该是设计建设时的基本的要求！别什么都往天灾上靠。雪可是白的可能人心才是黑的！希望严查严惩，给受害者及家人和社会一个满意的答复！ ,https://m.weibo.cn/detail/4966589520413028,0,0,0
20,4966589135586340,Atong数码,2023-11-10 18:03:07,#佳木斯体育馆坍塌11人被采取强制措施# 悲剧发生了一次，又一次重演，必须严重问责并排查相关的安全事故。 ,https://m.weibo.cn/detail/4966589135586340,0,0,0
20,4966588576958502,Fanyu-Sabrina,2023-11-10 18:00:54,#佳木斯体育馆坍塌11人被采取强制措施#这倒是挺快的，但是再多的人被强制也换不回三条生命了，这才是最可悲的 ,https://m.weibo.cn/detail/4966588576958502,0,0,4
20,4966585771755872,大强,2023-11-10 17:49:45,#佳木斯体育馆坍塌11人被采取强制措施# 逝者已逝，什么原因在死者面前已经没那么重要，唯一重要的就是惩戒相关责任人给死者和家属一个交代。 当地的处罚结果虽然迅速，但是调查结果还是需要早日公布，以此才能成为警钟，避免同样的事件再次发生。 ,https://m.weibo.cn/detail/4966585771755872,40,72,80
20,4966585385354433,许济_,2023-11-10 17:48:13,#佳木斯体育馆坍塌11人被采取强制措施#  吴立迁夫妻和他们背后的利益输送链条都应该一网打尽 ,https://m.weibo.cn/detail/4966585385354433,1,0,15
20,4966585050074344,灵灵看世界,2023-11-10 17:46:53,【灵灵看世界：公开透明严肃处理，才能维护社会稳定和谐！】  关于佳木斯体育馆坍塌事件，调查要权威，处理要快速，善后要到位，一样都不能马虎。  @微博时事 #佳木斯体育馆坍塌11人被采取强制措施#灵灵看世界 灵灵看世界的微博视频 ,https://m.weibo.cn/detail/4966585050074344,0,0,1
21,4966581202322723,八大商人,2023-11-10 17:31:36,【#佳木斯坍塌体育馆3人遇难#事件的背后：一个建设局退休干部的房地产生意】 #佳木斯体育馆坍塌背后公司商业关系网#&amp; #东北小县城的商业关系网# 界面新闻梳理发现，在“悦城系”之外，吴立迁夫妻广泛搭建生意人脉，这些人脉以股东或高管之名，分散在围绕“悦城系”相关的施工、投资、物业、体育娱乐、 ...全文,https://m.weibo.cn/detail/4966581202322723,6,1,12
21,4966580886962739,海盐甜味剂,2023-11-10 17:30:21,#佳木斯体育馆坍塌11人被采取强制措施# 希望严惩 ,https://m.weibo.cn/detail/4966580886962739,0,0,0
21,4966579805620295,东篱一阁,2023-11-10 17:26:03,总结教训还用举一反三吗？举二返六吧！【11人已被控！佳木斯坍塌体育馆开发商涉当地建设局退休干部】 11人已被控！佳木斯坍塌体育馆开发商涉当地建设局退休干部 ,https://m.weibo.cn/detail/4966579805620295,0,0,0
21,4966579751881022,刘江说法,2023-11-10 17:25:50,佳木斯体育馆坍塌第4天：有遇难学生母亲“两三天哭得没睡觉” @新浪新闻  佳木斯体育馆坍塌第4天：有遇难学生母亲“两三天哭得没睡觉” ,https://m.weibo.cn/detail/4966579751881022,0,0,0
21,4966552736366599,我是真的搞不懂啊_,2023-11-10 15:38:28,#佳木斯体育馆坍塌11人被采取强制措施#必须要严查！我看这是修建的时候偷工减料造成的不可挽回的事故 一下毁了好几个家庭 这些孩子的父母得多绝望难过 可怜天下父母心 都还是初中生还不大未来还能走很远…… ,https://m.weibo.cn/detail/4966552736366599,0,2,68
21,4966579165729059,灵灵看世界,2023-11-10 17:23:30,发布了头条文章：《灵灵看世界：佳木斯体育馆坍塌11人被采取强制措施，要防止失信于民！》   如果事情处理不好，就会失信于民，人心动乱！  #佳木斯体育馆坍塌11人被采取强制措施# @微博时事 灵灵看世界  灵灵看世界：佳木斯体育馆坍塌11人被采取强制措施，要防止失信于民！ ,https://m.weibo.cn/detail/4966579165729059,0,0,1
21,4966578754161540,邢昭林的铃铛芹芹,2023-11-10 17:21:52,#佳木斯体育馆坍塌11人被采取强制措施#太恐怖了，希望早点调查结果，一定要严肃处理 ,https://m.weibo.cn/detail/4966578754161540,0,0,0
21,4966578660839358,吃完小馄饨然后去喝奶茶要多多冰,2023-11-10 17:21:30,#佳木斯体育馆坍塌11人被采取强制措施# 那人家家里人工作拿捏人家呢； 这是在干嘛。 ,https://m.weibo.cn/detail/4966578660839358,0,1,1
21,4966578485986246,灵灵看世界,2023-11-10 17:20:48,【灵灵看世界：佳木斯体育馆坍塌11人被采取强制措施，要防止失信于民！】  灵灵看世界在11月10日从新闻报道了解到，警方已对以吴某迁为首的涉嫌造成此次坍塌事故的11名重点人员，采取了强制措施。  灵灵看世界认为，严肃处理，取信于民，人民放心。仅仅对11人采取强制措施还不够！还需要公开透明处理， ...全文,https://m.weibo.cn/detail/4966578485986246,0,1,2
21,4966578171677062,星球之音,2023-11-10 17:19:33,#佳木斯体育馆坍塌背后公司商业关系网#赔偿，追责，严惩关系网#说真话知真相# ,https://m.weibo.cn/detail/4966578171677062,0,0,0
22,4966578171677062,星球之音,2023-11-10 17:19:33,#佳木斯体育馆坍塌背后公司商业关系网#赔偿，追责，严惩关系网#说真话知真相# ,https://m.weibo.cn/detail/4966578171677062,0,0,0
22,4966577835347789,大地飞鹰在路上,2023-11-10 17:18:13,《「调查」体育馆坍塌背后：一个建设局退休干部的房地产生意》2023年11月10日，黑龙江省佳木斯市桦南县悦城体育俱乐部屋顶坍塌事故一位遇难者家属告诉界面新闻。网页链接 ,https://m.weibo.cn/detail/4966577835347789,1,0,2
22,4966577612783747,拷贝她的美,2023-11-10 17:17:19,#佳木斯体育馆坍塌11人被采取强制措施#必须彻查 ,https://m.weibo.cn/detail/4966577612783747,0,0,0
22,4966576681650372,搜狐千里眼,2023-11-10 17:13:38,#关注流热聊汇#近日，佳木斯桦南县一体育馆发生坍塌事故，三名初中生遇难，事后11人被采取强制措施。不少网友也提出疑问，无论是不是暴雪引发，都不是体育馆坍塌的理由，工程质量问题该由谁承担？#佳木斯体育馆坍塌11人被采取强制措施# ,https://m.weibo.cn/detail/4966576681650372,0,0,2
22,4966576425276165,新郎wxx狗,2023-11-10 17:12:37,#佳木斯体育馆坍塌11人被采取强制措施#这个世界，多的是你不知道的事儿 ,https://m.weibo.cn/detail/4966576425276165,0,0,0
22,4966576173613879,傅诗淇的瑞士糖,2023-11-10 17:11:37,#佳木斯体育馆坍塌11人被采取强制措施#啥也别说，狠狠处理 ,https://m.weibo.cn/detail/4966576173613879,1,0,0
22,4966575516156825,山东师范大学团委,2023-11-10 17:09:00,#佳木斯体育馆坍塌11人被采取强制措施#  近几年来，国内外大型建筑坍塌造成的人员伤亡事故层出不穷，很多鲜活的年轻生命因此逝去，无数家庭被亲人逝去的阴影笼罩，建筑安全的重要性愈发凸显。 今天的#每日一词#团团就来考考大家“安全”的英文表达叭  网页链接 ,https://m.weibo.cn/detail/4966575516156825,0,1,85
22,4966574987150070,史遇春之尘境心影录,2023-11-10 17:06:54,#佳木斯体育馆坍塌11人被采取强制措施#  对他人的生命负责，也是对自己的人生负责。 ,https://m.weibo.cn/detail/4966574987150070,0,0,1
22,4966573531201542,热岛巡游,2023-11-10 17:01:06,#佳木斯体育馆坍塌11人被采取强制措施#这样的悲剧不要再发生了哎 ,https://m.weibo.cn/detail/4966573531201542,0,0,0
22,4966572632573870,·楠风听夏·,2023-11-10 16:57:33,#佳木斯体育馆坍塌11人被采取强制措施# 我昨天刷到一个当事人的妈妈，就是说有人拿她老公和孩子舅舅的工作作为威胁。  她说她回去立马和他老公离婚，和孩儿他舅断绝关系啥的……  唉，怎么老是这样子欺负人啊！孩子命都没了，还要捂别人的嘴，还要威胁人家，真的是 ,https://m.weibo.cn/detail/4966572632573870,0,7,17
23,4966542514324011,外贸商老贾,2023-11-10 14:57:51,#佳木斯体育馆坍塌11人被采取强制措施#悲剧，最怕的是它变成连续剧。  今年7月，一场大雨浸透了珍珠岩，导致齐齐哈尔某中学的体育馆坍塌，11条年轻的生命逝去。  结果不到半年，11月6日，黑龙江又重蹈覆辙，佳木斯桦南县的一所体育馆，突然发生一声巨响。  体育馆的整个房顶塌了下来，从外面看，像是一 ...全文,https://m.weibo.cn/detail/4966542514324011,26,37,325
23,4966572209734049,黄角树,2023-11-10 16:55:51,#佳木斯体育馆坍塌11人被采取强制措施#建筑安全质量终身负责制。怎么半年之内东北两起体育馆坍塌 ，是谁的不作为，一查到底！很多四十多年的老房子那不是住的依然很好吗.... ,https://m.weibo.cn/detail/4966572209734049,3,2,9
23,4966572142890961,大头vc,2023-11-10 16:55:36,#佳木斯体育馆坍塌11人被采取强制措施#不怕天灾，就怕人祸。体育馆的建造质量是否过硬才是这起重大事故的关键吧！白雪皑皑，是否能掩盖人性的肮脏贪婪！ ,https://m.weibo.cn/detail/4966572142890961,0,0,0
23,4966548263406584,金华交警,2023-11-10 15:20:43,【遇到建筑物坍塌该怎么办】若突遇建筑坍塌如何避难？如若被掩埋，该如何自救？戳下图一起了解！#佳木斯体育馆坍塌11人被采取强制措施#  ,https://m.weibo.cn/detail/4966548263406584,0,14,20
23,4966571892806131,安鏴,2023-11-10 16:54:36,#佳木斯体育馆坍塌11人被采取强制措施#舆论还是有用啊。看我从2016年至今没把两个涉嫌全国性多项犯罪的团伙送进去，不用舆论不行啊！用舆论青岛的行政局也知道怎么办案？怎么做人了吧？ ,https://m.weibo.cn/detail/4966571892806131,0,0,0
23,4966571854006126,观州散人,2023-11-10 16:54:27,#佳木斯体育馆坍塌11人被采取强制措施#是下不为例的缘故吗？不是！是因为没有找到，也是不想找到问题症结的原因。如果把问题的症结找实了，并且对有问题的建筑进行科学评估就会杜绝一场场悲剧。但人们有胆量去掀开这些伤疤吗？ ,https://m.weibo.cn/detail/4966571854006126,0,0,0
23,4966571544677642,孟剑鬼,2023-11-10 16:53:13,#佳木斯体育馆坍塌11人被采取强制措施#北方室内体育馆是很重要的吧，天气冷，必须室内，这些问题体育馆必须都严查，不要让悲剧发生了。 ,https://m.weibo.cn/detail/4966571544677642,0,0,0
23,4966571253433316,外贸娘子薇,2023-11-10 16:52:04,#佳木斯体育馆坍塌11人被采取强制措施#我昨天刷到的视频，逝者母亲嘶声力竭的控诉。     大致内容:&quot;你们用我丈夫和舅舅公职人员的工作来威胁我！我可以离婚！舅舅这个亲戚我也可以断了！我要为我儿子讨回公道！&quot; ,https://m.weibo.cn/detail/4966571253433316,0,4,13
23,4966570910287664,法治成都,2023-11-10 16:50:42,#法治君课堂#【建筑坍塌事故安全提示】近年来，建筑坍塌事故时有发生，极易造成群死群伤。那么建筑坍塌有哪些征兆？又该如何快速逃生、如何避难呢？戳图↓ #佳木斯体育馆坍塌11人被采取强制措施#  ,https://m.weibo.cn/detail/4966570910287664,2,14,17
23,4966570403299706,张杳杳纷纷,2023-11-10 16:48:41,#佳木斯体育馆坍塌背后公司商业关系网#是不是，这个悦城系建造的工程，都值得做一个安全评估？ ,https://m.weibo.cn/detail/4966570403299706,0,0,2
24,4966569917023695,啊啵泥啵霸,2023-11-10 16:46:45,#佳木斯体育馆坍塌11人被采取强制措施#只是希望给遇难者一个公道，好好调查一下吧，把结果公布出来 ,https://m.weibo.cn/detail/4966569917023695,0,0,0
24,4966569735619688,远去背影,2023-11-10 16:46:02,#佳木斯体育馆坍塌11人被采取强制措施# 看的出，坍塌事故并不是大雪的责任！ 事发那天，正值暴雪，当地第一时间说是大雪压的。可问题是，这个体育馆20年夏天才验收投入使用的，根本就不存在年久失修材料老化的问题！ 再就是东北暴雪，佳木斯并非是下的最大降雪最多的地方，比佳木斯降雪大的多的地方人 ...全文,https://m.weibo.cn/detail/4966569735619688,3,2,12
24,4966569524335140,奈何雨洛,2023-11-10 16:45:12,#佳木斯体育馆坍塌11人被采取强制措施#史 ,https://m.weibo.cn/detail/4966569524335140,0,0,0
24,4966569077639895,陌晓菲-战,2023-11-10 16:43:25,#佳木斯体育馆坍塌11人被采取强制措施#愿悲剧不再发生 ,https://m.weibo.cn/detail/4966569077639895,0,0,0
24,4966568167213448,香蕉陷馒头,2023-11-10 16:39:48,#佳木斯体育馆坍塌11人被采取强制措施# 希望能好好调查清楚吧 也希望以后盖房子能提前排除这些安全隐患 ,https://m.weibo.cn/detail/4966568167213448,0,0,0
24,4966567378945087,渔吟洲念,2023-11-10 16:36:40,#佳木斯体育馆坍塌11人被采取强制措施#一定要严惩，不想在看到第三次了还老百姓一个公道 ,https://m.weibo.cn/detail/4966567378945087,0,0,1
24,4966567090325221,TELsky丶迷離,2023-11-10 16:35:31,#佳木斯体育馆坍塌11人被采取强制措施#查明原因，责任到人，希望好好处理，狠狠制裁，绝不姑息 ,https://m.weibo.cn/detail/4966567090325221,0,0,0
24,4966567031604406,健身高进哥,2023-11-10 16:35:17,#佳木斯体育馆坍塌11人被采取强制措施# 新闻Knews记者在佳木斯殡仪馆见到了一位遇难学生的亲属。该亲属表示，这些天一直都有工作人员来问候，可是事情始终没有解决。体育馆是怎么塌的？这得有个根源。塌的原因不可能是因为大雪，大棚都塌不了为什么雪能把体育馆给压塌？塌了之后谁该承担责任？我们遇难 ...全文,https://m.weibo.cn/detail/4966567031604406,45,13,44
24,4966566739313045,老勍,2023-11-10 16:34:07,#佳木斯体育馆坍塌11人被采取强制措施#·这个要严查到底！给孩子家长一个交代啊！ ,https://m.weibo.cn/detail/4966566739313045,0,0,1
25,4966566739313045,老勍,2023-11-10 16:34:07,#佳木斯体育馆坍塌11人被采取强制措施#·这个要严查到底！给孩子家长一个交代啊！ ,https://m.weibo.cn/detail/4966566739313045,0,0,1
25,4966566678235517,欣玥明蕙,2023-11-10 16:33:53,#佳木斯体育馆坍塌11人被采取强制措施#生命不能重来，就算采取强制措施又能如何？如何防患于未然，才是真正重要的，不要每次到了灾难发生后，才问责，晚了！体育馆坍塌事故已经不只一次了，这种大型公共建筑的施工有没有偷工减料，安全检查怎么做的？ ,https://m.weibo.cn/detail/4966566678235517,0,0,0
25,4966566511512123,法职_庞九林律师,2023-11-10 16:33:13,#体育馆事故遇难者家属不要赔偿要真相# 该赔的钱，一分都不能少。该判刑的，一个都跑不了。 一、赔偿 1.建设单位、施工单位、所有人、管理人、使用人都有赔偿义务。 民法典第一千二百五十二条 建筑物、构筑物或者其他设施倒塌、塌陷造成他人损害的，由建设单位与施工单位承担连带责任，但是建设单位与 ...全文,https://m.weibo.cn/detail/4966566511512123,4,4,10
25,4966565566219894,你也喜欢浪漫嘛-,2023-11-10 16:29:28,#佳木斯体育馆坍塌11人被采取强制措施# 必须要查明原因，体育馆坍塌今年都第二次发生了，还遇难那么多人 ,https://m.weibo.cn/detail/4966565566219894,0,0,14
25,4966549181957139,望烬,2023-11-10 15:24:22,#佳木斯体育馆坍塌11人被采取强制措施# 尤其找到主要责任人 一定要严惩不贷 为以后不在发生此类事情 做到警示作用 ,https://m.weibo.cn/detail/4966549181957139,0,1,60
25,4966565776459302,看看新闻KNEWS,2023-11-10 16:30:18,【#体育馆坍塌11名重点人员被采取强制措施#】2023年11月6日，黑龙江佳木斯桦南县悦城体育俱乐部发生部分坍塌，事故造成3人死亡。记者在“11•6”悦城体育俱乐部屋顶坍塌事故处置工作领导小组了解到，警方已对以吴某迁为首的涉嫌造成此次坍塌事故的11名重点人员，采取了强制措施。目前，当地市县两级纪 ...全文,https://m.weibo.cn/detail/4966565776459302,5,1,7
25,4966565684183273,宋悦,2023-11-10 16:29:56,#佳木斯体育馆坍塌11人被采取强制措施#房地产不景气未来还有活着的企业维护楼房吗？不行就提前推倒吧，为了生命财产安全。。。 ,https://m.weibo.cn/detail/4966565684183273,0,0,0
25,4966565541053826,南溪发布,2023-11-10 16:29:22,@央视新闻 ~#佳木斯体育馆坍塌11人被采取强制措施#法姐讲法《在刑事强制措施中，当事人符合哪些条件，可能被逮捕？》戳图学法 via律视微言  感谢分享法治 #全民素养提升v计划#   @四川监狱 @成都政法  @平安绵阳 传播法治人人学法  ,https://m.weibo.cn/detail/4966565541053826,0,0,0
25,4966565185847359,白云悠悠无青草,2023-11-10 16:27:56,#佳木斯体育馆坍塌11人被采取强制措施#躺平保平安，从娃娃抓起。 ,https://m.weibo.cn/detail/4966565185847359,0,0,0
25,4966565099340814,任丘司法行政,2023-11-10 16:27:37,#任丘司法在线# 【看《他从火光中走来》：加盖房屋导致坍塌事故，责任谁承担？】#佳木斯体育馆坍塌11人被采取强制措施# ,https://m.weibo.cn/detail/4966565099340814,0,2,2
26,4966564551987421,一只灯酱,2023-11-10 16:25:26,#佳木斯体育馆坍塌11人被采取强制措施#一定要严惩。 ,https://m.weibo.cn/detail/4966564551987421,0,0,0
26,4966564442935039,朝钟明月,2023-11-10 16:25:00,#佳木斯体育馆坍塌11人被采取强制措施#早该如此，以儆效尤 ,https://m.weibo.cn/detail/4966564442935039,0,0,0
26,4966564434020868,一个摆烂的咸鱼我,2023-11-10 16:24:58,#佳木斯体育馆坍塌11人被采取强制措施#我看到那个母亲说，她脑子里规划了孩子的婚礼什么的，结果等来是给孩子办葬礼，可以和她爱人离婚，家里的兄弟断绝关系，真的就很心酸，突然明白为什么有的事最后草草结束了，原来是因为软肋啊 ,https://m.weibo.cn/detail/4966564434020868,0,0,1
26,4966564057582595,上海应急守护,2023-11-10 16:23:28,【大型商业综合体消防安全管理“七个一”】城市大型商业综合体地处繁华商圈，为城市地标建筑，集购物、餐饮、娱乐、住宿、交通等功能于一体。但因其建筑面积大、空间复杂、人流物流高度集中等特点，成为城市火灾防控的“重中之重”。“七个一”是什么？又该如何做？戳图了解↓ ...全文,https://m.weibo.cn/detail/4966564057582595,1,0,0
26,4966563993355027,广林子--松山梧桐雨,2023-11-10 16:23:13,套路那么深热门#佳木斯体育馆坍塌11人被采取强制措施#该保密的没密住，不该保密的偏要密，这11人都是什么情况？申请公开！#普法课堂#广林子有话说//#佳木斯体育馆坍塌11人被采取强制措施# 苏州 ,https://m.weibo.cn/detail/4966563993355027,0,6,9
26,4966563877487300,按太陽穴輪挎眼眶,2023-11-10 16:22:45,#佳木斯体育馆坍塌11人被采取强制措施#老是孩子饿死之后才来奶，有用吗，人死不能复活，多啥家庭因此破碎啊 ,https://m.weibo.cn/detail/4966563877487300,0,0,0
26,4966563800154857,踩草必扑,2023-11-10 16:22:26,#佳木斯体育馆坍塌11人被采取强制措施#一个都别想跑 豆腐渣工程 ,https://m.weibo.cn/detail/4966563800154857,0,0,0
26,4966563715483048,小狗说陪我淋雨,2023-11-10 16:22:07,#佳木斯体育馆坍塌11人被采取强制措施# 一定不要不了了之 该受到惩罚的一定要受惩罚 ,https://m.weibo.cn/detail/4966563715483048,0,0,0
26,4966563712598098,科技至善,2023-11-10 16:22:05,#佳木斯体育馆坍塌11人被采取强制措施#希望能够公正处理，昨天还看到有专家说是因为雪的原因，上次是因为雨，反正大众是不相信的。别的都不塌，就你这里塌了，估计是建筑出问题了，希望可以追查到底！ ,https://m.weibo.cn/detail/4966563712598098,0,0,0
26,4966563470116625,淇淇的小可爱-CY,2023-11-10 16:21:08,#佳木斯体育馆坍塌11人被采取强制措施#这种事故发生了就说明需要加强管理，建筑这些很危险的东西在修建的时候还是必须得小心 ,https://m.weibo.cn/detail/4966563470116625,0,0,6
27,4966563376533569,乡下闲人萧武,2023-11-10 16:20:46,#佳木斯体育馆坍塌11人被采取强制措施#  还不错，但是也希望对家属能温柔以待吧。 他们也不是啥坏人，只是失去了孩子，情绪有点激动，别那么粗暴。 ,https://m.weibo.cn/detail/4966563376533569,1,2,13
27,4966563233924755,zzsszz123321,2023-11-10 16:20:12,#佳木斯体育馆坍塌11人被采取强制措施#不出事没人管，好像什么危险也没有。 ,https://m.weibo.cn/detail/4966563233924755,0,0,0
27,4966563122512161,用户空山残月,2023-11-10 16:19:45,#佳木斯体育馆坍塌11人被采取强制措施#本人不止一次呼吁过，对公共坍塌工程，无论道路、桥梁和建筑物，必须拿出来原设计图纸，由技术部门和当事人家属共同比对，先排除人祸再谈论天灾，真心希望这次能真正的彻查到底，当然这只是个人愿望，    建议让si者家属进入专案组，随时对外公布案情进展，也许会 ...全文,https://m.weibo.cn/detail/4966563122512161,0,0,4
27,4966563122250526,似水年华绣春刀,2023-11-10 16:19:45,#佳木斯体育馆坍塌11人被采取强制措施#我女儿最近在我们这体育馆训练，还问我，妈妈，我们这的体育馆应该没问题吧，唉 ,https://m.weibo.cn/detail/4966563122250526,0,0,1
27,4966563095513031,林纪07,2023-11-10 16:19:39,#佳木斯体育馆坍塌11人被采取强制措施#在 2018 年大阪北部的地震中，一名小学生被压在倒塌的围墙下，不幸身亡。 日本政府重新检查了围墙墙的强度并公布，更换了54所小学和初中的所有围墙。随后，为了不让人们忘记这一事件，日本政府举行了纪念活动。 ,https://m.weibo.cn/detail/4966563095513031,0,0,0
27,4966563092891967,XLZ暮色倾城,2023-11-10 16:19:38,#佳木斯体育馆坍塌11人被采取强制措施#上次坍塌的事还记忆犹新，每次都是血的教训…… ,https://m.weibo.cn/detail/4966563092891967,0,0,0
27,4966563030239662,安康直播,2023-11-10 16:19:23,【#佳木斯体育馆坍塌11人被采取强制措施#】 ,https://m.weibo.cn/detail/4966563030239662,0,0,0
27,4966563007432383,护草使者_,2023-11-10 16:19:18,#佳木斯体育馆坍塌11人被采取强制措施# 分别是哪十一个人，全部公布出来 ,https://m.weibo.cn/detail/4966563007432383,0,0,0
27,4966562981480500,万物皆可盘666,2023-11-10 16:19:12,#佳木斯体育馆坍塌11人被采取强制措施#希望能严查，给家属一个交代 ,https://m.weibo.cn/detail/4966562981480500,0,0,0
27,4966562937440621,锦绣恰似年华,2023-11-10 16:19:01,#佳木斯体育馆坍塌11人被采取强制措施#不应该窥一斑，而去知全豹么 ,https://m.weibo.cn/detail/4966562937440621,0,1,0
28,4966562937440621,锦绣恰似年华,2023-11-10 16:19:01,#佳木斯体育馆坍塌11人被采取强制措施#不应该窥一斑，而去知全豹么 ,https://m.weibo.cn/detail/4966562937440621,0,1,0
28,4966562930887829,幻立青梦,2023-11-10 16:19:00,#佳木斯体育馆坍塌11人被采取强制措施#不会又是换个地方继续做官吧 ,https://m.weibo.cn/detail/4966562930887829,0,0,0
28,4966562906768137,沁毅-cy,2023-11-10 16:18:54,#佳木斯体育馆坍塌11人被采取强制措施#  到底触犯了多少底线，才会一直发生这种事情，这是人命啊，这让他们的家人如何接受。 ,https://m.weibo.cn/detail/4966562906768137,0,0,1
28,4966562865874128,Crystal泡泡糖,2023-11-10 16:18:44,#佳木斯体育馆坍塌11人被采取强制措施#东北年年都有大雪 暴雪 这种情况不要推卸到雪身上         希望能给受害者跟家属一个交代    毁了几个家庭  唉  🙏 ,https://m.weibo.cn/detail/4966562865874128,0,3,45
28,4966562843067299,玲珑青鸟的家,2023-11-10 16:18:39,#佳木斯体育馆坍塌11人被采取强制措施# 孩子都死了，拿工作威胁谁啊？最大的软肋早没了，现在年轻人都不生孩子了，没软肋了。 ,https://m.weibo.cn/detail/4966562843067299,0,0,0
28,4966562836516708,逍遥一笑菌,2023-11-10 16:18:37,#佳木斯体育馆坍塌11人被采取强制措施#这些草菅人命的狗东西直接牢底坐穿吧！ ,https://m.weibo.cn/detail/4966562836516708,0,0,0
28,4966562830221389,-番茄浓汤螺狮粉-微辣,2023-11-10 16:18:35,#佳木斯体育馆坍塌11人被采取强制措施#到底谁在偷工减料！！！危害别人的生命财产安全！ ,https://m.weibo.cn/detail/4966562830221389,0,1,3
28,4966562818949553,吉林乌拉圈,2023-11-10 16:18:32,不管牵扯到谁，绝不姑息，一查到底，才能告慰逝者，抚熨伤痛，回应关切！#佳木斯体育馆坍塌11人被采取强制措施#乌拉圈 佳木斯·佳木斯站 ,https://m.weibo.cn/detail/4966562818949553,0,2,5
28,4966562698364307,尖叫女神aaa,2023-11-10 16:18:04,#佳木斯体育馆坍塌11人被采取强制措施# 还以为是年久失修，结果看到有人说是20年竣工。。。  以后就在体育场跑跑步吧，这县体育馆还是别去了 ,https://m.weibo.cn/detail/4966562698364307,0,0,0
28,4966562621819225,新闻深呼吸-舒口水,2023-11-10 16:17:46,#佳木斯体育馆坍塌事故调查进展#【体育馆发生坍塌 问题到底出在哪里？】11月6日，黑龙江省佳木斯市桦南县悦城体育馆发生屋顶坍塌，3名初中生不幸遇难。问题出在哪里？是检查形式主义惹的祸吗？#体育馆坍塌11名重点人员被采取强制措施# 新闻深呼吸-舒口水的微博视频 ,https://m.weibo.cn/detail/4966562621819225,0,0,1
29,4966562565983083,陈灬情书,2023-11-10 16:17:33,#佳木斯体育馆坍塌11人被采取强制措施#这11个人的职务都是啥呢 ,https://m.weibo.cn/detail/4966562565983083,0,0,0
29,4966562520107695,迪莎花花257,2023-11-10 16:17:22,#佳木斯体育馆坍塌11人被采取强制措施#严格调查！一条条鲜活的生命，太可惜了 ,https://m.weibo.cn/detail/4966562520107695,0,0,0
29,4966562407649189,辰羽墨染,2023-11-10 16:16:55,#佳木斯体育馆坍塌11人被采取强制措施#那就再蹲个结果，希望别不了了之 ,https://m.weibo.cn/detail/4966562407649189,0,0,0
29,4966562346041961,不好糊弄的武汉大妞,2023-11-10 16:16:40,#佳木斯体育馆坍塌11人被采取强制措施#就怕以后这种事会层出不穷，全是豆腐渣 ,https://m.weibo.cn/detail/4966562346041961,0,0,0
29,4966562071057275,界面新闻,2023-11-10 16:15:35,#佳木斯体育馆坍塌背后公司商业版图#【体育馆坍塌背后：一个建设局退休干部的房地产生意】#吴立迁房地产项目资金来源成谜#此次坍塌的体育馆，是悦城广场城市综合体项目一期中的一部分，悦城广场整体项目占地面积35163平方米，2017年7月开工。悦城地产的法人代表为吴立迁，其在开发悦城广场项目中，资金 ...全文,https://m.weibo.cn/detail/4966562071057275,4,1,5
29,4966562068693481,oFkm56,2023-11-10 16:15:34,#佳木斯体育馆坍塌11人被采取强制措施#这是怎么了？ ,https://m.weibo.cn/detail/4966562068693481,0,0,2
29,4966562005516768,牵手坚守G-J-616,2023-11-10 16:15:19,#佳木斯体育馆坍塌11人被采取强制措施#调查清楚，严查到底 ,https://m.weibo.cn/detail/4966562005516768,0,0,0
29,4966562004208783,Mr若离,2023-11-10 16:15:19,#佳木斯体育馆坍塌11人被采取强制措施#大快人心！！！但是肯定还会有漏网之鱼，要加强责任落实，对施工主体单位追责问责。加强施工监管，减少豆腐渣工程。 ,https://m.weibo.cn/detail/4966562004208783,0,1,5
29,4966561868154425,譛-蒲蒲蒲蒲-,2023-11-10 16:14:46,#佳木斯体育馆坍塌11人被采取强制措施#请问一下怎么回事 断网了 ,https://m.weibo.cn/detail/4966561868154425,0,1,0
29,4966561817561129,i糖裹布丁-LYN,2023-11-10 16:14:34,#佳木斯体育馆坍塌11人被采取强制措施# 好好查，彻查也希望此类事故能不再发生了 ,https://m.weibo.cn/detail/4966561817561129,0,1,2
30,4966558554131295,咬一口馥馥奶酪,2023-11-10 16:01:36,#佳木斯体育馆坍塌11人被采取强制措施#这么多人遇难，真的太令人痛心了，一定有好好检修，避免这种事故再次发生 ,https://m.weibo.cn/detail/4966558554131295,0,3,21
30,4966561765918071,科新公安,2023-11-10 16:14:22,#佳木斯体育馆坍塌11人被采取强制措施#（央视新闻） ,https://m.weibo.cn/detail/4966561765918071,0,10,9
30,4966561750714030,吃中药de猫,2023-11-10 16:14:18,#佳木斯体育馆坍塌11人被采取强制措施#为什么齐齐哈尔就没结论 ,https://m.weibo.cn/detail/4966561750714030,0,0,2
30,4966561729742195,Z-fct,2023-11-10 16:14:13,#佳木斯体育馆坍塌11人被采取强制措施#哪11人？别是承包体育馆的工作人员，这塌不塌跟人家没关系呀 ,https://m.weibo.cn/detail/4966561729742195,0,0,0
30,4966561670497671,果果褁一个,2023-11-10 16:13:59,#佳木斯体育馆坍塌11人被采取强制措施#强制措施（只能暂时）而不是强制执行么 ,https://m.weibo.cn/detail/4966561670497671,0,0,0
30,4966561654247323,kkw的吃瓜小能手,2023-11-10 16:13:55,#佳木斯体育馆坍塌11人被采取强制措施#总台记者获悉，警方已对以吴某迁为首的涉嫌造成此次坍塌事故的11名重点人员，采取了强制措施。  这里的吴某迁，指的应该是建设单位悦城房地产的吴立迁。  虽然余下几人没有点名，但其妻子杨巾力，还有海峰伟业的岳城棋，应该都在其中。  这一波通报还是蛮实在的。 ,https://m.weibo.cn/detail/4966561654247323,0,0,0
30,4966561599982678,寧缺毋濫5134,2023-11-10 16:13:42,#佳木斯体育馆坍塌11人被采取强制措施#这11人里有建造方的人吗？ ,https://m.weibo.cn/detail/4966561599982678,0,6,18
30,4966561556990981,鱼非我语,2023-11-10 16:13:32,#佳木斯体育馆坍塌11人被采取强制措施#  除了本次事件，如何避免类似事故的发生，一定要举一反三，做好安全预防！ ,https://m.weibo.cn/detail/4966561556990981,0,0,1
30,4966561380829180,南葵思逸,2023-11-10 16:12:50,#佳木斯体育馆坍塌11人被采取强制措施# 我的天呢 一定要好好差相关人员 一定要严惩！ ,https://m.weibo.cn/detail/4966561380829180,0,0,0
30,4966561343604568,太平宣传,2023-11-10 16:12:41,#贯彻二十大辽宁在行动##振兴新突破辽宁杠杠滴# 许辉召开全区文体场所安全隐患排查整治工作会议 11月8日，副区长许辉在区教育局四楼会议室主持召开全区各类文化旅游场所、体育健身场所、校园各领域安全隐患排查工作会议。  会议指出，为深刻吸取黑龙江佳木斯桦南悦城健身体育馆部门坍塌事件的经验教训 ...全文,https://m.weibo.cn/detail/4966561343604568,0,0,0
31,4966561171113361,餐厅老板,2023-11-10 16:12:00,#佳木斯体育馆坍塌11人被采取强制措施#请问齐齐哈尔的涉事人员是不是还逍遥在外，已经过去一百多天，为何迟迟没有说法 ,https://m.weibo.cn/detail/4966561171113361,0,0,3
31,4966561137560489,清泉Talk,2023-11-10 16:11:52,#佳木斯体育馆坍塌11人被采取强制措施#黑龙江桦南县“11·6”悦城体育俱乐部屋顶坍塌事故最新进展：11名重点人员被采取强制措施 ,https://m.weibo.cn/detail/4966561137560489,0,0,0
31,4966561111870305,淇淇的谕姑娘呀,2023-11-10 16:11:46,#佳木斯体育馆坍塌11人被采取强制措施##作为一个东北人表示每年都下雪，雪轻飘飘的，和雪有什么关系好好解决问题。 ,https://m.weibo.cn/detail/4966561111870305,0,2,6
31,4966561094042407,腐山上的老阿姨,2023-11-10 16:11:42,#佳木斯体育馆坍塌11人被采取强制措施#施工质量问题，人命关天啊，总有人为了利益不择手段罔顾他人生命安全！ ,https://m.weibo.cn/detail/4966561094042407,0,0,3
31,4966561032962375,简简霜序,2023-11-10 16:11:26,#佳木斯体育馆坍塌11人被采取强制措施# 必须彻查 严查相关人员 ,https://m.weibo.cn/detail/4966561032962375,0,0,3
31,4966561023787382,佛系开心的旎娜,2023-11-10 16:11:25,#佳木斯体育馆坍塌11人被采取强制措施#希望好好彻查珍惜生命🙏 ,https://m.weibo.cn/detail/4966561023787382,0,0,1
31,4966560927320466,正店长,2023-11-10 16:11:02,#佳木斯体育馆坍塌11人被采取强制措施#先采取强制措施，下一步看看怎么处理？ ,https://m.weibo.cn/detail/4966560927320466,0,0,0
31,4966560900843135,艺米米i_多边形战士-社畜版,2023-11-10 16:10:56,#佳木斯体育馆坍塌11人被采取强制措施#良心经商良心做人不行吗 人血馒头吃的良心安吗 晚上睡得着吗 ,https://m.weibo.cn/detail/4966560900843135,0,0,3
31,4966560842122797,红薯的不足-,2023-11-10 16:10:42,#佳木斯体育馆坍塌11人被采取强制措施#严格排查！！！！给死者一个交代！ ,https://m.weibo.cn/detail/4966560842122797,0,0,0
31,4966555472103099,有趣的灵魂无人临幸,2023-11-10 15:49:21,#佳木斯体育馆坍塌11人被采取强制措施#这么严重的事故必须要好好查，还那些伤者一个公平！！！ ,https://m.weibo.cn/detail/4966555472103099,0,25,85
32,4966560588630897,眯眼看Q,2023-11-10 16:09:41,#佳木斯体育馆坍塌11人被采取强制措施#重大责任事故、提供虚假证明文件、以及背后的贪腐贿赂类犯罪，个人感觉抓11个还不算完。 ,https://m.weibo.cn/detail/4966560588630897,0,0,0
32,4966560445762732,深圳股侠2023,2023-11-10 16:09:07,#佳木斯体育馆坍塌11人被采取强制措施#，人命关天，不是小事，必须严惩追责，杜绝此类事故再次发生。 ,https://m.weibo.cn/detail/4966560445762732,0,0,8
32,4966560445760647,黄杰·,2023-11-10 16:09:07,#佳木斯体育馆坍塌11人被采取强制措施#会不会重重的拿起 轻轻的放下 ,https://m.weibo.cn/detail/4966560445760647,0,0,1
32,4966560365545516,若有微风拂面,2023-11-10 16:08:48,#佳木斯体育馆坍塌11人被采取强制措施#可别风头一过就放出来了 ,https://m.weibo.cn/detail/4966560365545516,0,0,1
32,4966560319670738,春栈遇彩虹_Ning,2023-11-10 16:08:37,#佳木斯体育馆坍塌11人被采取强制措施# 必须彻查 严惩不贷 ,https://m.weibo.cn/detail/4966560319670738,0,0,0
32,4966560208785426,美味猎人,2023-11-10 16:08:11,#佳木斯体育馆坍塌11人被采取强制措施# 要不是视频火了…… ,https://m.weibo.cn/detail/4966560208785426,0,0,1
32,4966560206162262,奇奇和怪怪的,2023-11-10 16:08:10,#佳木斯体育馆坍塌11人被采取强制措施# 怎么感觉前不久刚看过东北哪嘎体育馆的事故  是俺穿越了？还是梅开二度？ ,https://m.weibo.cn/detail/4966560206162262,0,10,3
32,4966560130663688,红薯加花生,2023-11-10 16:07:52,#佳木斯体育馆坍塌11人被采取强制措施# 各个学校的建筑物是不是都应该彻查一边。 ,https://m.weibo.cn/detail/4966560130663688,0,0,0
32,4966560130402984,陶朗歌,2023-11-10 16:07:52,#佳木斯体育馆坍塌11人被采取强制措施#哎。 ,https://m.weibo.cn/detail/4966560130402984,0,0,7
32,4966560113624951,军机不可泄露,2023-11-10 16:07:48,#佳木斯体育馆坍塌11人被采取强制措施#不知道是设计问题，还是施工问题，亦或是日常维护问题，等个调查结果吧… ,https://m.weibo.cn/detail/4966560113624951,2,2,15
33,4966560113624951,军机不可泄露,2023-11-10 16:07:48,#佳木斯体育馆坍塌11人被采取强制措施#不知道是设计问题，还是施工问题，亦或是日常维护问题，等个调查结果吧… ,https://m.weibo.cn/detail/4966560113624951,2,2,15
33,4966560011912298,珞石财经,2023-11-10 16:07:24,#佳木斯体育馆坍塌11人被采取强制措施#说什么干雪湿雪，在东北的建筑，肯定要考虑到暴雪的因素，为什么其他二三十年的老建筑能在学中屹立不倒，反而一个新建的会坍塌，除了质量有问题别无解释。 ,https://m.weibo.cn/detail/4966560011912298,0,0,0
33,4966559992513702,漂亮老师俏媳妇,2023-11-10 16:07:19,#佳木斯体育馆坍塌11人被采取强制措施#严查到底 ,https://m.weibo.cn/detail/4966559992513702,0,0,0
33,4966559904696887,山外一只猪,2023-11-10 16:06:58,#佳木斯体育馆坍塌11人被采取强制措施#  我们永远不知道明天和意外哪个会先到，所以我们能做的也仅有珍惜当下 ,https://m.weibo.cn/detail/4966559904696887,0,0,2
33,4966559598249538,天空菌,2023-11-10 16:05:45,#佳木斯体育馆坍塌11人被采取强制措施#  严惩！！！ ,https://m.weibo.cn/detail/4966559598249538,6,2,18
33,4966559593531898,立舟尾_,2023-11-10 16:05:44,#佳木斯体育馆坍塌11人被采取强制措施# 肯定有贪污问题啊一定要严查 ,https://m.weibo.cn/detail/4966559593531898,0,0,5
33,4966559514628524,我是真的讨厌吃芹菜,2023-11-10 16:05:25,#佳木斯体育馆坍塌11人被采取强制措施#其中一个遇难小男孩的妈妈想讨公道 结果体育馆拿小男孩爸爸舅舅的公职工作来威胁 ,https://m.weibo.cn/detail/4966559514628524,0,1,0
33,4966559488935074,-半口奶酪zz-,2023-11-10 16:05:19,#佳木斯体育馆坍塌11人被采取强制措施#一定要严查 ,https://m.weibo.cn/detail/4966559488935074,0,0,0
33,4966559459313739,山中影娱客,2023-11-10 16:05:12,#佳木斯体育馆坍塌11人被采取强制措施#必须重惩，不然不以儆效尤！ ,https://m.weibo.cn/detail/4966559459313739,0,0,0
33,4966559375950561,你的小七CYH,2023-11-10 16:04:52,#佳木斯体育馆坍塌11人被采取强制措施# 一定要严查，还老百姓一个公道 ,https://m.weibo.cn/detail/4966559375950561,0,9,12
34,4966559086021502,碳烤921只小肥蟹,2023-11-10 16:03:43,#佳木斯体育馆坍塌11人被采取强制措施#即使微不足道的小事，都能满足我小小的情绪，收到可爱的表情包，看了一场振奋人心，被善意的路人礼貌对待 ,https://m.weibo.cn/detail/4966559086021502,0,0,0
34,4966559045386466,Michelle-靓靓,2023-11-10 16:03:32,#佳木斯体育馆坍塌11人被采取强制措施#不要替死鬼，一定要抓准咯 ,https://m.weibo.cn/detail/4966559045386466,0,0,0
34,4966558967272199,神采奕奕的R,2023-11-10 16:03:15,#佳木斯体育馆坍塌11人被采取强制措施#唉 这种事情能不能杜绝啊？好好查一下！ ,https://m.weibo.cn/detail/4966558967272199,0,0,0
34,4966558933713611,姜小墨SJ,2023-11-10 16:03:07,#佳木斯体育馆坍塌11人被采取强制措施# 太难过了 ,https://m.weibo.cn/detail/4966558933713611,0,0,0
34,4966556410052699,有空多读书没空多睡觉_,2023-11-10 15:53:04,#佳木斯体育馆坍塌11人被采取强制措施#建议国家严查豆腐渣工程初中的孩子才十三四岁，正是花一样的年纪 ,https://m.weibo.cn/detail/4966556410052699,0,0,17
34,4966558910645880,缥缈乱,2023-11-10 16:03:01,#佳木斯体育馆坍塌11人被采取强制措施# 愿逝者安息！！ 愿责任落实！！ 愿真相雪亮🙏🙏 ,https://m.weibo.cn/detail/4966558910645880,0,0,14
34,4966558835933190,大瓜小瓜我都爱,2023-11-10 16:02:42,#佳木斯体育馆坍塌11人被采取强制措施#第二次了😩 ,https://m.weibo.cn/detail/4966558835933190,0,0,0
34,4966558813914295,椰耶_xy,2023-11-10 16:02:38,#佳木斯体育馆坍塌11人被采取强制措施#真的要严查。 ,https://m.weibo.cn/detail/4966558813914295,0,0,0
34,4966558760175971,Eve0717,2023-11-10 16:02:25,#佳木斯体育馆坍塌11人被采取强制措施# 一定要查清楚！！！！ ,https://m.weibo.cn/detail/4966558760175971,0,0,0
34,4966558741823574,海的蓝BH,2023-11-10 16:02:20,#佳木斯体育馆坍塌11人被采取强制措施#期待处理结果，坐等蓝底白字的通报! ,https://m.weibo.cn/detail/4966558741823574,1,1,0
35,4966558690447456,扶水水水水水,2023-11-10 16:02:09,#佳木斯体育馆坍塌11人被采取强制措施#痛惜🙏，这是第二次了吧，建议严查。 ,https://m.weibo.cn/detail/4966558690447456,0,0,0
35,4966558620713376,任家小果子,2023-11-10 16:01:52,#佳木斯体育馆坍塌11人被采取强制措施#建议严格执行！我觉得可能不只有11个。希望这样的事情不用在发生 ,https://m.weibo.cn/detail/4966558620713376,0,0,0
35,4966558529225683,·Hzyyaaa·,2023-11-10 16:01:30,#佳木斯体育馆坍塌11人被采取强制措施#希望能尽快查清楚！ ,https://m.weibo.cn/detail/4966558529225683,0,0,0
35,4966558448746539,85爆炒丹丹,2023-11-10 16:01:10,#佳木斯体育馆坍塌11人被采取强制措施# 生命大于天，请狠狠地查！一定要查出负责人 ,https://m.weibo.cn/detail/4966558448746539,0,1,9
35,4966558371676216,锦鲤锦鲤吐泡泡,2023-11-10 16:00:52,#佳木斯体育馆坍塌11人被采取强制措施#服了，试生命为草芥 ,https://m.weibo.cn/detail/4966558371676216,0,0,0
35,4966558310598510,金陵布衣JLBY,2023-11-10 16:00:38,#佳木斯体育馆坍塌11人被采取强制措施#   只抓11人感觉太少了，涉及犯罪的远不止11人。 ,https://m.weibo.cn/detail/4966558310598510,0,3,1
35,4966558262627203,L狼牙刺,2023-11-10 16:00:27,#佳木斯体育馆坍塌11人被采取强制措施#不仅要查施工队，更应该严查当地政府主要负责人及相关部门负责人， 不能以简单的处分记过了事！ ,https://m.weibo.cn/detail/4966558262627203,0,9,6
35,4966558246109659,与源说晚安,2023-11-10 16:00:23,#佳木斯体育馆坍塌11人被采取强制措施#希望早点查清楚，严惩不贷 ,https://m.weibo.cn/detail/4966558246109659,0,0,1
35,4966558224877269,此号若逝永退博,2023-11-10 16:00:18,"#佳木斯一体育馆发生坍塌##苏州百亿毒地几乎成空城#Sometimes, you wanna they can give you an explanation, that they will really give you a sellotape，just  to seal your mouth.#中式英语# ",https://m.weibo.cn/detail/4966558224877269,0,0,0
35,4966558199711510,小Mi桑V52000,2023-11-10 16:00:12,#佳木斯体育馆坍塌11人被采取强制措施# 胆子真的好大 ,https://m.weibo.cn/detail/4966558199711510,0,0,0
36,4966558155410119,南充文旅,2023-11-10 16:00:01,#文旅南充# 【一起去听草坪音乐会吧～这厢有“礼”啦！】在西充过冬，即使外面天寒地冻，生活也永远热气腾腾，比如去听一场仪式感满满的音乐会~11月11日15：00，《西充的歌》草坪音乐会将在莲池镇天兴桥村（老疯杨•治愈小村流星营地）精彩上演！不仅不要门票！！而且转发集赞还有好礼相送！！音乐现场 ...全文,https://m.weibo.cn/detail/4966558155410119,0,20,14
36,4966558140992052,武汉潘唯杰,2023-11-10 15:59:58,#佳木斯体育馆坍塌11人被采取强制措施#  我还以为这是之前塌的那个体育馆，怎么这么久了又发出来，没想到居然是第二个！！！ 哎！想过孩子的升学宴，想过孩子的结婚典礼。没想到却给孩子办葬礼。莫名的心痛 武汉潘唯杰的微博视频 ,https://m.weibo.cn/detail/4966558140992052,0,1,6
36,4966558091709064,请用茶,2023-11-10 15:59:46,为了无辜而去的三个孩子， 该收拾就收拾！也为更多孩子。 #佳木斯体育馆坍塌11人被采取强制措施# ,https://m.weibo.cn/detail/4966558091709064,0,0,1
36,4966558021453247,邢说,2023-11-10 15:59:29,黑龙江佳木斯体育馆坍塌事故最新进展现场清查调查取证正在进行。谁也没想到体育馆成了这么危险的地方。是否要进行一下专项检查呢？ 邢说的微博视频 ,https://m.weibo.cn/detail/4966558021453247,0,2,2
36,4966557937304869,贾敬华,2023-11-10 15:59:09,#佳木斯体育馆坍塌11人被采取强制措施#   这是他们应该受到的惩罚，因为体育馆坍塌导致多人死亡，拘留责任人也是合理的。  希望早点调查出来事故原因，严惩那些不负责任的人。 ,https://m.weibo.cn/detail/4966557937304869,4,36,41
36,4966557924199435,断点_l,2023-11-10 15:59:06,#佳木斯体育馆坍塌11人被采取强制措施# 齐齐哈尔体育馆坍塌事件怎么处理了？？？？被压下来了吗？？？？没有消息了呢？？？ ,https://m.weibo.cn/detail/4966557924199435,0,0,0
36,4966557748037789,困了会睡·,2023-11-10 15:58:24,#佳木斯体育馆坍塌11人被采取强制措施#能不能给大众一个交代？用工作来威胁受害者家属，有没有王法了还 ,https://m.weibo.cn/detail/4966557748037789,0,0,3
36,4966557744630322,果果落落-17,2023-11-10 15:58:23,永远记得那个爸爸落寞地说“我闺女没了” #佳木斯体育馆坍塌11人被采取强制措施#  无论是暴雪，还是特大暴雪， 都不是体育馆坍塌的理由， 东北下雪再正常不过了， 建筑时都应该在考量范围内的， 说到底就是工程质量问题。 ,https://m.weibo.cn/detail/4966557744630322,0,0,1
36,4966557646066494,李小安0626,2023-11-10 15:58:00,#佳木斯体育馆坍塌11人被采取强制措施#必须严肃认真处理这件案子，公开公正给遇难者家庭一个满意的交代。 ,https://m.weibo.cn/detail/4966557646066494,0,1,2
36,4966557335946119,失心的野驯鹿a,2023-11-10 15:56:46,#佳木斯体育馆坍塌11人被采取强制措施#看了视频，那个妈妈好绝望孩子没了还受到上面的威胁 ,https://m.weibo.cn/detail/4966557335946119,0,0,0
37,4966557335946119,失心的野驯鹿a,2023-11-10 15:56:46,#佳木斯体育馆坍塌11人被采取强制措施#看了视频，那个妈妈好绝望孩子没了还受到上面的威胁 ,https://m.weibo.cn/detail/4966557335946119,0,0,0
37,4966557317334352,任嘉伦嘉的二萌,2023-11-10 15:56:41,#佳木斯体育馆坍塌11人被采取强制措施# 必须严查，给家属一个交代，给社会一个交代 坍塌这种事 不是一次了 ,https://m.weibo.cn/detail/4966557317334352,0,0,1
37,4966557294788727,是拽拽的凤姐呀,2023-11-10 15:56:35,回避为什么不爱见面？  跟回避只要能见着面，一切都好说。网恋那一套，他们完全不会入心。你就这样理解，你们在网上聊天聊的再火热，你跟他的游戏一样，不过是打发时间的工具。  不爱见面，除去本身对你无感，只是个聊天搭子，压根都没想到奔现外，还有两方面原因。  一。对你的考验。 对别人的第一次 ...全文,https://m.weibo.cn/detail/4966557294788727,1,2,1
37,4966557211427236,暖毅淇心-王权版,2023-11-10 15:56:16,#佳木斯体育馆坍塌11人被采取强制措施#好好查清楚！一定要严惩不贷 ,https://m.weibo.cn/detail/4966557211427236,0,0,1
37,4966557205661492,·捧花见凯·,2023-11-10 15:56:15,#佳木斯体育馆坍塌11人被采取强制措施#这肯定得查清楚啊，要严惩不贷 ,https://m.weibo.cn/detail/4966557205661492,0,0,0
37,4966557144842570,天吐一啖,2023-11-10 15:56:00,#佳木斯体育馆坍塌11人被采取强制措施# 这么大的事能压住吗？央视都报道了，这仅仅是个开始。 ,https://m.weibo.cn/detail/4966557144842570,0,0,0
37,4966557088483773,谢海山,2023-11-10 15:55:47,#佳木斯体育馆坍塌11人被采取强制措施#一定要有个结果，惩治一帮人。#星光公益学人# ,https://m.weibo.cn/detail/4966557088483773,0,0,1
37,4966557053093703,欣欣光影,2023-11-10 15:55:38,#佳木斯体育馆坍塌11人被采取强制措施#太可怕了，希望还逝者一个公道，好好安抚逝者家属，杜绝此类事情再次发生 ,https://m.weibo.cn/detail/4966557053093703,0,0,1
37,4966556889776824,路路幸福ing,2023-11-10 15:54:59,#佳木斯体育馆坍塌11人被采取强制措施#这11个人到底是什么人，在项目中负责什么内容呢，是不是只有这11个人对事件负有责任呢？！不会又找临时工吧 ,https://m.weibo.cn/detail/4966556889776824,0,0,0
37,4966556670103490,热心市民陈先生0,2023-11-10 15:54:07,#佳木斯体育馆坍塌11人被采取强制措施#一查到底！！ ,https://m.weibo.cn/detail/4966556670103490,0,0,0
38,4966556670103490,热心市民陈先生0,2023-11-10 15:54:07,#佳木斯体育馆坍塌11人被采取强制措施#一查到底！！ ,https://m.weibo.cn/detail/4966556670103490,0,0,0
38,4966556641004042,是备忘鹿,2023-11-10 15:54:00,#佳木斯体育馆坍塌11人被采取强制措施# 人生读档时… ,https://m.weibo.cn/detail/4966556641004042,0,0,0
38,4966556585164860,体坛扒哥,2023-11-10 15:53:46,#佳木斯体育馆坍塌11人被采取强制措施#  警方介入调查，态度明确，是不是从严从重处理什么的不知道，但至少让大家看到动作了。还是那句话，体育馆是公共设施，是大众用来从事体育运动、健身锻炼的场所，是大家聚在一起观看体育比赛的集会场所。如果连安全都不能保证，那还让大家怎么放心去做运动？还会 ...全文,https://m.weibo.cn/detail/4966556585164860,0,0,0
38,4966556564982718,圣衣雪琳,2023-11-10 15:53:42,#佳木斯体育馆坍塌11人被采取强制措施#人命关天，玩忽不得！从速查办，从严惩治，立整立改！希望类似的情况不要再发生了！ ,https://m.weibo.cn/detail/4966556564982718,0,0,2
38,4966556545319269,张俊扬导演,2023-11-10 15:53:37,#佳木斯体育馆坍塌11人被采取强制措施# 所以是哪11位？没有名单的吗？ 希望做到公开透明 把身份调查清楚 这里面是否有相关的利益输送，违规操作？ ,https://m.weibo.cn/detail/4966556545319269,0,0,14
38,4966556511242356,拼命上岸的鱼,2023-11-10 15:53:29,#佳木斯体育馆坍塌11人被采取强制措施# 一定要赶紧把事故原因找出来，给孩子和家属一个说法 ,https://m.weibo.cn/detail/4966556511242356,0,0,0
38,4966556493941219,珂珂盼盼love,2023-11-10 15:53:25,#佳木斯体育馆坍塌11人被采取强制措施#上一次就已经很心痛了，又出现了一次，真的好好查一下工程是不是偷工减料或者以次充好，半年两次这是什么概率，我不敢想象那些孩子的家长怎么能接受，这难道还不是一次警钟吗？#佳木斯一体育馆发生坍塌# ,https://m.weibo.cn/detail/4966556493941219,0,0,0
38,4966556313324091,老曹,2023-11-10 15:52:42,#佳木斯体育馆坍塌11人被采取强制措施# 那个建设局的退休干部在这11人当中吗？威胁家长的工作人员怎么处理的？彻查一下这些豆腐渣工程吧，别再让白发人送黑发人了！ ,https://m.weibo.cn/detail/4966556313324091,0,0,0
38,4966556064809403,寻鳴雪-0,2023-11-10 15:51:42,#佳木斯体育馆坍塌11人被采取强制措施#人命关天必须制裁 ,https://m.weibo.cn/detail/4966556064809403,0,0,0
38,4966556012643269,泡菜脆脆鲨,2023-11-10 15:51:30,#佳木斯体育馆坍塌11人被采取强制措施#一定要严惩不贷 ,https://m.weibo.cn/detail/4966556012643269,0,0,1
39,4966555919846781,星星可以自己摘,2023-11-10 15:51:08,#佳木斯体育馆坍塌11人被采取强制措施#必须严肃处理！！！！！！彻查到底！！！！！！！！！！！ ,https://m.weibo.cn/detail/4966555919846781,0,0,0
39,4966555825998199,我愚纯纯,2023-11-10 15:50:46,#佳木斯体育馆坍塌11人被采取强制措施#静待调查结果！一定要严肃处理 ,https://m.weibo.cn/detail/4966555825998199,0,0,0
39,4966547909247622,初见铭沫,2023-11-10 15:19:18,#佳木斯体育馆坍塌11人被采取强制措施#跟俱乐部负责人有啥关系，抓承包商啊！就看结果如何，希望给孩子一个交代，给孩子家人一个交代。 ,https://m.weibo.cn/detail/4966547909247622,1,3,19
39,4966555680506628,我k对人类过敏,2023-11-10 15:50:11,#佳木斯体育馆坍塌11人被采取强制措施#黑龙江，两起了吧？问责了要 ,https://m.weibo.cn/detail/4966555680506628,0,0,5
39,4966555557560679,惑诱起不经,2023-11-10 15:49:42,#佳木斯体育馆坍塌11人被采取强制措施#哎………可惜了三个孩子。希望多关注建筑方面质量问题…… ,https://m.weibo.cn/detail/4966555557560679,0,0,0
39,4966555476296969,小黑不吃辣,2023-11-10 15:49:22,#佳木斯体育馆坍塌11人被采取强制措施#能不能别在孩子身上昧良心 ,https://m.weibo.cn/detail/4966555476296969,0,0,0
39,4966555366460818,甜琛蜜雨干干,2023-11-10 15:48:56,#佳木斯体育馆坍塌11人被采取强制措施# 必须狠狠制裁！事关人命不可疏忽！ ,https://m.weibo.cn/detail/4966555366460818,0,0,0
39,4966555182434686,Echo蟹子,2023-11-10 15:48:12,#佳木斯体育馆坍塌11人被采取强制措施#唉建筑不能弄虚作假啊，一出事就是大事啊… ,https://m.weibo.cn/detail/4966555182434686,0,0,1
39,4966555165134421,是个聪明的墨菲特_,2023-11-10 15:48:08,#佳木斯体育馆坍塌11人被采取强制措施#所有校内体育馆先检查一遍吧，同样的事情不要再三发生了！！！！！ ,https://m.weibo.cn/detail/4966555165134421,0,0,0
40,4966554992643547,我可不想听,2023-11-10 15:47:27,#佳木斯体育馆坍塌11人被采取强制措施#好像都是体育馆，已经两起事件了，查明原因，责任到人，然后其他类似的建筑赶紧排查一遍，尤其是学校，不然谁能安安心心把孩子送去学校啊 ,https://m.weibo.cn/detail/4966554992643547,0,16,100
40,4966554954632169,互联网阿吉,2023-11-10 15:47:18,黑龙江佳木斯体育馆坍塌，11人被采取强制措施。 ,https://m.weibo.cn/detail/4966554954632169,0,0,0
40,4966554817268840,八戒减肥爱火腿,2023-11-10 15:46:45,#佳木斯体育馆坍塌11人被采取强制措施#不知道这11人里面有没有质检？验收？相关部门，不要总是稀了糊涂就过去啦，要的是说法更是真相。还有就是距离上次坍塌事件才过去多久，不是说进行全面的系统的检查吗？就又出事了。我看要抓的不光是相关负责人还有就是相关腐败部门。 ,https://m.weibo.cn/detail/4966554817268840,0,0,1
40,4966554741244431,大牙lili,2023-11-10 15:46:27,#佳木斯体育馆坍塌11人被采取强制措施#昨天看到一条是一位母亲要和父亲离婚来处理这件事，我们只希望能快点公开透明的处理好这件事情，为什么在校园里发生这样的事情，谁的命不是命呀 ,https://m.weibo.cn/detail/4966554741244431,0,0,2
40,4966554710313993,和你漫游东京,2023-11-10 15:46:20,#佳木斯体育馆坍塌11人被采取强制措施#希望好好处理，给人家一个交代 ,https://m.weibo.cn/detail/4966554710313993,0,1,1
40,4966554647137753,东平事儿,2023-11-10 15:46:05,#佳木斯体育馆坍塌11人被采取强制措施#在失子的痛苦时某些人还能通过向家属施压的手段解决问题。这种行为不止一个家长去谴责，所有有人情味的都会去谴责。应该严查严惩事故责任单位及向家属施压的人。孩子没了居然还对家属的工作施压，真是无耻至极！希望有关部门尽快解决此次事故责任，给孩子家属一个 ...全文,https://m.weibo.cn/detail/4966554647137753,0,0,2
40,4966554596807631,唐山健身潮哥,2023-11-10 15:45:53,#佳木斯体育馆坍塌11人被采取强制措施# 这其中好多是独生子女家庭，孩子没了等于天塌了，对那些草菅人命的人一定要严肃处理！ ,https://m.weibo.cn/detail/4966554596807631,0,0,0
40,4966554547785288,九月是dog2146,2023-11-10 15:45:41,#佳木斯体育馆坍塌11人被采取强制措施#这是几几年建成的？因为什么原因塌的？一定要从严判决！杀一儆百！现在有点担心其他的建筑了，事后的追究不如事前的防范呐！ ,https://m.weibo.cn/detail/4966554547785288,0,0,3
40,4966554539919605,医法汇,2023-11-10 15:45:39,#佳木斯体育馆坍塌11人被采取强制措施#墙与房顶接触部位的剪切力太大了，材料承受不起，且大跨度房顶中间受重力下沉影响对四周墙体产生向外的推力 ，导致了房顶的坍塌。 ,https://m.weibo.cn/detail/4966554539919605,0,0,1
40,4966554479627180,妥爸-关心孩子的事,2023-11-10 15:45:25,#佳木斯体育馆坍塌11人被采取强制措施# 有米有可能，这次大检查也基本上是走个过场，然后整个冬季不让孩子们用体育馆，那么不会用就没有人员伤亡，哪怕垮了几个也没那么大的声浪？ ,https://m.weibo.cn/detail/4966554479627180,0,1,3
41,4966554380273272,铅笔与桥,2023-11-10 15:45:01,#佳木斯体育馆坍塌11人被采取强制措施#为什么类似事件时有发生？是人性的扭曲？还是道德的沦丧？根坏了，再怎么修枝剪叶也解决不了根本问题！ ,https://m.weibo.cn/detail/4966554380273272,0,0,0
41,4966554324175998,青柠薄荷糖_吖,2023-11-10 15:44:48,#佳木斯体育馆坍塌11人被采取强制措施#看不懂，看起来处理问题很到位，就应该这样 ,https://m.weibo.cn/detail/4966554324175998,0,0,2
41,4966554292719034,小鱼在飞舞,2023-11-10 15:44:40,#佳木斯体育馆坍塌11人被采取强制措施#不能是把被害人的妈妈，爸爸，舅舅给强制执行了吧？ ,https://m.weibo.cn/detail/4966554292719034,0,0,1
41,4966554233209338,一舟i,2023-11-10 15:44:26,#佳木斯体育馆坍塌11人被采取强制措施#虽然严惩是必须的！但逝去的再也无法挽回…… ,https://m.weibo.cn/detail/4966554233209338,0,0,0
41,4966554155090443,HotGirlsClub,2023-11-10 15:44:07,狠狠查，使劲查。东北多是独生子女家庭，孩子没了天塌了，母亲的软肋也没有了，支持每一个受害者家庭合理争取！一查到底，一查到顶！ #佳木斯体育馆坍塌11人被采取强制措施# ,https://m.weibo.cn/detail/4966554155090443,1,0,4
41,4966554145391966,带凯逃离世界,2023-11-10 15:44:05,#佳木斯体育馆坍塌11人被采取强制措施#不是吧，必须得严查，怎么这几天一直在坍塌啊 ,https://m.weibo.cn/detail/4966554145391966,0,0,0
41,4966554111578101,性感橙子汁,2023-11-10 15:43:57,利益之下，可见人格，权色之下，可见品德，是非之下，可见法理，危难之下可见关系。世上有两样东西不可直视，一是太阳，二是人心。前者伤眼，后者伤心。  #苏州百亿毒地几乎成空城##佳木斯体育馆坍塌11人被采取强制措施# 性感橙子汁的微博视频 ,https://m.weibo.cn/detail/4966554111578101,0,24,7
41,4966554095587069,近卫T-34,2023-11-10 15:43:53,#佳木斯体育馆坍塌11人被采取强制措施# 等看看有没有详细的通报，想看看这11人都是什么单位，当地相关机关部门有多少人被处理。 ,https://m.weibo.cn/detail/4966554095587069,2,4,17
41,4966554049712150,山月风禾,2023-11-10 15:43:42,#佳木斯体育馆坍塌11人被采取强制措施# 已对造成此次坍塌事故的11名重点人员采取了强制措施。相关负责人表示。此次的事故无论涉及到谁。都坚决一查到底绝不姑息。 ,https://m.weibo.cn/detail/4966554049712150,0,7,36
41,4966554015892350,赛车手和经理人1640,2023-11-10 15:43:34,#佳木斯体育馆坍塌11人被采取强制措施#   从严处理，绝不姑息 ,https://m.weibo.cn/detail/4966554015892350,0,0,1
42,4966553940133028,Ada-Allen,2023-11-10 15:43:16,#佳木斯体育馆坍塌11人被采取强制措施# 静待调查，还给家属一个公道 ,https://m.weibo.cn/detail/4966553940133028,0,0,0
42,4966553923354842,用户7371869876,2023-11-10 15:43:11,#佳木斯体育馆坍塌11人被采取强制措施#ㅓㅕㅕㅏㅑㅑㅡㅡㅕㅕㅕ7 ,https://m.weibo.cn/detail/4966553923354842,0,0,0
42,4966553835539102,渔夫遇海,2023-11-10 15:42:51,#佳木斯体育馆坍塌11人被采取强制措施#关注，期待调查处理结果！ ,https://m.weibo.cn/detail/4966553835539102,1,0,1
42,4966553792810732,居茶jucha,2023-11-10 15:42:41,#佳木斯体育馆坍塌11人被采取强制措施#该他们的，可惜了这些孩子了，哎…… ,https://m.weibo.cn/detail/4966553792810732,0,0,0
42,4966553760040752,keerto,2023-11-10 15:42:33,#佳木斯体育馆坍塌11人被采取强制措施#哎  拿公职工作来压别人的 真的家里都是出生啊！ ,https://m.weibo.cn/detail/4966553760040752,0,0,0
42,4966553708663220,泉州公安,2023-11-10 15:42:21,【有限空间是什么？危险因素有哪些？】有限空间是指与外界相对隔离，人员进出受限，作业人员不能长时间在内工作，自然通风不良，易造成有毒有害、易燃易爆物质积聚或者氧含量不足，或存在淹溺、坍塌掩埋、触电、机械伤害等其他危险有害因素的空间。有限空间危险因素有哪些？一起了解↓↓ ...全文,https://m.weibo.cn/detail/4966553708663220,0,1,0
42,4966553642861960,糕冷楠铜,2023-11-10 15:42:05,#佳木斯体育馆坍塌11人被采取强制措施#能不能重视一下 ,https://m.weibo.cn/detail/4966553642861960,0,0,1
42,4966553632376742,只做疯批不恋爱,2023-11-10 15:42:03,#佳木斯体育馆坍塌11人被采取强制措施#这真的得严查吧，到底还有多少偷工减料的事情 ,https://m.weibo.cn/detail/4966553632376742,0,0,0
42,4966553545344238,猫份超标,2023-11-10 15:41:42,#佳木斯体育馆坍塌11人被采取强制措施#这建的什么啊 重视一下吧 好歹是11个人 ,https://m.weibo.cn/detail/4966553545344238,0,0,0
42,4966553538529158,王锅底挚爱粉,2023-11-10 15:41:40,#佳木斯体育馆坍塌11人被采取强制措施# 这是第几次体育馆塌了？ ,https://m.weibo.cn/detail/4966553538529158,0,2,0
43,4966553538529158,王锅底挚爱粉,2023-11-10 15:41:40,#佳木斯体育馆坍塌11人被采取强制措施# 这是第几次体育馆塌了？ ,https://m.weibo.cn/detail/4966553538529158,0,2,0
43,4966553400116531,王萂苖_Diana,2023-11-10 15:41:07,#佳木斯体育馆坍塌11人被采取强制措施# 豆腐渣工程到底还有多少！有些人为了一己私欲真的什么都不顾 ,https://m.weibo.cn/detail/4966553400116531,0,0,0
43,4966553387008733,茉莉花茶冰激凌,2023-11-10 15:41:04,#佳木斯体育馆坍塌11人被采取强制措施#体育馆按理说比普通民宅要结实啊，都是大龙骨钢筋架构，这都能塌，可想而知这得偷工减料到什么地步…又有多少人贪污 ,https://m.weibo.cn/detail/4966553387008733,0,0,2
43,4966553315445449,星梦之下的小吴,2023-11-10 15:40:47,#佳木斯体育馆坍塌11人被采取强制措施#这11人到底是谁 ？7月份暑假的时候也是没了好几个女生 ，其家属哭的撕心裂肺 。 ,https://m.weibo.cn/detail/4966553315445449,0,0,0
43,4966553247551803,高县公安,2023-11-10 15:40:31,【#大跨度建筑的屋顶为何如此脆弱#】什么是大跨度建筑，大跨度建筑有哪些特点，一图了解，戳图↓↓↓#佳木斯体育馆坍塌11人被采取强制措施# ,https://m.weibo.cn/detail/4966553247551803,0,6,7
43,4966553214781028,Hii_Monkey,2023-11-10 15:40:23,#佳木斯体育馆坍塌11人被采取强制措施#最近连续出了好多事啊 ,https://m.weibo.cn/detail/4966553214781028,0,0,0
43,4966553038883301,听雨吻昊湾,2023-11-10 15:39:41,#佳木斯体育馆坍塌11人被采取强制措施# 体育馆坍塌不是小事 别找那么多借口 肯定是建筑不达标 ,https://m.weibo.cn/detail/4966553038883301,0,0,3
43,4966552905189806,芬迪能吃糖,2023-11-10 15:39:09,#佳木斯体育馆坍塌11人被采取强制措施# 没记错的话，上半年也是东北某个体育馆塌了。 当时是学校女篮团体在训练，没了好几个姑娘，亲人撕心裂肺的表情我至今难忘。  不是地域黑哈，就半年连塌两个体育馆，其他校方应该加强重视啊 还有宁夏烧烤店💥起火很多高考生无辜去世，今年意外真的好多，而且都 ...全文,https://m.weibo.cn/detail/4966552905189806,0,0,1
43,4966552829166284,雨晗小公主丶,2023-11-10 15:38:51,#佳木斯体育馆坍塌11人被采取强制措施# 希望严查 等待后续  ,https://m.weibo.cn/detail/4966552829166284,0,0,2
43,4966552748167811,谓之阁老,2023-11-10 15:38:32,#佳木斯体育馆坍塌11人被采取强制措施# 彻查 ,https://m.weibo.cn/detail/4966552748167811,0,0,0
44,4966552708057744,电吉他里的合成器,2023-11-10 15:38:22,#佳木斯体育馆坍塌11人被采取强制措施#这是什么 ,https://m.weibo.cn/detail/4966552708057744,0,0,0
44,4966552695473209,长霓rainbow,2023-11-10 15:38:19,#佳木斯体育馆坍塌11人被采取强制措施# 我们国家是有权就…… 腐败到…… ,https://m.weibo.cn/detail/4966552695473209,0,0,0
44,4966552676861618,廖小利,2023-11-10 15:38:15,#佳木斯体育馆坍塌11人被采取强制措施#我想知道这11人具体是谁？听说承租俱乐部的负责人被控制起来了，说实话他比窦娥还冤，即使违规经营，但他跟房屋建筑质量没有半毛关系，他也是受害人，为什么不抓房东？承建商？审批人？监督局的？要从根上找原因，不能总是等出了人命才重视，否则悲剧还会发生。 ,https://m.weibo.cn/detail/4966552676861618,3,0,9
44,4966552602149414,文原里美,2023-11-10 15:37:57,#佳木斯体育馆坍塌11人被采取强制措施#我有点担心商品房住宅30年后，老破了怎么办？还能找到开发商维权？电梯故障 火灾 ,https://m.weibo.cn/detail/4966552602149414,0,0,1
44,4966552589045766,梦幻飘流_17270,2023-11-10 15:37:54,#佳木斯体育馆坍塌11人被采取强制措施#谁检测合格让使用的也得查查，还有那个施工单位建设的，其中有多少违规多少人收到好处了 ,https://m.weibo.cn/detail/4966552589045766,0,0,0
44,4966552547099303,小疯子人生若只如初见68,2023-11-10 15:37:44,#佳木斯体育馆坍塌11人被采取强制措施#拿公职人员的工作威胁受害者不准闹事的人呢？有措施吗？ ,https://m.weibo.cn/detail/4966552547099303,0,0,5
44,4966552531371878,这里没人叫喂,2023-11-10 15:37:40,#佳木斯体育馆坍塌11人被采取强制措施#希望能查清楚，给大家一个交代，真的好恐怖啊 ,https://m.weibo.cn/detail/4966552531371878,0,0,9
44,4966552494146348,訴贤时_,2023-11-10 15:37:31,#佳木斯体育馆坍塌11人被采取强制措施#希望彻查到底 ,https://m.weibo.cn/detail/4966552494146348,0,0,1
44,4966552482876385,黄山反邪教,2023-11-10 15:37:29,【建筑物坍塌时如何自救】如遇到建筑物坍塌时切勿慌乱，一定要沉着冷静注意观察周围环境，这5个技巧可以学习下，关键时刻可自救。（应急管理部）#佳木斯体育馆坍塌11人被采取强制措施# 安徽反邪教的微博视频 ,https://m.weibo.cn/detail/4966552482876385,0,0,0
44,4966552436999825,萌莯汐,2023-11-10 15:37:18,#佳木斯体育馆坍塌11人被采取强制措施#毁了多少家庭啊，若存在偷工减料的行为，就真的太可耻了 ,https://m.weibo.cn/detail/4966552436999825,0,2,1
45,4966552430447692,李羲承宇宙宙花,2023-11-10 15:37:16,#佳木斯体育馆坍塌11人被采取强制措施#希望能好好调查不要到后面一点消息都没了 ,https://m.weibo.cn/detail/4966552430447692,0,0,6
45,4966552390602049,KUN海外特级小肉包,2023-11-10 15:37:07,#佳木斯体育馆坍塌11人被采取强制措施#就问能不能狠狠的制裁！ ,https://m.weibo.cn/detail/4966552390602049,1,1,0
45,4966552302781099,失眠不敬夜,2023-11-10 15:36:46,#佳木斯体育馆坍塌11人被采取强制措施# 严查 持续关注 ,https://m.weibo.cn/detail/4966552302781099,0,0,1
45,4966552236985210,安徽反邪教,2023-11-10 15:36:30,【建筑物坍塌时如何自救】如遇到建筑物坍塌时切勿慌乱，一定要沉着冷静注意观察周围环境，这5个技巧可以学习下，关键时刻可自救。（应急管理部）#佳木斯体育馆坍塌11人被采取强制措施# 安徽反邪教的微博视频 ,https://m.weibo.cn/detail/4966552236985210,140,53,64
45,4966552204478417,斜愿窒xiananglsmlz7,2023-11-10 15:36:22,#佳木斯体育馆坍塌11人被采取强制措施#不是吧不是吧，一定要严查！ ,https://m.weibo.cn/detail/4966552204478417,0,0,0
45,4966552044568915,成都生活图鉴,2023-11-10 15:35:44,好好好， 总算是能看到一些处理进展了。  但是，肯定远远不够。  佳木斯需要回答的问题还很多。  工程质量有没有问题？ 资金管理有没有问题？ 终身责任制有没有问题？ 有没有管理机构在事故中缺位了？ 死者和家属如何处理、安抚？  佳木斯，请你回答。   #佳木斯体育馆坍塌11人被采取强制措施# ,https://m.weibo.cn/detail/4966552044568915,0,18,32
45,4966551956226323,星娱少女酱,2023-11-10 15:35:23,抓紧严肃处理吧，本来就是孩子们上学的地方，你这样三天两头塌让家长怎么放心呀❓那还都是小孩子呀…  #佳木斯体育馆坍塌11人被采取强制措施# ,https://m.weibo.cn/detail/4966551956226323,0,1,2
45,4966546664066000,鱼粉黑化版,2023-11-10 15:14:21,#佳木斯体育馆坍塌11人被采取强制措施# 必须好好严查啊，体育馆这么大如果有什么大型的活动出事了，岂不是不堪设想？ ,https://m.weibo.cn/detail/4966546664066000,0,34,497
45,4966551906419593,蛋黄酥饼Y,2023-11-10 15:35:11,之前齐齐哈尔体育馆坍塌，还是之前才做过安全检查的场所。 出事以后说要全省排查做安全大检查。 然后没多久，佳木斯体育馆又坍塌了。 就是说黑龙江这个全省安全大检查都是在搞什么啊   #佳木斯体育馆坍塌11人被采取强制措施# ,https://m.weibo.cn/detail/4966551906419593,0,0,4
46,4966551737599648,机智刘刘,2023-11-10 15:34:31,#佳木斯体育馆坍塌11人被采取强制措施#还是好好查查各歌体育馆的建筑达不达标吧 不是发生一次这种事了 ,https://m.weibo.cn/detail/4966551737599648,0,0,1
46,4966551659479318,话有理,2023-11-10 15:34:12,#佳木斯体育馆坍塌11人被采取强制措施# 还记得山东那个爆料，最后也不了了之了…… ,https://m.weibo.cn/detail/4966551659479318,0,0,0
46,4966551632743035,碗戏浔风記_,2023-11-10 15:34:06,#佳木斯体育馆坍塌11人被采取强制措施# OMG ,https://m.weibo.cn/detail/4966551632743035,0,0,0
46,4966551600760573,爱国华侨亿男,2023-11-10 15:33:58,#佳木斯体育馆坍塌11人被采取强制措施#  如果当天执行红色预警，停课停学，就不会发生这些事情了。这11人虽然有责任，但是面对天灾，他们也不能担负全部责任吧。 ,https://m.weibo.cn/detail/4966551600760573,1,1,0
46,4966551548858274,行长菌,2023-11-10 15:33:46,#佳木斯体育馆坍塌11人被采取强制措施# 继续关注。 ,https://m.weibo.cn/detail/4966551548858274,0,3,377
46,4966551533652747,一杯阿乐AL,2023-11-10 15:33:42,#佳木斯体育馆坍塌11人被采取强制措施#希望严查！彻查！ ,https://m.weibo.cn/detail/4966551533652747,0,0,0
46,4966551482794321,分数开发大扫除,2023-11-10 15:33:30,#佳木斯体育馆坍塌11人被采取强制措施#草菅人命的豆腐渣工程！！！！ ,https://m.weibo.cn/detail/4966551482794321,0,0,0
46,4966551473881848,闲云战鹤,2023-11-10 15:33:28,#佳木斯体育馆坍塌11人被采取强制措施#该建筑在设计，施工，验收等方面是如何一路畅通无阻通过竣工验收的！#闲云杂谈# 11人被采取强制措施也就好理解了。 ,https://m.weibo.cn/detail/4966551473881848,0,0,0
46,4966551414639023,沐子沐紫爱生活,2023-11-10 15:33:14,#佳木斯体育馆坍塌11人被采取强制措施#这是东北地区第几次出现同样的问题啦？应该对东北地区，以至全国的体育馆进行安全大检查，而不是一而再再而三的出事，让孩子和家长都提·心吊胆。 ,https://m.weibo.cn/detail/4966551414639023,0,1,5
46,4966551364045377,one叶one菩提,2023-11-10 15:33:02,必须对佳木斯桦南体育馆坍塌事件进行深刻反思，严罚严惩决不能姑息！逝者安息🙏 ,https://m.weibo.cn/detail/4966551364045377,0,0,0
47,4966551104520774,乾坤未定涅槃重生之我是黑马,2023-11-10 15:32:00,#佳木斯体育馆坍塌11人被采取强制措施#一定要公平公正调查！！ ,https://m.weibo.cn/detail/4966551104520774,0,3,3
47,4966551083025469,科技叶涵,2023-11-10 15:31:55,#佳木斯体育馆坍塌11人被采取强制措施#彻查到底，给受伤的人一个交代… ,https://m.weibo.cn/detail/4966551083025469,1,16,27
47,4966551054452887,青春期缺少爱,2023-11-10 15:31:48,#佳木斯体育馆坍塌11人被采取强制措施# 这楼说建就建，我也想建 ,https://m.weibo.cn/detail/4966551054452887,0,0,0
47,4966551016704244,是一只小怪兽ya,2023-11-10 15:31:39,#佳木斯体育馆坍塌11人被采取强制措施#有个妈妈看的我热泪盈眶，她说她参与了孩子的各种教育规划了孩子的一切，唯独没有规划孩子的葬礼。她老公和孩子舅舅是机关单位的一直给孩子妈妈施压，妈妈说和舅舅断绝关系和老公离了婚，她就是要给孩子一个交代她的天塌了她活不下去了 ,https://m.weibo.cn/detail/4966551016704244,0,0,5
47,4966550978955185,用户7851488789,2023-11-10 15:31:30,#佳木斯体育馆坍塌11人被采取强制措施#就应该制裁！ ,https://m.weibo.cn/detail/4966550978955185,0,0,0
47,4966550943566032,知名玩家小九,2023-11-10 15:31:22,#佳木斯体育馆坍塌11人被采取强制措施#东北好多独生子女家庭，孩子没了天塌了，公开透明处理。 ,https://m.weibo.cn/detail/4966550943566032,0,0,0
47,4966550631616512,Allen嘉的夏夏吖-,2023-11-10 15:30:07,#佳木斯体育馆坍塌11人被采取强制措施# 严查，一个也别放过[举车][举车] ,https://m.weibo.cn/detail/4966550631616512,0,4,5
47,4966550379430021,秋影枫林,2023-11-10 15:29:06,#佳木斯体育馆坍塌11人被采取强制措施# 希望能公平公正调查，给遇难者一个交代 ,https://m.weibo.cn/detail/4966550379430021,0,2,20
47,4966550379168026,逆袭vs致命,2023-11-10 15:29:06,#佳木斯体育馆坍塌11人被采取强制措施#哎呀呀，听说佳木斯体育馆坍塌了，11人被采取强制措施，这可真是让人捏了一把汗啊！记得小时候，我每次去体育馆都特别兴奋，想着自己将来也能成为运动员，为国家争光。可是现在，听到这样的事情，真是让人心情沉重。  不过，话说回来，这件事情也提醒我们，体育馆 ...全文,https://m.weibo.cn/detail/4966550379168026,0,0,1
47,4966550361605328,一口柠檬冰淇淋_,2023-11-10 15:29:03,#佳木斯体育馆坍塌11人被采取强制措施#短时间内发生两次严重坍塌事故，第一次发生后为什么没有吸取教训，为什么不全面检查 ,https://m.weibo.cn/detail/4966550361605328,0,0,0
48,4966550241805831,长春-小风,2023-11-10 15:28:34,#佳木斯体育馆坍塌11人被采取强制措施#“我规划了他的一切，唯独没规划他的葬礼”， ,https://m.weibo.cn/detail/4966550241805831,0,0,2
48,4966550204057546,lililili_5270冰淇淋,2023-11-10 15:28:25,#佳木斯体育馆坍塌11人被采取强制措施#严肃处理，严惩不贷。 ,https://m.weibo.cn/detail/4966550204057546,0,0,0
48,4966550193050043,想骂就骂001,2023-11-10 15:28:23,#佳木斯体育馆坍塌11人被采取强制措施#跟他吗有病一样 没事就踏 玩呢？ ,https://m.weibo.cn/detail/4966550193050043,0,0,2
48,4966550156871854,7Limitless,2023-11-10 15:28:14,#佳木斯体育馆坍塌11人被采取强制措施#怎么又是这种大型坍塌，好像前两天刚发生过，得好好查查看吧 ,https://m.weibo.cn/detail/4966550156871854,0,0,0
48,4966549774404315,番茄芝士丸,2023-11-10 15:26:43,#佳木斯体育馆坍塌11人被采取强制措施#太危险了 ,https://m.weibo.cn/detail/4966549774404315,0,0,0
48,4966549758674374,Oldshuangz,2023-11-10 15:26:39,#佳木斯体育馆坍塌11人被采取强制措施#看到了孩子妈妈说什么都筹备好了 却要给孩子办葬礼 ,https://m.weibo.cn/detail/4966549758674374,0,0,1
48,4966549657747499,井里锦鲤k,2023-11-10 15:26:14,#佳木斯体育馆坍塌11人被采取强制措施#太危险了 严查！！！ ,https://m.weibo.cn/detail/4966549657747499,0,0,0
48,4966549653555010,沐子沐紫爱生活,2023-11-10 15:26:14,#佳木斯体育馆坍塌11人被采取强制措施#应该对东北地区，以至全国的体育馆进行安全大检查，而不是一而再再而三的出事，让孩子和家长都提·心吊胆。建筑 安全检查部门监督不到位，不该被追· 责吗？ ,https://m.weibo.cn/detail/4966549653555010,0,1,7
48,4966549573077974,绿蔷薇的天使之泪,2023-11-10 15:25:55,#佳木斯体育馆坍塌11人被采取强制措施#看看有没有偷工减料，该赔偿的赔偿。 ,https://m.weibo.cn/detail/4966549573077974,0,0,1
48,4966549418412106,姐就爱美食,2023-11-10 15:25:18,当当优惠码 300-160  P47JRE 300-130  WTBUMS 300-100  DCF6KZ 手抓饼美食-芝士红薯饼，外皮酥酥脆脆的，内馅儿香甜爆浆还拉丝呢～ 姐就爱美食的微博视频  #林志颖披荆斩棘总成绩冠军##佳木斯体育馆坍塌11人被采取强制措施# ,https://m.weibo.cn/detail/4966549418412106,0,0,1
49,4966549409761739,青果的星星,2023-11-10 15:25:16,#佳木斯体育馆坍塌11人被采取强制措施#结构老哥得进去了 ,https://m.weibo.cn/detail/4966549409761739,0,0,0
49,4966549385384606,楊总说我们是磨人的小妖精,2023-11-10 15:25:10,#佳木斯体育馆坍塌11人被采取强制措施#安全第一  最近发生的这种坍塌事故太多了 一定要严惩不贷 ,https://m.weibo.cn/detail/4966549385384606,0,0,1
49,4966549229930658,哥们喜欢网上冲浪,2023-11-10 15:24:33,#佳木斯体育馆坍塌11人被采取强制措施#顶顶顶🆙🆙 ,https://m.weibo.cn/detail/4966549229930658,0,0,3
49,4966549135824160,春生迟,2023-11-10 15:24:11,#佳木斯体育馆坍塌11人被采取强制措施#  好好的查清楚吧 ,https://m.weibo.cn/detail/4966549135824160,0,0,7
49,4966549075791170,和你看初雪_一直是你,2023-11-10 15:23:56,#佳木斯体育馆坍塌11人被采取强制措施#太危险了 感觉排查‼️‼️ ,https://m.weibo.cn/detail/4966549075791170,0,0,0
49,4966548951271298,心档案一串,2023-11-10 15:23:27,#佳木斯体育馆坍塌11人被采取强制措施# 死了3个孩子，枪毙9个公务员不过分吧 ,https://m.weibo.cn/detail/4966548951271298,0,0,0
49,4966548869219691,钓神本纪,2023-11-10 15:23:07,#佳木斯体育馆坍塌11人被采取强制措施#应该严查 ,https://m.weibo.cn/detail/4966548869219691,1,0,1
49,4966548852966764,-予野迟暮-,2023-11-10 15:23:03,#佳木斯体育馆坍塌11人被采取强制措施#之前就有一次吧 ,https://m.weibo.cn/detail/4966548852966764,0,0,0
49,4966548835927415,天降小琦耶,2023-11-10 15:22:59,#佳木斯体育馆坍塌11人被采取强制措施#？？？怎么又有坍塌的了 我真服了 还能不能干了 不能干走好不好 ,https://m.weibo.cn/detail/4966548835927415,0,0,1
49,4966548550190770,知云游,2023-11-10 15:21:51,#佳木斯体育馆坍塌11人被采取强制措施#希望以此为戒，通过这些事儿全国各地能对公共建筑进行多部门联合大检查，大排查，要压实任务，落实责任！🙏 ,https://m.weibo.cn/detail/4966548550190770,1,0,0
50,4966548221723058,新周刊,2023-11-10 15:20:33,【#佳木斯体育馆坍塌11人被采取强制措施#】11月6日，黑龙江佳木斯桦南县悦城体育俱乐部发生部分坍塌，事故造成3人死亡。总台记者在“11•6”悦城体育俱乐部屋顶坍塌事故处置工作领导小组了解到，警方已对以吴某迁为首的涉嫌造成此次坍塌事故的11名重点人员，采取了强制措施。（央视新闻） ,https://m.weibo.cn/detail/4966548221723058,2,6,23
50,4966548192364064,海上一浪花,2023-11-10 15:20:26,#佳木斯体育馆坍塌11人被采取强制措施#11月6日，据“11•6”悦城体育俱乐部屋顶坍塌事故处置工作领导小组透露，警方已对以吴某迁为首的涉嫌造成此次坍塌事故的11名重点人员，采取了强制措施。  这个体育馆并非是什么老旧建筑，仅仅才竣工了5年而已。随着事情的不断发酵，该体育馆的开发商身份也被爆出 ...全文,https://m.weibo.cn/detail/4966548192364064,0,0,4
50,4966547896664709,拍者Partner,2023-11-10 15:19:15,【#黑龙江致3人遇难体育馆坍塌事件后续# 11名重点人员被采取强制措施】11月10日，央视新闻消息，黑龙江桦南县“11·6”悦城体育俱乐部屋顶坍塌事故中，有11名重点人员被采取强制措施。6日，黑龙江佳木斯桦南县悦城体育俱乐部发生部分坍塌，事故造成3人死亡。警方已对以吴某迁为首的涉嫌造成此次坍塌事故 ...全文,https://m.weibo.cn/detail/4966547896664709,0,0,1
50,4966547359795377,西南鹰狼,2023-11-10 15:17:07,#佳木斯体育馆坍塌11人被采取强制措施#这个时候不能让天气和环境来背锅！东北天气一到冬天就下雪，这是很正常的，防灾减灾不能怨天尤人，工程质量必须过硬！否则出了事儿都是侩子手！ ,https://m.weibo.cn/detail/4966547359795377,0,0,4
50,4966547275907897,新京报我们视频,2023-11-10 15:16:47,【#黑龙江致3人遇难体育馆坍塌事件后续# 11名重点人员被采取强制措施】11月10日，央视新闻消息，黑龙江桦南县“11·6”悦城体育俱乐部屋顶坍塌事故中，有11名重点人员被采取强制措施。6日，黑龙江佳木斯桦南县悦城体育俱乐部发生部分坍塌，事故造成3人死亡。警方已对以吴某迁为首的涉嫌造成此次坍塌事故 ...全文,https://m.weibo.cn/detail/4966547275907897,1,0,1
50,4966546093638476,旅行者白月光,2023-11-10 15:12:05,"#佳木斯体育馆坍塌11人被采取强制措施#愿事故肇事者早日被绳之以法，愿孩子的亡灵能安息，愿家属能早日从悲痛中走出来。May the perpetrators of the accident be brought to justice as soon as possible, may the souls of the children rest in peace, and may their families recover from t ...全文",https://m.weibo.cn/detail/4966546093638476,0,0,0
50,4966545098279452,麻六六,2023-11-10 15:08:08,#佳木斯体育馆坍塌11人被采取强制措施#看到了那个妈妈哭的撕心裂肺，孩子的未来都规划好了，真的心碎 ,https://m.weibo.cn/detail/4966545098279452,6,13,16
50,4966544038432478,檀多多·檀恋爱,2023-11-10 15:03:55,#佳木斯体育馆坍塌11人被采取强制措施# 天呐，4个月前已经造成11人遇难，现在又出现类似情况发生，是得好好找找原因，这种大跨度屋顶的设计是不是真的这么容易倒塌呢？如果是真的，那就要改变设计方案了，不能再重蹈覆辙，房屋塌了可以重新盖，人没了怎么重来？ ,https://m.weibo.cn/detail/4966544038432478,0,4,159
50,4966542586939807,京报网_北京日报官方网站,2023-11-10 14:58:09,【大跨度建筑的屋顶为何如此脆弱？一图读懂】黑龙江省佳木斯市一体育馆日前发生坍塌，致3名初中生遇难；而不到四个月前，齐齐哈尔34中体育馆坍塌刚刚造成11人遇难；近年来，国内外多地都曾发生大跨度建筑屋顶坍塌事故。目前，佳木斯当地正在对事故展开全面调查。（来源：北京日报客户端 记者 白歌） ...全文,https://m.weibo.cn/detail/4966542586939807,0,0,1
50,4966540183340317,中国反邪教,2023-11-10 14:48:36,【黑龙江桦南县“11·6”悦城体育俱乐部屋顶坍塌事故最新进展：11名重点人员被采取强制措施】#佳木斯体育馆坍塌11人被采取强制措施# ,https://m.weibo.cn/detail/4966540183340317,41,7,15
51,4966540183340317,中国反邪教,2023-11-10 14:48:36,【黑龙江桦南县“11·6”悦城体育俱乐部屋顶坍塌事故最新进展：11名重点人员被采取强制措施】#佳木斯体育馆坍塌11人被采取强制措施# ,https://m.weibo.cn/detail/4966540183340317,41,7,15
51,4966538476783392,河南消防,2023-11-10 14:41:49,#佳木斯体育馆坍塌11人被采取强制措施#【遇建筑物坍塌该怎么办？】 建筑物坍塌事故前兆不明显，允许人员逃生的时间极短。万一遭遇建筑物坍塌该怎么办？如何有效避难？蓝朋友的这份提示请收好，希望用不到，但一定要知道！中国消防的微博视频 ,https://m.weibo.cn/detail/4966538476783392,78,55,103
51,4966537956689339,炒洋芋不加肉,2023-11-10 14:39:45,#佳木斯体育馆坍塌11人被采取强制措施# 建议彻查 建筑公司从头到尾都有问题 不合格的体育馆居然还一直开放 毁了多少无辜的家庭 炒洋芋不加肉的微博视频 ,https://m.weibo.cn/detail/4966537956689339,4,5,166
51,4966537468840346,新京报动新闻,2023-11-10 14:37:49,#3D还原佳木斯体育馆坍塌细节#    据央视新闻，记者在“11•6”悦城体育俱乐部屋顶坍塌事故处置工作领导小组了解到，警方已对以吴某迁为首的涉嫌造成此次坍塌事故的11名重点人员，采取了强制措施。#佳木斯体育馆坍塌11人被采取强制措施# 11月6日晚，黑龙江佳木斯市桦南县一体育馆发生屋顶坍塌，事发时 ...全文,https://m.weibo.cn/detail/4966537468840346,0,0,0
51,4965430163935100,新浪新闻,2023-11-07 13:17:47,【#佳木斯一体育馆坍塌事故最新情况#】据新华社，记者从黑龙江省佳木斯市桦南县政府新闻办了解到，桦南县悦城体育俱乐部屋顶坍塌事故发生后，佳木斯市、桦南县两级纪检监察机关第一时间介入，成立调查组开展调查。#佳木斯坍塌体育馆3人遇难#  　　6日，桦南县7名初中生相约18时许到悦城体育俱乐部打篮 ...全文,https://m.weibo.cn/detail/4965430163935100,28,102,993
51,4965384690341804,上游新闻,2023-11-07 10:17:05,#坍塌体育馆疑似未在暴雪天气按要求停业#【佳木斯体育馆坍塌事故致3死1伤，暴雪天气场馆疑似未按要求停业】 11月6日晚7时许，黑龙江佳木斯市桦南县一体育馆发生部分坍塌，11月7日凌晨，事故现场完成救援。据桦南县政府新闻办通报显示，事故发生时，现场共有7人，其中3人自行脱险，1人轻伤，3人遇难。发 ...全文,https://m.weibo.cn/detail/4965384690341804,23,53,335
51,4965382396579437,封面新闻,2023-11-07 10:07:58,【佳木斯坍塌体育馆：#目击者称看到救出两人受伤严重#】11月7日0时35分，#佳木斯一体育馆坍塌已致3人遇难#。11月6日晚上9点左右，现场目击者陈先生告诉记者，晚上7点50分左右，当地悦城广场附近一个球馆塌了，这个球馆只有一层，六七米高，事发时有人被困。周围都是人，我就看到陆续救出来两个人，但现 ...全文,https://m.weibo.cn/detail/4965382396579437,38,40,185
51,4965372835137873,张三同学,2023-11-07 09:29:59,#佳木斯坍塌体育馆3人遇难#事发体育馆所在的悦城广场2018年1月开业。  2023年7月24日，桦南县县长深入学校、体育场所、水库、文化市场、建筑工地等重点领域检查指导安全生产工作，其中一处察看地点就是悦城广场全民健身体育馆。 ,https://m.weibo.cn/detail/4965372835137873,65,125,909
51,4965385751234716,大皖新闻,2023-11-07 10:21:18,【#佳木斯坍塌体育馆所属俱乐部成立仅一年#】#起底佳木斯坍塌体育馆所属俱乐部# 据报道，今日凌晨，黑龙江省桦南县悦城健身体育馆部分坍塌事故现场完成救援。事故发生时，现场共有7人，其中3人自行脱险，1人轻伤，3人遇难。发生该事故的场馆隶属于桦南县新阳光健身俱乐部，俱乐部负责人已被警方控制。 ...全文,https://m.weibo.cn/detail/4965385751234716,3,3,19
51,4965401968510899,山西青年报,2023-11-07 11:25:45,【#黑龙江百余天内连发两起体育馆坍塌事故#】2023年11月6日19时40分左右，黑龙江佳木斯市桦南县悦城体育馆发生部分坍塌，事故发生时，现场共有7人，其中3人自行脱险，1人轻伤，3人遇难。据了解，在2023年7月23日，黑龙江齐齐哈尔市也曾发生一起体育馆坍塌事故，共造成11人死亡。 ...全文,https://m.weibo.cn/detail/4965401968510899,0,0,1
52,4965401613306077,中宏网,2023-11-07 11:24:20,【#县领导3个月前到坍塌体育馆检视安全工作#】据央视新闻报道，11月6日19时40分左右，黑龙江佳木斯市桦南县悦城体育馆发生部分坍塌，3人遇难。据桦南县人民政府办公室微信公众号“大美桦南”此前消息，7月24日下午，在新华书店和悦城广场，桦南县委副书记、政府县长程显峰一行到悦城广场全民健身体育馆 ...全文,https://m.weibo.cn/detail/4965401613306077,1,2,6
52,4965401470700196,网易财经,2023-11-07 11:23:46,【#佳木斯坍塌体育馆3人遇难#】#佳木斯坍塌体育馆所属俱乐部负责人已被控制# 记者从黑龙江省佳木斯市桦南县政府新闻办了解到，7日0时35分，桦南县悦城健身体育馆部分坍塌事故现场完成救援。事故发生时，现场共有7人，其中3人自行脱险，1人轻伤，3人遇难。发生该事故的场馆隶属于桦南县新阳光健身俱乐部 ...全文,https://m.weibo.cn/detail/4965401470700196,1,0,5
52,4965400527766049,网易财经,2023-11-07 11:20:00,【#起底佳木斯坍塌体育馆开发商##佳木斯坍塌体育馆开发商已注销#】#佳木斯坍塌体育馆3人遇难# 据媒体报道，今日凌晨，桦南县悦城健身体育馆部分坍塌事故现场完成救援，事故致3人遇难。  天眼查App显示，涉事悦城广场开发商黑龙江省悦城房地产开发有限公司成立于2015年8月，注册资本2000万人民币，法定 ...全文,https://m.weibo.cn/detail/4965400527766049,1,1,1
52,4965395396038467,贵阳日报官方微博,2023-11-07 10:59:38,【黑龙江#佳木斯体育馆坍塌事故3人遇难##佳木斯坍塌体育馆负责人已被控制#】今天0时35分，黑龙江佳木斯桦南县悦城健身体育馆部分坍塌事故现场完成救援。事故发生时，现场共有7人，其中3人自行脱险，1人轻伤，3人遇难。发生该事故的场馆隶属于桦南县新阳光健身俱乐部，俱乐部负责人已被警方控制。事故原 ...全文,https://m.weibo.cn/detail/4965395396038467,0,0,1
52,4965394316263501,西部决策D财经,2023-11-07 10:55:19,【突遇建筑倒塌？这5个自救技巧要记牢】收藏！转发！#专家分析佳木斯体育馆坍塌事故# 资阳消防的微博视频 ,https://m.weibo.cn/detail/4965394316263501,0,0,1
52,4965392563048143,福建987私家车广播,2023-11-07 10:48:22,#佳木斯坍塌体育馆3人遇难#【#佳木斯坍塌体育馆所属俱乐部负责人已被控制#】 11月7日0时35分，桦南县悦城健身体育馆部分坍塌事故现场完成救援。事故发生时，现场共有7人，其中3人自行脱险，1人轻伤，3人遇难。 发生该事故的场馆隶属于桦南县新阳光健身俱乐部，俱乐部负责人已被警方控制。事故原因正在 ...全文,https://m.weibo.cn/detail/4965392563048143,0,0,2
52,4965390709163448,洪观新闻,2023-11-07 10:41:00,【佳木斯体育馆坍塌致3人遇难 负责人已被控制】11月6日，黑龙江佳木斯一体育馆发生坍塌，目前救援工作已结束。事发时，现场共有7人，其中3人自行脱险，1人轻伤，3人遇难。体育馆负责人已被警方控制。央视网的微博视频 ,https://m.weibo.cn/detail/4965390709163448,0,0,3
52,4965389799002341,N视频,2023-11-07 10:37:23,【体育馆坍塌致3死相关负责人被控制！事发地系招商引资项目】#佳木斯坍塌体育馆3人遇难#11月6日，黑龙江佳木斯桦南县一体育馆坍塌，当地当晚22时44分通报称，多部门“正在全力冒雪营救”被困者。7日凌晨，当地再通报称，事故发生时，现场共有7人，其中3人自行脱险，1人轻伤，3人遇难。南都记者查询获悉 ...全文,https://m.weibo.cn/detail/4965389799002341,0,3,10
52,4965386649078677,重庆青年报,2023-11-07 10:24:52,纠心，已致3人遇难！黑龙江佳木斯一体育馆坍塌#佳木斯坍塌体育馆3人遇难##佳木斯一体育馆发生坍塌# 重庆青年报的微博视频 ,https://m.weibo.cn/detail/4965386649078677,0,0,2
52,4965385423029479,今晚报,2023-11-07 10:20:00,【三问“佳木斯一体育馆坍塌事故”：刚使用约两三年，曾多次检查安全，是否与下雪有关？】11月6日晚19时20分，黑龙江省佳木斯市桦南县悦城健身体育馆发生部分坍塌。11月7日凌晨2时许，黑龙江省佳木斯市桦南县政府新闻办发布通告称，11月7日0时35分，桦南县悦城健身体育馆部分坍塌事故现场完成救援。事 ...全文,https://m.weibo.cn/detail/4965385423029479,1,0,8
53,4965379531605273,津云,2023-11-07 09:56:35,【三问“佳木斯一体育馆坍塌事故”：刚使用约两三年，曾多次检查安全，是否与下雪有关？】#佳木斯坍塌体育馆3人遇难# 11月6日晚19时20分，黑龙江省佳木斯市桦南县悦城健身体育馆发生部分坍塌。11月7日凌晨2时许，黑龙江省佳木斯市桦南县政府新闻办发布通告称，11月7日0时35分，桦南县悦城健身体育馆部 ...全文,https://m.weibo.cn/detail/4965379531605273,1,0,0
53,4965375767743458,琅琊新闻网,2023-11-07 09:41:38,#佳木斯坍塌体育馆二楼商家事发当日正好休息# 【黑龙江坍塌体育馆二楼商家事发当日休息 一楼为篮球、乒乓球场】#佳木斯坍塌体育馆3人遇难# 事发体育馆二楼培训机构一名负责人透露，事发当日该机构正好休息，无人在场，体育馆一楼为篮球场及乒乓球场。海报新闻记者在佳木斯人民政府官网上查询到，事发体 ...全文,https://m.weibo.cn/detail/4965375767743458,0,0,2
53,4965374275618731,浙江城市之声,2023-11-07 09:35:42,官方通报#佳木斯体育馆坍塌事故3人遇难# 负责人被警方控制 #新闻姐说# @新闻姐  新闻姐的微博视频 ,https://m.weibo.cn/detail/4965374275618731,1,2,1
53,4965372420687922,一点视频,2023-11-07 09:28:20,【#专家分析佳木斯体育馆坍塌事故#：暴雪夹杂积冰，百平米承重超4吨】新华社消息，11月7日0时35分，桦南县悦城健身体育馆部分坍塌事故现场完成救援。事故发生时，现场共有7人，其中3人自行脱险，1人轻伤，3人遇难。北京建院高级建筑师吴吉明分析，本次佳木斯体育馆坍塌事故很可能与暴雪有关，这次东北 ...全文,https://m.weibo.cn/detail/4965372420687922,0,0,0
53,4965367575218542,上帝之鹰_5zn,2023-11-07 09:09:05,#佳木斯坍塌体育馆3人遇难# 逝者安息，责任人必须严惩 ,https://m.weibo.cn/detail/4965367575218542,0,11,48
53,4965366564390124,小强热线-浙江教科,2023-11-07 09:05:04,【佳木斯桦南县一体育馆发生坍塌 #桦南县过去24小时降雪量超44毫米#】11月6日，黑龙江佳木斯，桦南县一体育馆发生坍塌，初步确认3人被困。据新黄河，当地宣传部一名工作人员表示，房顶坍塌与降雪有关。据科普博主@中国气象爱好者 ：事发的桦南县今天遭遇遭遇特大暴雪，截至21时24小时降雪量达44毫米打 ...全文,https://m.weibo.cn/detail/4965366564390124,0,0,0
53,4965365171881539,中甲联赛报道,2023-11-07 08:59:32,#佳木斯坍塌体育馆3人遇难##佳木斯坍塌体育馆所属俱乐部负责人已被控制##当地宣传部称体育馆坍塌与降雪有关# 这冰天雪地的，看着就令人揪心。。佳木斯年年都下雪。 昨天雪量并没有超出以往的记录。 齐齐哈尔体育馆坍塌刚过去这么短时间， 那时候到处排查， 排查都排查什么了？明明是人祸！ ,https://m.weibo.cn/detail/4965365171881539,1,8,2
