微博id(评论来自于这),微博标题,正文url,评论人id,评论人昵称,评论时间,IP地址,评论内容,评论人粉丝数,评论点赞数
4801599955010015,【#起底蔡氏骗局#：#中国的卖国贼美国的看门狗#】战略与国际研究中心（CSIS）是支持“台独”分裂势力的美国智库之一，台湾当局为其研究活动提供了大量的资金。除通过影响美国智库来寻求美国的帮助与支持外，台当局更与美国的政客保持直接联系，谋求推进“台独”主张。据《台湾游说团体报告》，为安排佩 ...全文,https://m.weibo.cn/detail/4801599955010015,4801600965316038,你管不着呀,2022-08-12 11:15:00,浙江,将来的某一天，我早上出门散步，我手里牵着佩洛西，佩洛西牵着蔡英文，高高兴兴的往厕所走去,819,755
4801599955010015,【#起底蔡氏骗局#：#中国的卖国贼美国的看门狗#】战略与国际研究中心（CSIS）是支持“台独”分裂势力的美国智库之一，台湾当局为其研究活动提供了大量的资金。除通过影响美国智库来寻求美国的帮助与支持外，台当局更与美国的政客保持直接联系，谋求推进“台独”主张。据《台湾游说团体报告》，为安排佩 ...全文,https://m.weibo.cn/detail/4801599955010015,4801600356621441,法考问问,2022-08-12 11:15:00,天津,历史罪人,27.6万,312
4801599955010015,【#起底蔡氏骗局#：#中国的卖国贼美国的看门狗#】战略与国际研究中心（CSIS）是支持“台独”分裂势力的美国智库之一，台湾当局为其研究活动提供了大量的资金。除通过影响美国智库来寻求美国的帮助与支持外，台当局更与美国的政客保持直接联系，谋求推进“台独”主张。据《台湾游说团体报告》，为安排佩 ...全文,https://m.weibo.cn/detail/4801599955010015,4801601913749867,24小时CN,2022-08-12 11:15:00,河南,对这个人及家族我们要调查。台湾被境外渗透的太严重了。,777,291
4801599955010015,【#起底蔡氏骗局#：#中国的卖国贼美国的看门狗#】战略与国际研究中心（CSIS）是支持“台独”分裂势力的美国智库之一，台湾当局为其研究活动提供了大量的资金。除通过影响美国智库来寻求美国的帮助与支持外，台当局更与美国的政客保持直接联系，谋求推进“台独”主张。据《台湾游说团体报告》，为安排佩 ...全文,https://m.weibo.cn/detail/4801599955010015,4801602923534651,我在人间发疯的日子,2022-08-12 11:15:00,广东,台当局，拎得清吗,101.3万,141
4801599955010015,【#起底蔡氏骗局#：#中国的卖国贼美国的看门狗#】战略与国际研究中心（CSIS）是支持“台独”分裂势力的美国智库之一，台湾当局为其研究活动提供了大量的资金。除通过影响美国智库来寻求美国的帮助与支持外，台当局更与美国的政客保持直接联系，谋求推进“台独”主张。据《台湾游说团体报告》，为安排佩 ...全文,https://m.weibo.cn/detail/4801599955010015,4801635782235093,看云的窝瓜,2022-08-12 11:15:00,贵州,《台湾问题与新时代中国统一事业》白皮书说，民进党是祖国统一必须清除的障碍。开始起底蔡英文了，看看多久能正法。,249,125
4801599955010015,【#起底蔡氏骗局#：#中国的卖国贼美国的看门狗#】战略与国际研究中心（CSIS）是支持“台独”分裂势力的美国智库之一，台湾当局为其研究活动提供了大量的资金。除通过影响美国智库来寻求美国的帮助与支持外，台当局更与美国的政客保持直接联系，谋求推进“台独”主张。据《台湾游说团体报告》，为安排佩 ...全文,https://m.weibo.cn/detail/4801599955010015,4801635060816764,钱局长本人,2022-08-12 11:15:00,上海,还留着过年吗？让东风快递送它一程！,4.7万,90
4801599955010015,【#起底蔡氏骗局#：#中国的卖国贼美国的看门狗#】战略与国际研究中心（CSIS）是支持“台独”分裂势力的美国智库之一，台湾当局为其研究活动提供了大量的资金。除通过影响美国智库来寻求美国的帮助与支持外，台当局更与美国的政客保持直接联系，谋求推进“台独”主张。据《台湾游说团体报告》，为安排佩 ...全文,https://m.weibo.cn/detail/4801599955010015,4801638056068957,暗黑系黑粉,2022-08-12 11:15:00,江苏,准备斩首行动了吗？支持,4,96
4801599955010015,【#起底蔡氏骗局#：#中国的卖国贼美国的看门狗#】战略与国际研究中心（CSIS）是支持“台独”分裂势力的美国智库之一，台湾当局为其研究活动提供了大量的资金。除通过影响美国智库来寻求美国的帮助与支持外，台当局更与美国的政客保持直接联系，谋求推进“台独”主张。据《台湾游说团体报告》，为安排佩 ...全文,https://m.weibo.cn/detail/4801599955010015,4801600218726507,浅白色的蒲公英,2022-08-12 11:15:00,广东,蔡英文到底是中国人还是日本遗孤,528,54
4801599955010015,【#起底蔡氏骗局#：#中国的卖国贼美国的看门狗#】战略与国际研究中心（CSIS）是支持“台独”分裂势力的美国智库之一，台湾当局为其研究活动提供了大量的资金。除通过影响美国智库来寻求美国的帮助与支持外，台当局更与美国的政客保持直接联系，谋求推进“台独”主张。据《台湾游说团体报告》，为安排佩 ...全文,https://m.weibo.cn/detail/4801599955010015,4801641528955462,十七岁吻过的脸颊没有粉,2022-08-12 11:15:00,上海,直接写蔡英文有问题？什么叫蔡氏骗局，我姓蔡要跟着背锅？,0,96
4801599955010015,【#起底蔡氏骗局#：#中国的卖国贼美国的看门狗#】战略与国际研究中心（CSIS）是支持“台独”分裂势力的美国智库之一，台湾当局为其研究活动提供了大量的资金。除通过影响美国智库来寻求美国的帮助与支持外，台当局更与美国的政客保持直接联系，谋求推进“台独”主张。据《台湾游说团体报告》，为安排佩 ...全文,https://m.weibo.cn/detail/4801599955010015,4801637119429697,金金珠儿,2022-08-12 11:15:00,四川,蔡，不肖子孙，污名流史。,26,53
4801599955010015,【#起底蔡氏骗局#：#中国的卖国贼美国的看门狗#】战略与国际研究中心（CSIS）是支持“台独”分裂势力的美国智库之一，台湾当局为其研究活动提供了大量的资金。除通过影响美国智库来寻求美国的帮助与支持外，台当局更与美国的政客保持直接联系，谋求推进“台独”主张。据《台湾游说团体报告》，为安排佩 ...全文,https://m.weibo.cn/detail/4801599955010015,4801636616373976,爱豆123514,2022-08-12 11:15:00,湖南,民族罪人,258,47
4801599955010015,【#起底蔡氏骗局#：#中国的卖国贼美国的看门狗#】战略与国际研究中心（CSIS）是支持“台独”分裂势力的美国智库之一，台湾当局为其研究活动提供了大量的资金。除通过影响美国智库来寻求美国的帮助与支持外，台当局更与美国的政客保持直接联系，谋求推进“台独”主张。据《台湾游说团体报告》，为安排佩 ...全文,https://m.weibo.cn/detail/4801599955010015,4801631029560424,落日眠眠,2022-08-12 11:15:00,山西,MD，给我们老蔡家丢脸,201,34
4801599955010015,【#起底蔡氏骗局#：#中国的卖国贼美国的看门狗#】战略与国际研究中心（CSIS）是支持“台独”分裂势力的美国智库之一，台湾当局为其研究活动提供了大量的资金。除通过影响美国智库来寻求美国的帮助与支持外，台当局更与美国的政客保持直接联系，谋求推进“台独”主张。据《台湾游说团体报告》，为安排佩 ...全文,https://m.weibo.cn/detail/4801599955010015,4801608204419298,W爱LXT,2022-08-12 11:15:00,上海,别让她跑了,96,30
4801599955010015,【#起底蔡氏骗局#：#中国的卖国贼美国的看门狗#】战略与国际研究中心（CSIS）是支持“台独”分裂势力的美国智库之一，台湾当局为其研究活动提供了大量的资金。除通过影响美国智库来寻求美国的帮助与支持外，台当局更与美国的政客保持直接联系，谋求推进“台独”主张。据《台湾游说团体报告》，为安排佩 ...全文,https://m.weibo.cn/detail/4801599955010015,4801633621642106,UJO的小棉袄,2022-08-12 11:15:00,广东,蔡就是台独罪人😱,672,26
4801599955010015,【#起底蔡氏骗局#：#中国的卖国贼美国的看门狗#】战略与国际研究中心（CSIS）是支持“台独”分裂势力的美国智库之一，台湾当局为其研究活动提供了大量的资金。除通过影响美国智库来寻求美国的帮助与支持外，台当局更与美国的政客保持直接联系，谋求推进“台独”主张。据《台湾游说团体报告》，为安排佩 ...全文,https://m.weibo.cn/detail/4801599955010015,4801635879223299,3月·19日,2022-08-12 11:15:00,广东,必须活抓菜英文！！！,4275,17
4801599955010015,【#起底蔡氏骗局#：#中国的卖国贼美国的看门狗#】战略与国际研究中心（CSIS）是支持“台独”分裂势力的美国智库之一，台湾当局为其研究活动提供了大量的资金。除通过影响美国智库来寻求美国的帮助与支持外，台当局更与美国的政客保持直接联系，谋求推进“台独”主张。据《台湾游说团体报告》，为安排佩 ...全文,https://m.weibo.cn/detail/4801599955010015,4801636460925806,艹艹菜,2022-08-12 11:15:00,河北,斩首多省事,76,13
4801599955010015,【#起底蔡氏骗局#：#中国的卖国贼美国的看门狗#】战略与国际研究中心（CSIS）是支持“台独”分裂势力的美国智库之一，台湾当局为其研究活动提供了大量的资金。除通过影响美国智库来寻求美国的帮助与支持外，台当局更与美国的政客保持直接联系，谋求推进“台独”主张。据《台湾游说团体报告》，为安排佩 ...全文,https://m.weibo.cn/detail/4801599955010015,4801642840987227,锅爱轮,2022-08-12 11:15:00,辽宁,菜菜子，还不快速速领死,896,14
4801599955010015,【#起底蔡氏骗局#：#中国的卖国贼美国的看门狗#】战略与国际研究中心（CSIS）是支持“台独”分裂势力的美国智库之一，台湾当局为其研究活动提供了大量的资金。除通过影响美国智库来寻求美国的帮助与支持外，台当局更与美国的政客保持直接联系，谋求推进“台独”主张。据《台湾游说团体报告》，为安排佩 ...全文,https://m.weibo.cn/detail/4801599955010015,4801644136502816,二特也脚,2022-08-12 11:15:00,黑龙江,图片评论,480,14
4801599955010015,【#起底蔡氏骗局#：#中国的卖国贼美国的看门狗#】战略与国际研究中心（CSIS）是支持“台独”分裂势力的美国智库之一，台湾当局为其研究活动提供了大量的资金。除通过影响美国智库来寻求美国的帮助与支持外，台当局更与美国的政客保持直接联系，谋求推进“台独”主张。据《台湾游说团体报告》，为安排佩 ...全文,https://m.weibo.cn/detail/4801599955010015,4801642916745462,奋斗kitty,2022-08-12 11:15:00,广东,看到热搜这个蔡，就知道是说菜菜子了,3443,9
4801599955010015,【#起底蔡氏骗局#：#中国的卖国贼美国的看门狗#】战略与国际研究中心（CSIS）是支持“台独”分裂势力的美国智库之一，台湾当局为其研究活动提供了大量的资金。除通过影响美国智库来寻求美国的帮助与支持外，台当局更与美国的政客保持直接联系，谋求推进“台独”主张。据《台湾游说团体报告》，为安排佩 ...全文,https://m.weibo.cn/detail/4801599955010015,4801624922393839,山里农娃,2022-08-12 11:15:00,湖南,解放台湾，时不我待。,215,5
4801572653500690,【日媒：#日本对台政策脱离亚洲主流#】日本雅虎新闻网 8月11日文章，原题：佩洛西窜访台湾，揭示日本外交与亚洲各国之间难以填补的鸿沟  “2003年入侵伊拉克并杀了上百万人的，是中国吗？”日前，英国知名摇滚乐队“平克·弗洛伊德”联合创始人、歌手罗杰·沃特斯接受美国有线电视新闻网（CNN）采访时 ...全文,https://m.weibo.cn/detail/4801572653500690,4801573697362896,一叶落知天下秋zh,2022-08-12 09:26:32,湖南,做舔狗没有好下场的,2637,150
4801572653500690,【日媒：#日本对台政策脱离亚洲主流#】日本雅虎新闻网 8月11日文章，原题：佩洛西窜访台湾，揭示日本外交与亚洲各国之间难以填补的鸿沟  “2003年入侵伊拉克并杀了上百万人的，是中国吗？”日前，英国知名摇滚乐队“平克·弗洛伊德”联合创始人、歌手罗杰·沃特斯接受美国有线电视新闻网（CNN）采访时 ...全文,https://m.weibo.cn/detail/4801572653500690,4801573270847569,玄雲參鬆,2022-08-12 09:26:32,广西,日本只是米国的附属国而已，早就没有独立外交了。,135,97
4801572653500690,【日媒：#日本对台政策脱离亚洲主流#】日本雅虎新闻网 8月11日文章，原题：佩洛西窜访台湾，揭示日本外交与亚洲各国之间难以填补的鸿沟  “2003年入侵伊拉克并杀了上百万人的，是中国吗？”日前，英国知名摇滚乐队“平克·弗洛伊德”联合创始人、歌手罗杰·沃特斯接受美国有线电视新闻网（CNN）采访时 ...全文,https://m.weibo.cn/detail/4801572653500690,4801580924667857,忙着散热,2022-08-12 09:26:32,辽宁,日本又不是主权国家。,173,70
4801572653500690,【日媒：#日本对台政策脱离亚洲主流#】日本雅虎新闻网 8月11日文章，原题：佩洛西窜访台湾，揭示日本外交与亚洲各国之间难以填补的鸿沟  “2003年入侵伊拉克并杀了上百万人的，是中国吗？”日前，英国知名摇滚乐队“平克·弗洛伊德”联合创始人、歌手罗杰·沃特斯接受美国有线电视新闻网（CNN）采访时 ...全文,https://m.weibo.cn/detail/4801572653500690,4801574087689414,大纬真人,2022-08-12 09:26:32,广东,勿忘历史！！！时刻警惕邪恶的🇯🇵国@日本国驻华大使馆,231,34
4801572653500690,【日媒：#日本对台政策脱离亚洲主流#】日本雅虎新闻网 8月11日文章，原题：佩洛西窜访台湾，揭示日本外交与亚洲各国之间难以填补的鸿沟  “2003年入侵伊拉克并杀了上百万人的，是中国吗？”日前，英国知名摇滚乐队“平克·弗洛伊德”联合创始人、歌手罗杰·沃特斯接受美国有线电视新闻网（CNN）采访时 ...全文,https://m.weibo.cn/detail/4801572653500690,4801575668678960,云舞飞扬8268,2022-08-12 09:26:32,天津,我记得有东南亚媒体说过，一个亚洲国家，跑北约组织去凑热闹。亚洲国家肯定不会有什么好看法。,255,44
4801572653500690,【日媒：#日本对台政策脱离亚洲主流#】日本雅虎新闻网 8月11日文章，原题：佩洛西窜访台湾，揭示日本外交与亚洲各国之间难以填补的鸿沟  “2003年入侵伊拉克并杀了上百万人的，是中国吗？”日前，英国知名摇滚乐队“平克·弗洛伊德”联合创始人、歌手罗杰·沃特斯接受美国有线电视新闻网（CNN）采访时 ...全文,https://m.weibo.cn/detail/4801572653500690,4801573928830337,路遥遥的far,2022-08-12 09:26:32,江苏,废话嘛 日本一直在美国佬的控制之下,482,32
4801572653500690,【日媒：#日本对台政策脱离亚洲主流#】日本雅虎新闻网 8月11日文章，原题：佩洛西窜访台湾，揭示日本外交与亚洲各国之间难以填补的鸿沟  “2003年入侵伊拉克并杀了上百万人的，是中国吗？”日前，英国知名摇滚乐队“平克·弗洛伊德”联合创始人、歌手罗杰·沃特斯接受美国有线电视新闻网（CNN）采访时 ...全文,https://m.weibo.cn/detail/4801572653500690,4801581440565762,_____吉子,2022-08-12 09:26:32,广东,美国养的丧家犬而已,0,25
4801572653500690,【日媒：#日本对台政策脱离亚洲主流#】日本雅虎新闻网 8月11日文章，原题：佩洛西窜访台湾，揭示日本外交与亚洲各国之间难以填补的鸿沟  “2003年入侵伊拉克并杀了上百万人的，是中国吗？”日前，英国知名摇滚乐队“平克·弗洛伊德”联合创始人、歌手罗杰·沃特斯接受美国有线电视新闻网（CNN）采访时 ...全文,https://m.weibo.cn/detail/4801572653500690,4801573953208482,绯心夏之炎,2022-08-12 09:26:32,浙江,日本不允许存在这么清醒的日本人！,365,23
4801572653500690,【日媒：#日本对台政策脱离亚洲主流#】日本雅虎新闻网 8月11日文章，原题：佩洛西窜访台湾，揭示日本外交与亚洲各国之间难以填补的鸿沟  “2003年入侵伊拉克并杀了上百万人的，是中国吗？”日前，英国知名摇滚乐队“平克·弗洛伊德”联合创始人、歌手罗杰·沃特斯接受美国有线电视新闻网（CNN）采访时 ...全文,https://m.weibo.cn/detail/4801572653500690,4801599446978452,旖飒儿,2022-08-12 09:26:32,北京,日本本来就是个附庸国和殖民地，从来就没有自主外交过吧？,149,7
4801572653500690,【日媒：#日本对台政策脱离亚洲主流#】日本雅虎新闻网 8月11日文章，原题：佩洛西窜访台湾，揭示日本外交与亚洲各国之间难以填补的鸿沟  “2003年入侵伊拉克并杀了上百万人的，是中国吗？”日前，英国知名摇滚乐队“平克·弗洛伊德”联合创始人、歌手罗杰·沃特斯接受美国有线电视新闻网（CNN）采访时 ...全文,https://m.weibo.cn/detail/4801572653500690,4801579591666782,飛驤de翅膀,2022-08-12 09:26:32,江苏,日本必须亡奥特曼也救不了,89,8
4801572653500690,【日媒：#日本对台政策脱离亚洲主流#】日本雅虎新闻网 8月11日文章，原题：佩洛西窜访台湾，揭示日本外交与亚洲各国之间难以填补的鸿沟  “2003年入侵伊拉克并杀了上百万人的，是中国吗？”日前，英国知名摇滚乐队“平克·弗洛伊德”联合创始人、歌手罗杰·沃特斯接受美国有线电视新闻网（CNN）采访时 ...全文,https://m.weibo.cn/detail/4801572653500690,4801574713691439,琴声情深奈缘浅,2022-08-12 09:26:32,浙江,劝狼食草,26,5
4801572653500690,【日媒：#日本对台政策脱离亚洲主流#】日本雅虎新闻网 8月11日文章，原题：佩洛西窜访台湾，揭示日本外交与亚洲各国之间难以填补的鸿沟  “2003年入侵伊拉克并杀了上百万人的，是中国吗？”日前，英国知名摇滚乐队“平克·弗洛伊德”联合创始人、歌手罗杰·沃特斯接受美国有线电视新闻网（CNN）采访时 ...全文,https://m.weibo.cn/detail/4801572653500690,4801611371126164,并拍照,2022-08-12 09:26:32,湖北,房子都要着火了，还不自知。,222,2
4801572653500690,【日媒：#日本对台政策脱离亚洲主流#】日本雅虎新闻网 8月11日文章，原题：佩洛西窜访台湾，揭示日本外交与亚洲各国之间难以填补的鸿沟  “2003年入侵伊拉克并杀了上百万人的，是中国吗？”日前，英国知名摇滚乐队“平克·弗洛伊德”联合创始人、歌手罗杰·沃特斯接受美国有线电视新闻网（CNN）采访时 ...全文,https://m.weibo.cn/detail/4801572653500690,4801574583405346,非雨曉鶴,2022-08-12 09:26:32,河北,又开始跳脚了。,55.4万,2
4801572653500690,【日媒：#日本对台政策脱离亚洲主流#】日本雅虎新闻网 8月11日文章，原题：佩洛西窜访台湾，揭示日本外交与亚洲各国之间难以填补的鸿沟  “2003年入侵伊拉克并杀了上百万人的，是中国吗？”日前，英国知名摇滚乐队“平克·弗洛伊德”联合创始人、歌手罗杰·沃特斯接受美国有线电视新闻网（CNN）采访时 ...全文,https://m.weibo.cn/detail/4801572653500690,4801578202566668,夏尔漫,2022-08-12 09:26:32,福建,富人俱乐部？最多是衰退俱乐部,608,2
4801572653500690,【日媒：#日本对台政策脱离亚洲主流#】日本雅虎新闻网 8月11日文章，原题：佩洛西窜访台湾，揭示日本外交与亚洲各国之间难以填补的鸿沟  “2003年入侵伊拉克并杀了上百万人的，是中国吗？”日前，英国知名摇滚乐队“平克·弗洛伊德”联合创始人、歌手罗杰·沃特斯接受美国有线电视新闻网（CNN）采访时 ...全文,https://m.weibo.cn/detail/4801572653500690,4801576969437679,中国知识产权之友,2022-08-12 09:26:32,安徽,法国诗人拉·封丹的寓言《猴子与猫》里说，猴子骗猫取火中的栗子，结果栗子取出后被猴子吃了，猫却因此被烧掉了脚上的毛。后用“火中取栗”比喻受人利用，冒着危险给别人出力，自己吃了苦头，却没有得到好处。,5.4万,1
4801572653500690,【日媒：#日本对台政策脱离亚洲主流#】日本雅虎新闻网 8月11日文章，原题：佩洛西窜访台湾，揭示日本外交与亚洲各国之间难以填补的鸿沟  “2003年入侵伊拉克并杀了上百万人的，是中国吗？”日前，英国知名摇滚乐队“平克·弗洛伊德”联合创始人、歌手罗杰·沃特斯接受美国有线电视新闻网（CNN）采访时 ...全文,https://m.weibo.cn/detail/4801572653500690,4801580967133593,瓜地里的一只猹,2022-08-12 09:26:32,北京,日本也挺难的，如果不龇牙，就会挨美国的大棒棒,18,3
4801572653500690,【日媒：#日本对台政策脱离亚洲主流#】日本雅虎新闻网 8月11日文章，原题：佩洛西窜访台湾，揭示日本外交与亚洲各国之间难以填补的鸿沟  “2003年入侵伊拉克并杀了上百万人的，是中国吗？”日前，英国知名摇滚乐队“平克·弗洛伊德”联合创始人、歌手罗杰·沃特斯接受美国有线电视新闻网（CNN）采访时 ...全文,https://m.weibo.cn/detail/4801572653500690,4801590441017455,郑太彪子,2022-08-12 09:26:32,贵州,相信中央政府会冷静处理，秋后的蚂蚱，蹦达不了几天！,19,1
4801572653500690,【日媒：#日本对台政策脱离亚洲主流#】日本雅虎新闻网 8月11日文章，原题：佩洛西窜访台湾，揭示日本外交与亚洲各国之间难以填补的鸿沟  “2003年入侵伊拉克并杀了上百万人的，是中国吗？”日前，英国知名摇滚乐队“平克·弗洛伊德”联合创始人、歌手罗杰·沃特斯接受美国有线电视新闻网（CNN）采访时 ...全文,https://m.weibo.cn/detail/4801572653500690,4801718971269283,DK-尾巴,2022-08-12 09:26:32,四川,不管我多少岁，只要踏平日本岛，我都愿意赴死,203,0
4801572653500690,【日媒：#日本对台政策脱离亚洲主流#】日本雅虎新闻网 8月11日文章，原题：佩洛西窜访台湾，揭示日本外交与亚洲各国之间难以填补的鸿沟  “2003年入侵伊拉克并杀了上百万人的，是中国吗？”日前，英国知名摇滚乐队“平克·弗洛伊德”联合创始人、歌手罗杰·沃特斯接受美国有线电视新闻网（CNN）采访时 ...全文,https://m.weibo.cn/detail/4801572653500690,4801674851913745,海晨Zzh,2022-08-12 09:26:32,上海,八国联军之一，早就魂飞欧美了,226,0
4801572653500690,【日媒：#日本对台政策脱离亚洲主流#】日本雅虎新闻网 8月11日文章，原题：佩洛西窜访台湾，揭示日本外交与亚洲各国之间难以填补的鸿沟  “2003年入侵伊拉克并杀了上百万人的，是中国吗？”日前，英国知名摇滚乐队“平克·弗洛伊德”联合创始人、歌手罗杰·沃特斯接受美国有线电视新闻网（CNN）采访时 ...全文,https://m.weibo.cn/detail/4801572653500690,4801671068391382,三千里风景,2022-08-12 09:26:32,重庆,日本只听得懂炸弹的怒吼…,4,0
4801723224294516,【#中方制裁立陶宛交通与通讯部副部长#】外交部发言人：立陶宛交通与通讯部副部长瓦伊丘凯维丘特窜访中国台湾地区，践踏一个中国原则，严重干涉中国内政，损害中国主权和领土完整。针对瓦伊丘凯维丘特恶劣挑衅行径，中方决定：对瓦伊丘凯维丘特采取制裁措施；暂停同立交通与通讯部任何形式的交往，暂停 ...全文,https://m.weibo.cn/detail/4801723224294516,4801723476479206,Construal,2022-08-12 19:24:51,福建,立讨碗= 立刻讨饭的碗,1761,7047
4801723224294516,【#中方制裁立陶宛交通与通讯部副部长#】外交部发言人：立陶宛交通与通讯部副部长瓦伊丘凯维丘特窜访中国台湾地区，践踏一个中国原则，严重干涉中国内政，损害中国主权和领土完整。针对瓦伊丘凯维丘特恶劣挑衅行径，中方决定：对瓦伊丘凯维丘特采取制裁措施；暂停同立交通与通讯部任何形式的交往，暂停 ...全文,https://m.weibo.cn/detail/4801723224294516,4801723551454889,阿拉小艾,2022-08-12 19:24:51,上海,国家大事，居然有粉丝举报诈骗，吃饱了撑的。,3.3万,2968
4801723224294516,【#中方制裁立陶宛交通与通讯部副部长#】外交部发言人：立陶宛交通与通讯部副部长瓦伊丘凯维丘特窜访中国台湾地区，践踏一个中国原则，严重干涉中国内政，损害中国主权和领土完整。针对瓦伊丘凯维丘特恶劣挑衅行径，中方决定：对瓦伊丘凯维丘特采取制裁措施；暂停同立交通与通讯部任何形式的交往，暂停 ...全文,https://m.weibo.cn/detail/4801723224294516,4801723489059452,南故soso,2022-08-12 19:24:51,宁夏,世界上只有一个中国！一个中国！一个中国！,840,2144
4801723224294516,【#中方制裁立陶宛交通与通讯部副部长#】外交部发言人：立陶宛交通与通讯部副部长瓦伊丘凯维丘特窜访中国台湾地区，践踏一个中国原则，严重干涉中国内政，损害中国主权和领土完整。针对瓦伊丘凯维丘特恶劣挑衅行径，中方决定：对瓦伊丘凯维丘特采取制裁措施；暂停同立交通与通讯部任何形式的交往，暂停 ...全文,https://m.weibo.cn/detail/4801723224294516,4801723829323680,玖瑶瑶儿,2022-08-12 19:24:51,安徽,总有些西方国家还以为中国活在旧时代可以任人宰割，请问西方国家从中国掠夺过去的文物什么时候还回来？,1070,1475
4801723224294516,【#中方制裁立陶宛交通与通讯部副部长#】外交部发言人：立陶宛交通与通讯部副部长瓦伊丘凯维丘特窜访中国台湾地区，践踏一个中国原则，严重干涉中国内政，损害中国主权和领土完整。针对瓦伊丘凯维丘特恶劣挑衅行径，中方决定：对瓦伊丘凯维丘特采取制裁措施；暂停同立交通与通讯部任何形式的交往，暂停 ...全文,https://m.weibo.cn/detail/4801723224294516,4801723485126731,俊达Dl,2022-08-12 19:24:51,内蒙古,该，践踏一个中国原则就是死路一条,2831,844
4801723224294516,【#中方制裁立陶宛交通与通讯部副部长#】外交部发言人：立陶宛交通与通讯部副部长瓦伊丘凯维丘特窜访中国台湾地区，践踏一个中国原则，严重干涉中国内政，损害中国主权和领土完整。针对瓦伊丘凯维丘特恶劣挑衅行径，中方决定：对瓦伊丘凯维丘特采取制裁措施；暂停同立交通与通讯部任何形式的交往，暂停 ...全文,https://m.weibo.cn/detail/4801723224294516,4801723417233117,unstoable,2022-08-12 19:24:51,江苏,波罗的海三傻 就属立陶宛最傻了,32,534
4801723224294516,【#中方制裁立陶宛交通与通讯部副部长#】外交部发言人：立陶宛交通与通讯部副部长瓦伊丘凯维丘特窜访中国台湾地区，践踏一个中国原则，严重干涉中国内政，损害中国主权和领土完整。针对瓦伊丘凯维丘特恶劣挑衅行径，中方决定：对瓦伊丘凯维丘特采取制裁措施；暂停同立交通与通讯部任何形式的交往，暂停 ...全文,https://m.weibo.cn/detail/4801723224294516,4801723694324466,时七玥,2022-08-12 19:24:51,内蒙古,支持国家的每一个决定,1125,473
4801723224294516,【#中方制裁立陶宛交通与通讯部副部长#】外交部发言人：立陶宛交通与通讯部副部长瓦伊丘凯维丘特窜访中国台湾地区，践踏一个中国原则，严重干涉中国内政，损害中国主权和领土完整。针对瓦伊丘凯维丘特恶劣挑衅行径，中方决定：对瓦伊丘凯维丘特采取制裁措施；暂停同立交通与通讯部任何形式的交往，暂停 ...全文,https://m.weibo.cn/detail/4801723224294516,4801723526812896,可以为欢,2022-08-12 19:24:51,上海,墙裂要求和Little One断交,362,427
4801723224294516,【#中方制裁立陶宛交通与通讯部副部长#】外交部发言人：立陶宛交通与通讯部副部长瓦伊丘凯维丘特窜访中国台湾地区，践踏一个中国原则，严重干涉中国内政，损害中国主权和领土完整。针对瓦伊丘凯维丘特恶劣挑衅行径，中方决定：对瓦伊丘凯维丘特采取制裁措施；暂停同立交通与通讯部任何形式的交往，暂停 ...全文,https://m.weibo.cn/detail/4801723224294516,4801724600294195,吃果果儿,2022-08-12 19:24:51,北京,在这种地方说流量那点破事是嫌自己偶像太火了吗,398,276
4801723224294516,【#中方制裁立陶宛交通与通讯部副部长#】外交部发言人：立陶宛交通与通讯部副部长瓦伊丘凯维丘特窜访中国台湾地区，践踏一个中国原则，严重干涉中国内政，损害中国主权和领土完整。针对瓦伊丘凯维丘特恶劣挑衅行径，中方决定：对瓦伊丘凯维丘特采取制裁措施；暂停同立交通与通讯部任何形式的交往，暂停 ...全文,https://m.weibo.cn/detail/4801723224294516,4801723560887090,隻琪,2022-08-12 19:24:51,广东,印度嘴巴也挺碎,3716,167
4801723224294516,【#中方制裁立陶宛交通与通讯部副部长#】外交部发言人：立陶宛交通与通讯部副部长瓦伊丘凯维丘特窜访中国台湾地区，践踏一个中国原则，严重干涉中国内政，损害中国主权和领土完整。针对瓦伊丘凯维丘特恶劣挑衅行径，中方决定：对瓦伊丘凯维丘特采取制裁措施；暂停同立交通与通讯部任何形式的交往，暂停 ...全文,https://m.weibo.cn/detail/4801723224294516,4801726182069336,净颖Daisy,2022-08-12 19:24:51,上海,感觉制裁窜台国家的时候，对台这个不听话的孩子，家长应该也要给予一点制裁手段吧,30,151
4801723224294516,【#中方制裁立陶宛交通与通讯部副部长#】外交部发言人：立陶宛交通与通讯部副部长瓦伊丘凯维丘特窜访中国台湾地区，践踏一个中国原则，严重干涉中国内政，损害中国主权和领土完整。针对瓦伊丘凯维丘特恶劣挑衅行径，中方决定：对瓦伊丘凯维丘特采取制裁措施；暂停同立交通与通讯部任何形式的交往，暂停 ...全文,https://m.weibo.cn/detail/4801723224294516,4801723712143612,谁偷了我的甜栗子,2022-08-12 19:24:51,黑龙江,只有一个🇨🇳,541,101
4801723224294516,【#中方制裁立陶宛交通与通讯部副部长#】外交部发言人：立陶宛交通与通讯部副部长瓦伊丘凯维丘特窜访中国台湾地区，践踏一个中国原则，严重干涉中国内政，损害中国主权和领土完整。针对瓦伊丘凯维丘特恶劣挑衅行径，中方决定：对瓦伊丘凯维丘特采取制裁措施；暂停同立交通与通讯部任何形式的交往，暂停 ...全文,https://m.weibo.cn/detail/4801723224294516,4801730980873775,天睿心云-sparkle,2022-08-12 19:24:51,湖北,"世界上只有一个中国，中华人民共和国！！！！！！There is only one China in the world, the People's Republic of China.！！！！",69,81
4801723224294516,【#中方制裁立陶宛交通与通讯部副部长#】外交部发言人：立陶宛交通与通讯部副部长瓦伊丘凯维丘特窜访中国台湾地区，践踏一个中国原则，严重干涉中国内政，损害中国主权和领土完整。针对瓦伊丘凯维丘特恶劣挑衅行径，中方决定：对瓦伊丘凯维丘特采取制裁措施；暂停同立交通与通讯部任何形式的交往，暂停 ...全文,https://m.weibo.cn/detail/4801723224294516,4801723317619052,玛利亚草莓,2022-08-12 19:24:51,江苏,@吃瓜少女张小寒 举报投诉微博江小寒江小宴造谣生事诈骗,1,90
4801723224294516,【#中方制裁立陶宛交通与通讯部副部长#】外交部发言人：立陶宛交通与通讯部副部长瓦伊丘凯维丘特窜访中国台湾地区，践踏一个中国原则，严重干涉中国内政，损害中国主权和领土完整。针对瓦伊丘凯维丘特恶劣挑衅行径，中方决定：对瓦伊丘凯维丘特采取制裁措施；暂停同立交通与通讯部任何形式的交往，暂停 ...全文,https://m.weibo.cn/detail/4801723224294516,4801723477268972,你要跟我靠近点,2022-08-12 19:24:51,福建,活该,308,45
4801723224294516,【#中方制裁立陶宛交通与通讯部副部长#】外交部发言人：立陶宛交通与通讯部副部长瓦伊丘凯维丘特窜访中国台湾地区，践踏一个中国原则，严重干涉中国内政，损害中国主权和领土完整。针对瓦伊丘凯维丘特恶劣挑衅行径，中方决定：对瓦伊丘凯维丘特采取制裁措施；暂停同立交通与通讯部任何形式的交往，暂停 ...全文,https://m.weibo.cn/detail/4801723224294516,4801723761165913,安静的少年阿宾,2022-08-12 19:24:51,云南,世界上只有一个中国🇨🇳,127,44
4801723224294516,【#中方制裁立陶宛交通与通讯部副部长#】外交部发言人：立陶宛交通与通讯部副部长瓦伊丘凯维丘特窜访中国台湾地区，践踏一个中国原则，严重干涉中国内政，损害中国主权和领土完整。针对瓦伊丘凯维丘特恶劣挑衅行径，中方决定：对瓦伊丘凯维丘特采取制裁措施；暂停同立交通与通讯部任何形式的交往，暂停 ...全文,https://m.weibo.cn/detail/4801723224294516,4801729587317530,帝吧官微,2022-08-12 19:24:51,浙江,政客被收买，最终损失的是立陶宛人的利益，这种撮尔小国真是可怜。,159.4万,61
4801723224294516,【#中方制裁立陶宛交通与通讯部副部长#】外交部发言人：立陶宛交通与通讯部副部长瓦伊丘凯维丘特窜访中国台湾地区，践踏一个中国原则，严重干涉中国内政，损害中国主权和领土完整。针对瓦伊丘凯维丘特恶劣挑衅行径，中方决定：对瓦伊丘凯维丘特采取制裁措施；暂停同立交通与通讯部任何形式的交往，暂停 ...全文,https://m.weibo.cn/detail/4801723224294516,4801724789822684,吾生梦幻间何事泄尘羁7788,2022-08-12 19:24:51,湖北,世界只有一个中国大好河山寸土不让,46,39
4801723224294516,【#中方制裁立陶宛交通与通讯部副部长#】外交部发言人：立陶宛交通与通讯部副部长瓦伊丘凯维丘特窜访中国台湾地区，践踏一个中国原则，严重干涉中国内政，损害中国主权和领土完整。针对瓦伊丘凯维丘特恶劣挑衅行径，中方决定：对瓦伊丘凯维丘特采取制裁措施；暂停同立交通与通讯部任何形式的交往，暂停 ...全文,https://m.weibo.cn/detail/4801723224294516,4801723471764248,眼聋耳瞎的jjz,2022-08-12 19:24:51,广东,支持国家,944,31
4801723224294516,【#中方制裁立陶宛交通与通讯部副部长#】外交部发言人：立陶宛交通与通讯部副部长瓦伊丘凯维丘特窜访中国台湾地区，践踏一个中国原则，严重干涉中国内政，损害中国主权和领土完整。针对瓦伊丘凯维丘特恶劣挑衅行径，中方决定：对瓦伊丘凯维丘特采取制裁措施；暂停同立交通与通讯部任何形式的交往，暂停 ...全文,https://m.weibo.cn/detail/4801723224294516,4801724042187001,廖睿,2022-08-12 19:24:51,四川,对在台湾问题上主动挑衅的国家，应该加大制裁力度。建议就这个问题专门立法。,30.5万,28
4801698454045617,格局打开！马来西亚朋友“移民&quot;台湾：“我要变成中国人”武统 武力统一的微博视频 ,https://m.weibo.cn/detail/4801698454045617,4801699443377752,奋斗的李伟,2022-08-12 17:46:25,上海,让那些逃到台湾的港灿情何以堪，喜迎二次回归,30,15
4801698454045617,格局打开！马来西亚朋友“移民&quot;台湾：“我要变成中国人”武统 武力统一的微博视频 ,https://m.weibo.cn/detail/4801698454045617,4801721018354825,七小郭,2022-08-12 17:46:25,广东,曲线入中国籍,570,2
4801698454045617,格局打开！马来西亚朋友“移民&quot;台湾：“我要变成中国人”武统 武力统一的微博视频 ,https://m.weibo.cn/detail/4801698454045617,4801720356702533,侠客0117,2022-08-12 17:46:25,上海,泰国的大哥,816,1
4801698454045617,格局打开！马来西亚朋友“移民&quot;台湾：“我要变成中国人”武统 武力统一的微博视频 ,https://m.weibo.cn/detail/4801698454045617,4801717734475529,天蝎不是射手男,2022-08-12 17:46:25,湖南,这个思路可以，中国籍很难入,173,0
4801698454045617,格局打开！马来西亚朋友“移民&quot;台湾：“我要变成中国人”武统 武力统一的微博视频 ,https://m.weibo.cn/detail/4801698454045617,4801734528206610,LoweFrey,2022-08-12 17:46:25,广东,老视频了,37,0
4801698454045617,格局打开！马来西亚朋友“移民&quot;台湾：“我要变成中国人”武统 武力统一的微博视频 ,https://m.weibo.cn/detail/4801698454045617,4801727947342588,追烽逐月猪,2022-08-12 17:46:25,上海,格局打开,345,0
4801698454045617,格局打开！马来西亚朋友“移民&quot;台湾：“我要变成中国人”武统 武力统一的微博视频 ,https://m.weibo.cn/detail/4801698454045617,4801702105973454,大英雄66962,2022-08-12 17:46:25,河南,,31,0
4801735522261809,赵真的很（）我老婆一通施展猜错密码，他过来像逗小孩子一样逗我老婆说“你没事吧”，就还带着台湾腔，就很叔叔很叔叔 ,https://m.weibo.cn/detail/4801735522261809,4801739166849123,不高兴的海绵宝哥,2022-08-12 20:13:43,江苏,一通施展猜错密码，嗯，这很张哲瀚,43,5
4801726945692651,【#中方制裁立陶宛交通与通讯部副部长#】外交部发言人：立陶宛交通与通讯部副部长瓦伊丘凯维丘特窜访中国台湾地区，践踏一个中国原则，严重干涉中国内政，损害中国主权和领土完整。针对瓦伊丘凯维丘特恶劣挑衅行径，中方决定：对瓦伊丘凯维丘特采取制裁措施；#暂停同立交通与通讯部任何形式的交往#，暂 ...全文,https://m.weibo.cn/detail/4801726945692651,4801749023461829,·妤一杯波波奶茶·,2022-08-12 19:39:38,江苏,中国一点都不能少,511,0
4801726945692651,【#中方制裁立陶宛交通与通讯部副部长#】外交部发言人：立陶宛交通与通讯部副部长瓦伊丘凯维丘特窜访中国台湾地区，践踏一个中国原则，严重干涉中国内政，损害中国主权和领土完整。针对瓦伊丘凯维丘特恶劣挑衅行径，中方决定：对瓦伊丘凯维丘特采取制裁措施；#暂停同立交通与通讯部任何形式的交往#，暂 ...全文,https://m.weibo.cn/detail/4801726945692651,4801735116458790,hao妍妍宝贝,2022-08-12 19:39:38,福建,支持支持,25,1
4801726945692651,【#中方制裁立陶宛交通与通讯部副部长#】外交部发言人：立陶宛交通与通讯部副部长瓦伊丘凯维丘特窜访中国台湾地区，践踏一个中国原则，严重干涉中国内政，损害中国主权和领土完整。针对瓦伊丘凯维丘特恶劣挑衅行径，中方决定：对瓦伊丘凯维丘特采取制裁措施；#暂停同立交通与通讯部任何形式的交往#，暂 ...全文,https://m.weibo.cn/detail/4801726945692651,4801728346856839,Snowstalker_,2022-08-12 19:39:38,广东,太厉害了,35,0
4801726945692651,【#中方制裁立陶宛交通与通讯部副部长#】外交部发言人：立陶宛交通与通讯部副部长瓦伊丘凯维丘特窜访中国台湾地区，践踏一个中国原则，严重干涉中国内政，损害中国主权和领土完整。针对瓦伊丘凯维丘特恶劣挑衅行径，中方决定：对瓦伊丘凯维丘特采取制裁措施；#暂停同立交通与通讯部任何形式的交往#，暂 ...全文,https://m.weibo.cn/detail/4801726945692651,4801727704072334,魏烽微博,2022-08-12 19:39:38,重庆,这么一个小角色也能跳,72,1
4801726945692651,【#中方制裁立陶宛交通与通讯部副部长#】外交部发言人：立陶宛交通与通讯部副部长瓦伊丘凯维丘特窜访中国台湾地区，践踏一个中国原则，严重干涉中国内政，损害中国主权和领土完整。针对瓦伊丘凯维丘特恶劣挑衅行径，中方决定：对瓦伊丘凯维丘特采取制裁措施；#暂停同立交通与通讯部任何形式的交往#，暂 ...全文,https://m.weibo.cn/detail/4801726945692651,4801732171011819,衿云卿,2022-08-12 19:39:38,江苏,,41,0
4801726945692651,【#中方制裁立陶宛交通与通讯部副部长#】外交部发言人：立陶宛交通与通讯部副部长瓦伊丘凯维丘特窜访中国台湾地区，践踏一个中国原则，严重干涉中国内政，损害中国主权和领土完整。针对瓦伊丘凯维丘特恶劣挑衅行径，中方决定：对瓦伊丘凯维丘特采取制裁措施；#暂停同立交通与通讯部任何形式的交往#，暂 ...全文,https://m.weibo.cn/detail/4801726945692651,4801731269755819,月野栖溪,2022-08-12 19:39:38,江苏,支持,6,0
4801726945692651,【#中方制裁立陶宛交通与通讯部副部长#】外交部发言人：立陶宛交通与通讯部副部长瓦伊丘凯维丘特窜访中国台湾地区，践踏一个中国原则，严重干涉中国内政，损害中国主权和领土完整。针对瓦伊丘凯维丘特恶劣挑衅行径，中方决定：对瓦伊丘凯维丘特采取制裁措施；#暂停同立交通与通讯部任何形式的交往#，暂 ...全文,https://m.weibo.cn/detail/4801726945692651,4801727516116263,梅勒兰蒂斯,2022-08-12 19:39:38,山东,坚决制裁,195,1
4801371942946143,台民代：现在大陆老百姓也不喜欢台湾了 中时 中时的微博视频 ,https://m.weibo.cn/detail/4801371942946143,4801376951211236,阅知灰白,2022-08-11 20:08:59,北京,不是中国人，还占着我们的岛，还在岛上拉屎💩,199,35
4801371942946143,台民代：现在大陆老百姓也不喜欢台湾了 中时 中时的微博视频 ,https://m.weibo.cn/detail/4801371942946143,4801372622948656,蓝天LT789,2022-08-11 20:08:59,广东,没错，我们都是期盼梧桐开花结果！,1419,30
4801371942946143,台民代：现在大陆老百姓也不喜欢台湾了 中时 中时的微博视频 ,https://m.weibo.cn/detail/4801371942946143,4801376662850693,爱吃水果的龙猫129,2022-08-11 20:08:59,浙江,民间才最想梧桐,586,18
4801371942946143,台民代：现在大陆老百姓也不喜欢台湾了 中时 中时的微博视频 ,https://m.weibo.cn/detail/4801371942946143,4801391565214632,蓝色优依,2022-08-11 20:08:59,广东,最想打台[单身青蛙]的就是民间，是你们自找的。,506,12
4801371942946143,台民代：现在大陆老百姓也不喜欢台湾了 中时 中时的微博视频 ,https://m.weibo.cn/detail/4801371942946143,4801387311927036,天下江山2079,2022-08-11 20:08:59,辽宁,是中国人，可以谈，不是的话只能弹,1,10
4801371942946143,台民代：现在大陆老百姓也不喜欢台湾了 中时 中时的微博视频 ,https://m.weibo.cn/detail/4801371942946143,4801395545085842,水煮桃花,2022-08-11 20:08:59,辽宁,是民间最想武统好不，，是政府内还不想放弃和统，，,355,9
4801371942946143,台民代：现在大陆老百姓也不喜欢台湾了 中时 中时的微博视频 ,https://m.weibo.cn/detail/4801371942946143,4801392859939645,谢雨岑271638,2022-08-11 20:08:59,浙江,天天霸占着不干点好事,31,5
4801371942946143,台民代：现在大陆老百姓也不喜欢台湾了 中时 中时的微博视频 ,https://m.weibo.cn/detail/4801371942946143,4801390503792901,夜闻窗雨,2022-08-11 20:08:59,黑龙江,天天在呱呱鼓噪，那个不反感？,72,4
4801371942946143,台民代：现在大陆老百姓也不喜欢台湾了 中时 中时的微博视频 ,https://m.weibo.cn/detail/4801371942946143,4801400741040167,做勤劳的lp,2022-08-11 20:08:59,湖南,我们原来对你们友善，你们当我是冤大头好欺负，还要闹台独，不揍你揍谁,13,6
4801371942946143,台民代：现在大陆老百姓也不喜欢台湾了 中时 中时的微博视频 ,https://m.weibo.cn/detail/4801371942946143,4801400402614020,Lampion,2022-08-11 20:08:59,北京,图片评论,540,3
4801371942946143,台民代：现在大陆老百姓也不喜欢台湾了 中时 中时的微博视频 ,https://m.weibo.cn/detail/4801371942946143,4801377052659351,水瓶小琼,2022-08-11 20:08:59,甘肃,对啊对啊,1055,3
4801371942946143,台民代：现在大陆老百姓也不喜欢台湾了 中时 中时的微博视频 ,https://m.weibo.cn/detail/4801371942946143,4801429338066292,半夜逛书店,2022-08-11 20:08:59,北京,以前是我们一厢情愿了,42,1
4801371942946143,台民代：现在大陆老百姓也不喜欢台湾了 中时 中时的微博视频 ,https://m.weibo.cn/detail/4801371942946143,4801386010910576,昨天是排骨今天是胖子,2022-08-11 20:08:59,江苏,“一家亲”谁给你一家亲,171,6
4801371942946143,台民代：现在大陆老百姓也不喜欢台湾了 中时 中时的微博视频 ,https://m.weibo.cn/detail/4801371942946143,4801538197029710,犄角旮旯不可用,2022-08-11 20:08:59,上海,梧桐吧,112,1
4801371942946143,台民代：现在大陆老百姓也不喜欢台湾了 中时 中时的微博视频 ,https://m.weibo.cn/detail/4801371942946143,4801428185421926,紫心775,2022-08-11 20:08:59,广西,要土地可以不要人,50,0
4801371942946143,台民代：现在大陆老百姓也不喜欢台湾了 中时 中时的微博视频 ,https://m.weibo.cn/detail/4801371942946143,4801393473357892,oO羁鸟恋旧林Oo,2022-08-11 20:08:59,安徽,正解,0,1
4801371942946143,台民代：现在大陆老百姓也不喜欢台湾了 中时 中时的微博视频 ,https://m.weibo.cn/detail/4801371942946143,4801452234771447,笑子gyq,2022-08-11 20:08:59,福建,慢了好几拍，现在才发现。,942,0
