页码,微博id,微博bid,微博作者,发布时间,微博内容,转发数,评论数,点赞数
1,4791096195941185,LCdPloVzz,游民星空,2022-07-14 11:36:50,Netflix《#生化危机#》真人剧集在纽约街头的裸眼3D广告。  游民星空的微博视频 ,56,45,163
1,4793760594532452,LDl8Lj164,青岛发布,2022-07-21 20:04:12,【#青岛中山路巨幅裸眼3D大屏正式点亮# ！现场震撼画面来啦】7月22日，市南区将迎来首届“#上街里啤酒节# ”，为了进一步打造中山路商圈的时尚氛围，提升青岛历史城区的夜间亮化景观，“青岛上街里·光影中山路”百盛楼体的巨幅裸眼3D项目于7月21日晚正式点亮。全新的裸眼3D将为中山路披上“光影”外衣 ...全文,31,33,54
1,4791166509257202,LCfEKCQdI,新浪福建,2022-07-14 16:16:14,#福州裸眼3D迎数字中国建设峰会#【第五届数字中国建设峰会来了！裸眼3D亮相！】#第五届数字中国峰会# 第五届数字中国建设峰会来了！裸眼3D亮相！一起来看↓（福州日报）  福州日报的微博视频 ,6,9,14
1,4791192635577690,LCgkTnp0K,豆豆说,2022-07-14 18:00:03,@乌苏啤酒 的震撼裸眼3D大片登陆武汉了！巨大的乌苏从冰封屏幕冲出，真的太硬核了！现场观看肯定很刺激，已经在期待了，赶紧上手机小程序搜索【乌苏啤酒硬核联盟】参与活动！炎炎夏日，跟着#乌苏硬核48# 主题活动玩转夏天吧~更有硬核48小时周末体验基金，有机会抽取价值人民币1000元携程礼品卡，打造你 ...全文,621,720,1727
1,4791201200872644,LCgyI3F0U,胎毛妹织毛裤,2022-07-14 18:34:05,P图软件的神奇操作第二弹：比九宫格更吸引眼球的裸眼3D朋友圈，你学废了吗？#我的盛夏光年# 胎毛妹织毛裤的微博视频 ,33,19,183
1,4788256220905551,LB1WK3NzF,看金牛,2022-07-06 15:31:46,【#赵立坚又双叒叕推荐成都了# 这次是太古里裸眼3D大屏】7月5日，@赵立坚个人微博 发布了一段关于成都太古里裸眼3D大屏的视频，屏幕中可爱的大熊猫掀开帘子，探出脑袋呼之欲出。你想不想来成都和滚滚击掌？评论区来high five！#赵立坚到底有多喜欢成都#  赵立坚个人微博的微博视频 ,6,13,20
1,4795242664169798,LDXHchuKO,张艺兴吧_XingPark,2022-07-25 22:13:25,#张艺兴[超话]# 张艺兴大航海线上演唱会『张艺兴吧·（长沙）裸眼3D大屏』应援一则七月盛夏，启航的号角吹响，Captain Lay的全新大航海之旅正式开启；于绚烂的烟花下相遇，收获一场无与伦比的视听盛宴，对这份盛大的双向奔赴，不说再见，永远在期待着下一次新征程🚢@张艺兴 #张艺兴线上演唱会# ...全文,13,16,143
1,4795223122910475,LDXbGcd99,紫云_紫气东来,2022-07-25 20:55:46,#裸眼3d# 【裸眼3D】Happy birthday to me！ ,0,0,0
1,4795222439236648,LDXazCKSc,温水水水的鹅,2022-07-25 20:53:03,小鱼山日落 ✓中山路巨幅裸眼3D屏幕 ✓🎉 ,0,0,0
1,4795222301082895,LDXam4xI3,小葵味De可爱多,2022-07-25 20:52:29,这个七夕，在成都太古里邂逅#戴比尔斯品牌代言人蔡徐坤# @蔡徐坤，观看全球首发裸眼3D大片。#戴比尔斯蝴蝶系列#，爱的新生。我在太古里拍到的蔡徐坤 #爱的新生# cxk#戴比尔斯蔡徐坤裸眼3D# DeBeers戴比尔斯的微博视频 ,0,0,0
1,4795219998674248,LDX6DAoze,呱唧呱叽bi7,2022-07-25 20:43:21,谁能教我裸眼3D到底怎么看啊 ,0,0,0
1,4795209436893722,LDWPBsVn4,小乖乖-啵-,2022-07-25 20:01:23,曾经繁华又落寞的中山路，如今又重新灯火斑斓起来，我们也有裸眼3D大屏幕了 小乖乖-啵-的微博视频 ,0,50,12
1,4795204709649479,LDWHYEugL,江城南路左拐第二个路口,2022-07-25 19:42:36,理了一下午老婆的各种物料，理到看屏幕的字看出裸眼3D，总算理清楚了，发现自己看过的只是很少一部分接下来好好看！ ,0,0,2
1,4795190218588894,LDWkBA2my,国资小新,2022-07-25 18:45:00,【裸眼3D！沉浸式体验中国最大特种水泥生产基地】坐好，出发！今天和小新一起飞行穿梭中国最大的特种水泥生产基地——中国能建葛洲坝水泥公司。@中国能建 中国能建的微博视频 ,3,1,7
1,4794901776565129,LDOPnrxTb,带着霖霖磕凯源,2022-07-24 23:38:51,贺峻霖#贺峻霖 优酸乳品牌代言人#hjl#贺峻霖康师傅冰红茶品牌代言人#🔔🎤🔋～“我在这里大声告诉你：善良的事情做多少都不嫌多，在保证生活和学业的基础上，可以的话，继续做一个了不起的人吧”——贺峻霖@时代少年团-贺峻霖《别叫我达芬奇》翻唱裸眼3D+环绕音有源今朝醉的微博视频 ,0,146,23
1,4795182928628743,LDW8QAcJh,半杯水的猜想2022,2022-07-25 18:16:03,裸眼3D视觉大片，瞬间而至。 ,0,0,0
2,4795182699251725,LDW8tCONn,希望希望是真的_,2022-07-25 18:15:08,我现在都没想通当时在湾里庙一群人在那录裸眼3D视频我在那吃着淀粉肠抬头看着他们录是为啥…我咋不录呢 ,0,0,0
2,4795178898690332,LDW2lAsKE,IP大师,2022-07-25 18:00:02,3D吉祥物“数娃”来啦！第五届数字中国建设峰会开幕！✨第五届数字中国建设成果展览会将于7月22日开馆，持续展览5天，峰会吉祥物“数娃”的身影随处可见。✨各大黑科技，都被“搬”进了展会现场。吉祥物“数娃”裸眼3D视频，将在福州东街口电信大楼户外大屏发布。✨全片运用裸眼式3D技术，对“数娃 ...全文,0,0,1
2,4795129192514840,LDUKbaydW,芝麻花生酱ya,2022-07-25 14:42:30,徐睿知家人们，闲的没事干搞了个裸眼3D效果，有没有一种美女出画的感觉!!有些地方没抠好纯属是因为技术原因，但是用来斯哈斯哈还是够了 芝麻花生酱ya的微博视频 ,0,11,23
2,4795157297761834,LDVtvwzcS,青岛生活杂志,2022-07-25 16:34:12,【#青岛旅游# #青岛啤酒节# 青岛第二块巨幅裸眼3D大屏，落位金沙滩啤酒城！】继中山路的“北方最大”裸眼3D大屏正式启动后，金沙滩啤酒城的大屏也开启营业模式，避开人流快来这里拍照打卡吧！#带着微博去旅行# ,2,1,2
2,4795157231438037,LDVtp6269,青岛旅游人,2022-07-25 16:33:56,#带着微博去旅行##青岛随手拍# 青岛中山路裸眼3D秀，人气满满啊！ 青岛·中山路百盛 青岛旅游人的微博视频 ,0,0,2
2,4795130652134519,LDUMx8XhJ,狄371216484,2022-07-25 14:48:19,裸眼3D广告屏太酷了吧！ ,0,3,1
2,4795122107550099,LDUyKvG7N,知音汉阳,2022-07-25 14:14:22,#武汉身边事##玩出炫彩汉阳范儿# 【华中最大裸眼3D屏征集“汉阳封面”，最高奖30万！】今年10月，百年老字号酒楼祁万顺将改造焕新。华中地区最大、汉阳首个裸眼3D屏也将惊艳亮相。“祁遇Hi Young”首届数字视觉大赛，以“祁遇”999平方米3D数字屏为载体，面向社会公开征集3D动画作品，以艺术创新致敬百 ...全文,0,0,1
2,4795119897414044,LDUvbv6Jm,Xback_啾啾2021,2022-07-25 14:05:35,#张艺兴[超话]# 《Peach》裸眼3D献上一首《小黄桃》（裸眼3D版）帮助小贝壳缓解焦虑，放松心情～他很乖，也很性感视频：醒醒封面：柚木Cr:@MrDimple_KL@张艺兴 张艺兴 zyx lay ljj rp krump pd bot#fanstube# 张艺兴资讯台的微博视频 ,0,0,0
2,4795103233183571,LDU4jdmbV,草莓酱氵番Q,2022-07-25 12:59:22,中山路的裸眼3D很过瘾，人挤人顺便还看了教堂的灯光秀，想到了在北京环球影城哈利波特禁忌之旅的城堡灯光秀晚上10点回黄岛吃馄饨撸串喝啤酒，蓝莓味的啤酒加雪莲太好喝了！小馄饨竟然是福袋的形状，很别致～ ,0,0,1
2,4795063730705318,LDT2B2Xu6,投影租赁001,2022-07-25 10:22:24,全息沉浸式立体投影秀，打造数字展厅，裸眼3D震撼你的视听体验！#数字展厅##沉浸式##全息投影# 投影租赁001的微博视频 ,0,0,0
3,4795058974366530,LDSUVijVU,杨锦心很开心,2022-07-25 10:03:30,这个3D裸眼实属一般般没有成都的好 没有震撼 重复出现的就是这几个场景也许是现在技术不到位 青岛·中山路 杨锦心很开心的微博视频 ,0,0,0
3,4795058266051987,LDSTMpooH,亮屏小狗,2022-07-25 10:00:41,我今天凌晨五点就醒了……做了个噩梦出了一身冷汗，起来立刻去洗了个澡，还去修勾哥哥微博念叨了念叨……实在太吓人了，梦到bolo4只打了一场歌，solocon的场地居然选在了COEX大屏下面，屏上是李秀满抱着胳膊贼笑的那张脸……还特么是裸眼3D感的，进场必须穿mamaMV那套衣服，不穿不让进，这辈子没睡过这 ...全文,0,4,1
3,4795052591415384,LDSKD5WcM,贵阳发布,2022-07-25 09:38:07,【15分钟生活圈中看变化 | 花溪区：十字街里的老味道和新潮流】#聚焦贵阳贵安一圈两场三改# 时尚现代的裸眼3D巨幕、琳琅满目的商业店铺、各具特色的主题小巷、充满回忆的特色美食……7月22日，记者在改造后的花溪区十字街看到，各种业态特色鲜明，前来游玩的市民络绎不绝。【15分钟生活圈中看变化】花溪区：十字街里的老味道和新潮流（via. ...全文,0,0,0
3,4794507214195584,LDEyZhBsI,食神的女儿,2022-07-23 21:31:00,青岛最近节目太多啦～#带着微博去旅行# 先是开了啤酒节崂山会场，中山路上也有了裸眼3d和灯光秀#旅途美食天花板# 最近台东夜市也是在翻新阶段，超级期待翻新后的样子，到时候一定替你们去打个卡！所以最近李村夜市的人超级多，一定不要错过这家流汁宽粉和牛奶鸡蛋醪糟绝对出乎意料的好 ...全文,7127,2063,9931
3,4795043304702878,LDSvEjJqS,果读棒棒的嘉,2022-07-25 09:01:14,肖战顾魏｜私服穿搭｜裸眼3D卡点｜《顾魏的穿搭show 2》来自顾医生的个人私服穿搭秘籍第二波show time～@X玖少年团肖战DAYTOY @肖战工作室#肖战#  #肖战工作室##肖战 肖战工作室#  一只大甜橙cc的微博视频 ,0,0,0
3,4795042848576519,LDSuUzZ8X,LTR_,2022-07-25 08:59:25,#夏日晚风# 中山路的裸眼3D大屏可以做更多青岛特色的画面，期待以后的进步。天主教堂⛪前不远处的一座不知叫什么的楼上有表演，小姐姐在二楼，不注意看还看不到，两个地方人都超级多。青岛 青岛·天主教圣弥厄尔大教堂 ,0,0,3
3,4794838153691797,LDNaLfup7,数码酱-,2022-07-24 19:26:02,裸眼3D ,6,10,13
3,4795036745340988,LDSl4mpqY,青岛新闻网房产,2022-07-25 08:35:10,#青岛城事# 7月21日，中山路裸眼3D大屏首秀以其极具视觉冲击力的3D效果让不少市民游客大饱眼福。不过咱青岛人的“眼福”可不仅如此，青岛市的裸眼3D大屏今夏集体上线了！眼花缭乱，精彩看不过来！青岛的裸眼3D大屏今夏集体上线了！ ,0,0,1
3,4794715532428977,LDJYZabT3,中国移动,2022-07-24 11:18:47,裸眼3D视频，让人感受到数字浪潮的气息；“一点接入、即取即用”的算力基础设施，为千行百业注智赋能；“5G＋8K”超高清视频直播，各地美景实时展播……在#第五届数字中国建设峰会# 上，中国移动围绕“共赢算力新时代 共创数智新未来”主题，向观众展示了“5G+算力网络+智慧中台”“数字政府”“智慧养 ...全文,18,12,23
3,4795013550572426,LDRJF2oUG,缸铁狙击手,2022-07-25 07:03:00,夜幕降临，伴随着啤酒节开幕式的精彩演出，中山路3D裸眼大屏光影秀同时点亮，酷炫的光效与百年中山路碰撞出激情的火花，点燃了街区内所有人的热情。当看到屏幕中的啤酒“倾泻而下”，不少市民游客发出惊奇的赞叹声。还有人举起手中的酒杯痛快畅饮，让视觉和味蕾都得到极致畅快的体验。 ,0,0,0
4,4794931878560949,LDPBVzV5P,bbbbbmihuO,2022-07-25 01:38:28,看了海，坐了游艇，很刺激，下次坐海上摩托，估计会更刺激，看了3d裸眼，去了啤酒节，听了歌，去了台东夜市，下次去李村夜市、吕家庄夜市，全都吃个遍 ,0,2,2
4,4794918557714150,LDPgrwmNM,辉煌1213,2022-07-25 00:45:32,2022这个夏天一定要来一次齐鲁的琴岛，看看这座有海的城市，吹吹栈桥的晚风，欣赏下中山路/金沙滩的裸眼3D ，品一品云霄路的特色美食。对于一个吃货来说，最好的还是：哈啤酒吃蛤蜊！相约在胶澳、相约在琴岛！青岛 辉煌1213的微博视频 ,0,0,1
4,4794914846542553,LDPasrs13,手抄视频,2022-07-25 00:30:47,裸眼3D的阿凡达你见过吗。#夏日治愈福利社##夏日解忧放映会#  手抄视频的微博视频 ,0,0,0
4,4794910030697850,LDP2H2VxE,Mr_leezi,2022-07-25 00:11:39,改造后的湾里庙步行街，人气火爆！街角裸眼3D大屏，吸引诸多人驻足 石家庄·湾里庙 Mr_leezi的微博视频 ,0,0,2
4,4794906084642344,LDOWkjtGw,衍昊哒哒哒,2022-07-24 23:55:58,青岛中山路百盛大厦裸眼3D，总面积1400 平方米，是中国北方最大的3D大屏，结合中山路当地文化，正在打造最具青岛特色、最具视觉冲击力的3D大屏网红打卡地，欢迎朋友们来打卡。#说走就走的旅行##青岛裸眼3##青岛旅游##青岛百盛##青岛# 青岛·百盛中山路店 衍昊哒哒哒的微博视频 ,0,2,1
4,4794904783618102,LDOUefbeu,2097-,2022-07-24 23:50:47,🥂 #啤酒节##裸眼3d# 青岛·天主教圣弥厄尔大教堂 2097-的微博视频 ,0,1,1
4,4794898496885139,LDOK5sT8D,叶自然,2022-07-24 23:25:49,赛格国际购物中心过街天桥站满了手机拍摄的姑娘小伙，以为是大型约会现场，或是这儿新上了块裸眼3D曲面屏……那成想碰到了为查理苏庆生的“未婚妻”们和她们的朋友们[呲牙]查理苏0724生日快乐#查理苏0724生日快乐##光与夜之恋##查理苏生日大屏# 西安·赛格国际购物中心 叶自然的微博视频 ,0,0,0
4,4794897457217811,LDOIpuhGj,elims626,2022-07-24 23:21:40,青岛上街里啤酒节完美角度完整版nice#青岛上街里##裸眼3d# elims626的微博视频 ,0,0,0
4,4794897314090834,LDOIbhadc,粥与丸子可以共存,2022-07-24 23:21:07,我觉得拿幻术放电视肯定很快乐 真·裸眼3d35/36@绘画日签 @-米罗- #绘画日签# ,0,0,3
4,4794890774386801,LDOxDipcR,Bubble八宝糖,2022-07-24 22:55:08,今日份的中山路裸眼3D。。。人好多，上街里，我觉得我从小到大也没见过中山路这么多人 Bubble八宝糖的微博视频 ,0,0,1
5,4794883270772497,LDOlx3eXD,mika拽着猪逃跑,2022-07-24 22:25:19,武汉江汉路的裸眼3D效果比较一般还是想去看成都太古里的 mika拽着猪逃跑的微博视频 ,0,5,4
5,4794878804100733,LDOekhcMR,米铺23,2022-07-24 22:07:34,青岛中山路，久违的人来人往…晚上9点陪小宝上完课，俩娃非要去看看这个裸眼3D…还有天主教堂这个啤酒节小会场…晚上九点四十，灯光都没有…没有夜生活的北方城市呀…这条老街想恢复往日繁华，任重道远 ,0,4,2
5,4794875196735970,LDO8vsgkG,尚书探花,2022-07-24 21:53:13,#这里是青岛##中山路##青岛里院##青岛啤酒节# 夜晚的栈桥、海边很多人。赶海的、游泳的，除了大多数人戴着口罩外，基本跟疫情前差不许多了。最近中山路的百盛商厦安装了一块裸眼3D屏，嚯，今晚这人呢，完全挤不动，一小段宣传片循环播放。周边的天主教堂有灯光秀可能，这人啊更挤一堆了。附近里 ...全文,0,0,2
5,4794868545883333,LDNXMoGwt,杨烊xx,2022-07-24 21:26:48,今日碎片🧩吃了想了好久的牛肉粉还有泰山火烧，杨工非得拍下我吃牛肉粉的样子泰山火烧的姐姐还记得我晚上看了音乐会还有赶时髦的裸眼3D ,1,1,4
5,4794865319156898,LDNSzCq7U,linerqingdao,2022-07-24 21:13:59,昨晚吃个夜宵，看个裸眼3D ,0,0,0
5,4794861842858314,LDNMYbZzQ,爛心小羊藏尸日記,2022-07-24 21:00:09,别惦记你那裸眼3D大屏了 ,0,0,2
5,4794859736534623,LDNJzrpX9,我只要三颗布蕾冰,2022-07-24 20:51:48,#裸眼3d# 没拍到#小舞#跳出来那一下😭 ,0,0,0
5,4794859548575482,LDNJgzYSe,野飞机-,2022-07-24 20:51:03,我还以为裸眼3D//@捉拿土狗:第一次去卢浮宫时，并没有什么特别的感觉，因为独属于我的赛罗西秀，我早已遇见,0,0,0
5,4794856633271935,LDNEzdJb9,苓砚,2022-07-24 20:39:28,大晚上的中山路上堵车，警察路口拦路。多少年看不见的景象在2022年的夏天出现。回家困难重重～～～#青岛啤酒节##青岛裸眼3D大屏# ,0,0,1
6,4794838900543891,LDNbY2hur,狐机堂说,2022-07-24 19:29:00,#青岛# 中山路裸眼3D大屏亮了，是不是很好玩？ 狐机堂说的微博视频 ,1,0,2
6,4794837969406637,LDNasDt5X,hideall,2022-07-24 19:25:18,向外远眺，看到一排玻璃房子，彩灯幕墙，顶着一块裸眼3D式的大屏幕，在深沉的夜色里流光溢彩。剥除语境看，就像是一个高科技大赌场。其实应该是一家知名人工智能大厂。。。本地的高科技企业不知道为什么都是这个审美，漕河泾那个科创走廊，每次夜晚开车路过都觉得是走过了一个赛博亚特兰蒂斯。 ,0,0,0
6,4794834545543385,LDN4Wng5r,NerdyDust_0511,2022-07-24 19:11:42,有没有在现场的泰国人能把我的3d裸眼带上啊卧槽 ,0,0,8
6,4794829475154033,LDMWLlCNz,Maruko减肥路上也要美美哒,2022-07-24 18:51:33,天色变暗，突然发现在这里喝酒可以看到最近很火的中山路百盛的裸眼3D屏哈哈哈。 ,0,0,1
6,4794828477696337,LDMV9wiat,未无樱,2022-07-24 18:47:35,眼眶一热微凉的海风 掠过河南路#表情包# 虽然裸眼3D视频要在七点半开始 五点半交警已经上线盒饭已领在后盖上享用 青岛·中山路 ,0,1,0
6,4794507122181609,LDEyQ99xf,饭拍娃娃4K,2022-07-23 21:30:38,fromis_9#fromis_9##宝藏二创榜# 就这点爱好了，裸眼3D一键换装，220718 fromis_9 - Stay This Way by 翁 饭拍娃娃4K的微博视频 ,4,0,11
6,4794797204177460,LDM6IhwKo,翻转东京在日本,2022-07-24 16:43:18,#就是很想欺负奶牛猫啊#东京新宿裸眼3D大屏里的大猫迎来一周年这房间太魔幻了 网页链接 翻转东京在日本的微博视频 ,41,18,201
6,4794805361574532,LDMjS6BBG,你的小兔兔突然出现,2022-07-24 17:15:43,see的画面看着是这样的，把手掌放在两眼之间，用平行眼看这两张图能看出裸眼3D的效果 查看图片,0,0,3
6,4794768695759777,LDLmJoanD,游侠网,2022-07-24 14:50:02,最近，日本新宿那个活在屏幕中的电子猫猫迎来了它的一岁生日，随之而来的，是更多很棒的裸眼3D创意。#游侠原创#  在日本新宿，有一只活在屏幕里的猫迎来了一岁生日 ,1,0,15
6,4794782024468442,LDLIeiKrE,青岛发布,2022-07-24 15:43:00,#青岛·探城##青岛啤酒节# 【这里也有巨幅裸眼3D大屏！快来金沙滩啤酒城】快告诉你的小伙伴，火遍全网的巨幅裸眼3D大屏震撼亮相金沙滩啤酒城，融合新LED技术，极具视觉冲击力的3D立体创意，让观众沉浸在美轮美奂的主题场景中，带来超感官的极致视觉体验。这个夏天，来青岛西海岸新区，来金沙滩啤酒城， ...全文,1,0,3
7,4794431473978059,LDCAPgGSf,张艺兴吧_XingPark,2022-07-23 16:30:02,#张艺兴[超话]# 张艺兴大航海线上演唱会【张艺兴吧·长沙百面大屏应援】现场所有的应援、呐喊，只为你一人而来，愿你永远被爱意包围此时此刻，长沙最繁华的步行街道上的百面灯屏与国金中心对面裸眼3D大屏已经亮起，宣告着今晚有一个奇迹征程，即将震撼回归。高涨的气温已使人足够心潮澎湃，而 ...全文,885,506,5892
7,4794741201308489,LDKEo5uoF,青岛西海岸新闻网,2022-07-24 13:00:47,【视觉效果震撼！巨幅裸眼3D大屏亮相金沙滩啤酒城】一群鱼儿游过后，一只活泼的海豚向观众游来，声音高亢入耳，另一只海豚甩尾卖萌，还俏皮地把水珠“撒”向游客，沉醉其中的游客不禁躲闪或低头看看干净的衣衫，这才回过神来，原来这是青岛西海岸金沙滩啤酒城提前“埋伏”好的一波黑科技。快告诉你 ...全文,0,0,1
7,4794721644315711,LDK8Qi6If,夕夕姐姐看脸,2022-07-24 11:43:03,成都裸眼3d屏 刘亦菲#今天穿什么##喜欢的精灵分享给大家2# 夕夕姐姐看脸的微博视频 ,0,2,8
7,4794718653256798,LDK41dFf0,胡Sir聊青岛房产,2022-07-24 11:31:11,青岛中山路的3D巨幅裸眼屏幕，会复活中山路吗#青岛房产##青岛买房胡sir帮忙##青岛# 胡Sir聊青岛房产的微博视频 ,0,1,1
7,4794707551455113,LDJM766xz,走遍这个星球,2022-07-24 10:47:04,巨幅裸眼3D海豚和鲸鱼游向观众，震撼青岛金沙滩啤酒城 走遍这个星球的微博视频 ,0,0,0
7,4794700541989739,LDJAO8lCz,用户7313294761,2022-07-24 10:19:13,#贺峻霖路易威登品牌大使# hjl#贺峻霖康师傅冰红茶品牌代言人#“春天很好，祝大家春天快乐。当然四季都很好，所以祝大家四季都快乐吧”——贺峻霖@时代少年团-贺峻霖《别叫我达芬奇》翻唱裸眼3D+环绕音有源今朝醉的微博视频 ,0,0,0
7,4794680624284623,LDJ4GhYCP,青岛新闻网,2022-07-24 09:00:04,【震撼！巨幅裸眼3D大屏亮相金沙滩啤酒城】一群鱼儿游过后，一只活泼的海豚向观众游来，声音高亢入耳，另一只海豚甩尾卖萌，还俏皮地把水珠“撒”向游客，沉醉其中的游客不禁躲闪或低头看看干净的衣衫，这才回过神来，原来这是青岛西海岸金沙滩啤酒城提前“埋伏”好的一波黑科技。快告诉你的小伙伴， ...全文,2,2,5
7,4794680561108887,LDJ4A4Eth,Jihoo_9,2022-07-24 08:59:49,2022.07.23#青岛中山路# Jihoo_9的微博视频 ,0,1,1
7,4794673820075999,LDITI0jLN,青岛晚报,2022-07-24 08:33:02,【这里也有巨幅裸眼3D大屏！金沙滩啤酒城送您“冲出”大屏的“青岛礼物”】火遍全网的巨幅裸眼3D大屏震撼亮相金沙滩啤酒城，融合新LED技术，极具视觉冲击力的3D立体创意，让观众沉浸在美轮美奂的主题场景中，带来超感官的极致视觉体验。这个夏天，来青岛西海岸新区，来金沙滩啤酒城，“带走”这份“青 ...全文,0,0,1
7,4794673056450200,LDIStr3Zu,青岛日报官方微博,2022-07-24 08:30:00,青岛新闻 #观海新闻客户端# 【这里也有巨幅裸眼3D大屏！金沙滩啤酒城送您“冲出”大屏的“青岛礼物”】火遍全网的巨幅裸眼3D大屏震撼亮相金沙滩啤酒城，融合新LED技术，极具视觉冲击力的3D立体创意，让观众沉浸在美轮美奂的主题场景中，带来超感官的极致视觉体验。这个夏天，来青岛西海岸新区 ...全文,0,0,0
8,4794644791296326,LDI8T5reu,橙子voo,2022-07-24 06:37:41,中山路上街里的裸眼3D大屏很震撼，沉寂了二十年的中山路人山人海 橙子voo的微博视频 ,0,0,1
8,4794548893780013,LDFEdfRlX,逆鳞___,2022-07-24 00:16:37,#王一博# 英雄联盟S11冠亚军决赛       “不可阻挡”      裸眼3D版太帅啦！！！！▪️逆鳞___的微博视频 ,66,26,153
8,4794585328910878,LDGAYBo7Q,Z勾圈儿,2022-07-24 02:41:24,我还是不会看3D裸眼 ,0,0,0
8,4794157023633067,LDvsaff7R,懵懵怎么还没7饱,2022-07-22 22:19:28,谢谢裸眼3d屏把中山路盘活了[融化][融化] 青岛·中山路 ,1,23,72
8,4794149599452381,LDvgbDEZL,张艺兴吧_XingPark,2022-07-22 21:49:58,#张艺兴[超话]# 以此为始，开启大航海新征程『长沙百面大屏应援将于7月23日正式上线』七月盛夏的0731，从五一广场到黄兴路步行街，沿途百面大屏、裸眼3D大屏的视觉呈现，邀您一起共赴Captain Lay的新征程🚢星火相伴肆意，海风追逐清宁，再遥远也要相遇，屏幕前的我们，和舞台上的@张艺兴 ，我们 ...全文,636,506,2266
8,4794550662991514,LDFH4cyee,奶味起司球,2022-07-24 00:23:39,前脚从青岛走了后脚青岛就安上裸眼3D了像极了毕业学校必装修的定律 ,0,0,1
8,4794537174896018,LDFljkxG2,凛东月,2022-07-23 23:30:03,我的天呐，爱上应渊可以有一千种理由，但一定不该是贪恋他这条大鲲。但世上真的有女人可以拒绝如此浪漫吗？你懂什么是裸眼3D？花了大钱啊艹 凛东月的微博视频 ,2,5,41
8,4794543746580530,LDFvUrBTA,木子冲鸭,2022-07-23 23:56:09,在海洋馆，见证了北极熊拉💩，体验了夏天穿羽绒服，享受了躺着看的裸眼3D ,0,0,5
8,4794543495187751,LDFvvlLzp,Jay-Miao,2022-07-23 23:55:10,青岛中山路因裸眼3D，天主教堂灯光秀，啤酒节重现千禧年人流盛况！@青岛市文化和旅游局 @青岛市市南区文化和旅游局 @青岛旅游集团 #裸眼3d##青岛灯光秀#青岛啤酒节 Jay-Miao的微博视频 ,1,4,3
8,4794539556214673,LDFp9q4IF,紫云_紫气东来,2022-07-23 23:39:31,#2022奥特曼光之英雄集结主题展# 【裸眼3D】7.16赛罗/泰迦/捷德3V3对战表演repo仅分享、收藏、存档用。热忱似火，注意调小音量。是学徒，第一次尝试立体摄影，还不太熟练，所以大家就当这个是图一乐吧…裸眼3D观看教程，详见评论区↓实在无法开启平行眼的伙伴们，可以去购买手机 ...全文,0,2,0
9,4794536117930641,LDFjBxh7z,一树青遥想,2022-07-23 23:25:51,肖战#京东电器代言人肖战#  #支持肖战代言# 【京东电器代言人肖战支持肖战代言】地广之王京东电器又秀大招了！代言人3D裸眼科技感大片太酷了吧！！！优质生活，品质臻选，随心所至。和@X玖少年团肖战DAYTOY 一起为爱发电，“京”喜每一天！#肖战裸眼3d科技感大片# xz   xz ...全文,0,1,0
9,4794533503828454,LDFfog3Xg,又甜又辣的小老虎,2022-07-23 23:15:27,青岛中山路裸眼3D灯光秀#青岛#青岛 青岛 又甜又辣的小老虎的微博视频 ,0,0,1
9,4794530991705099,LDFbl79zB,twl敏子,2022-07-23 23:05:29,中山路裸眼3D上线了 青岛·台东 twl敏子的微博视频 ,0,0,0
9,4794529246611288,LDF8wrJTG,_陪你数昏晨_,2022-07-23 22:58:33,投影秀很震撼，裸眼3d一般般 ,0,0,2
9,4794524398519597,LDF0HzKkR,HenryRay_,2022-07-23 22:39:17,#周末去哪儿# 青岛裸眼3D打卡🤗(ps:书亦烧仙草的生椰西瓜好喝！🥥🍉) ,0,0,1
9,4794523068665896,LDEYyAmow,随欣所遇的侣行,2022-07-23 22:34:00,庄里的“太古里”，遛弯湾里庙步行街，果然夜市是减肥的最大阻碍#跟我一起打卡网红地标##裸眼3D#石家庄·新华区湾里庙步行街 随欣所遇的侣行的微博视频 ,0,0,1
9,4794520766514805,LDEUQrkNv,Wanderpenguin,2022-07-23 22:24:51,在b站努力看了半小时的裸眼3d搜刮了各类舞台视频只有黄选的成功了人一多就很难进入3d状态 ,0,0,1
9,4794515486148302,LDEMkpNsa,李思瑶VIP,2022-07-23 22:03:52,最近被各种裸眼3D数字艺术大屏刷屏了，登州路、中山路、崂山区、西海岸新区、高新区，2022年的夏天成了3D大屏的夏天。相比传统显示屏，裸眼3D具有体验感强、互动更有效、反响更强烈、传播更真实等优势，吸引了众多市民前往，让各区市再多一处网红打卡地。当然，大屏也具有引流、社会、商业等价值。 ,0,0,2
9,4794514973922363,LDELvgsnV,章鱼的桃花坞,2022-07-23 22:01:50,这两日，上街里，看裸眼3D，人山人海，感受这盛世繁华。细雨绵绵中，青岛博物馆，陪女儿做木板年画。晚上，老友相聚，孩子们慢慢长大，我们慢慢老去，感慨时光荏苒。 ,0,0,0
9,4794512403074286,LDEHmcTLg,想名字想的我都不方了,2022-07-23 21:51:37,今天的中山路人多到让我觉得可以拍一部守护中山路本来想去打卡裸眼3D大屏的 等我们9点到的时候 大屏已经下班了[融化] 想名字想的我都不方了的微博视频 ,0,8,3
10,4794502533614770,LDErrfamK,见闻速递,2022-07-23 21:12:24,我刚刚上传了动态视频封面，动态视频封面是微博视频号的个性化专属功能，快去我的主页看看吧~更多有趣、精彩的封面，尽在#视频号封面大赏#  震撼的裸眼3D，超震撼 #裸眼3D# 见闻速递的微博视频 ,0,0,1
10,4794500520610956,LDEoc2yW8,Magchan-良田,2022-07-23 21:04:24,自從戴眼鏡之後，打機會有一種裸眼3D的錯覺。 ,0,0,2
10,4794492782118648,LDEbI8T9K,·睡到银河系,2022-07-23 20:33:39,去年裸眼3d今年亚洲巨幕😭就要给他最好的 ,0,0,1
10,4794490798473897,LDE8vzyrL,咩崽圆脑壳,2022-07-23 20:25:45,qq音乐出个vr或者裸眼3d吧 我想看他在我面前扭 ,0,0,0
10,4794489259164016,LDE61CrYI,面朝大海春暖花开0121,2022-07-23 20:19:38,我们青岛国际啤酒节的裸眼3d 中间出来的小女孩叫“青岛小嫚”，我猜原型可能是王心凌，因为她出场时的背景音乐是王心凌的《爱你》 （王心凌是祖籍山东青岛的台湾歌手）  @王心凌 王心凌青岛 青岛·浙江路天主教堂 面朝大海春暖花开0121的微博视频 ,0,0,2
10,4794487614214428,LDE3nhGmE,牛鼻哥nb,2022-07-23 20:13:07,这个红球怎么整出来的，真的很裸眼3D啊 ,0,0,0
10,4794467469497569,LDDwSDQKB,深圳大股侠,2022-07-23 18:53:04,"002232,启明信息,  主力出货那么狠，谁敢买？裸眼3D空中成像历史性突破，获批正式进入大规模商用阶段，车载智能座舱创新元素，超级大黑马伟时电子，业绩爆发在即，想问的是，又没涨多少，你这么跌，凭什么？庄家家里没个好 ",0,0,2
10,4794463879169986,LDDr5Ctx0,青岛日报官方微博,2022-07-23 18:38:48,青岛新闻 #观海新闻客户端#【快来金沙滩啤酒城，体验夏日限定版狂欢！】7月22日至7月31日云上啤酒节期间，金沙滩啤酒城常态化运营。除啤酒美食、文化休闲、运动游乐等业态正常对外营业外，今年啤酒城内还多了“青岛礼物”裸眼3D装置、彩灯和灯光艺术装置等新业态、新亮点，吸引众多市民游客游 ...全文,0,0,1
10,4794461671921588,LDDnx83Tm,信网,2022-07-23 18:30:02,金沙滩啤酒城增设新业态 裸眼3D大屏播放效果震撼 记者在“青岛礼物”裸眼3D现场看到，游客们纷纷到此打卡体验。高铁、列车纵横驰骋，好似即将冲出屏幕，带着希望奔向远方；巨大的航母在浩瀚的大海慢慢航行，烟波浩渺；海洋中的鲸鱼也动了起来，仿佛置身海洋世界中，让人身临其境，满屏的水流感觉让这个夏日 ,0,0,0
10,4794459650524685,LDDkh2cuF,青岛发布,2022-07-23 18:22:00,#青岛·探城# 【裸眼3D大屏竣工、招商率超75%……青岛这座商业综合体再传新进展】中山路裸眼3D大屏首秀以其极具视觉冲击力的3D效果吸引众多市民前往，让老城区再多一处网红打卡地。近日，位于青岛高新区的金茂览秀城项目裸眼3D大屏也已提前竣工并调试完成。金茂览秀城位于青岛东方伊甸园项目北侧，火 ...全文,0,9,11
11,4794451291538845,LDD6N6sk5,昊喜欢肆号,2022-07-23 17:48:47,#微博原创视频博主认证##微博视频社区原创投稿# 黄明昊3D裸眼大屏 超酷的 昊喜欢肆号的微博视频 ,0,1,20
11,4794451282627149,LDD6Mb1rn,明月她依旧照九方,2022-07-23 17:48:45,查攻略是绘梦的？感觉还挺好看的，除了剧情有点一猜就中没什么新意，制作都不错的，游戏世界还有点裸眼3D ,1,0,0
11,4794450653480117,LDD5LeBkV,笨蛋小黏咩x,2022-07-23 17:46:15,#张艺兴[超话]#裸眼3D对面的屏 可恶 没拍到一开始的我是张艺兴 笨蛋小黏咩x的微博视频 ,0,0,5
11,4794435110175606,LDCGH0JGm,·许愿比邻星·,2022-07-23 16:44:29,TF家族 怎么看那种裸眼3D的视频啊 ,0,0,0
11,4794414809225368,LDC9WCHWg,Edie-Wu,2022-07-23 15:23:49,#走 去哪儿都行#  @去哪儿网  现在点击链接查看活动详情，还可以赢夏日千元好礼  去哪儿嗨玩季走在路上被爱心击中 了! 长沙关于浪漫这件事就没输过这次520五一广场这块裸眼3D真的绝了!肉眼看到超震撼!正击我的少女心，呜呜我好爱长沙!爱这个仪式感满满的浪漫城市图。 ,0,0,0
11,4794407938690166,LDBYRAsHY,山东文艺广播,2022-07-23 14:56:31,#金沙滩啤酒城 #裸眼3D 山东文艺广播的微博视频 ,0,0,0
11,4794393657874177,LDBBPx2qR,一直爱吃的汤圆,2022-07-23 13:59:46,裸眼3D版过山车我真心会吐不过效果好好啊 一直爱吃的汤圆的微博视频 ,0,0,0
11,4794391619701290,LDByxEHKq,小羊的哆啦贝壳x,2022-07-23 13:51:40,卧槽！裸眼3d 牛逼了巴克,1,0,0
11,4794370144079938,LDAZUh7ns,追星红颜,2022-07-23 12:26:20,#星之守护者霞洛#这种3D的裸眼效果也太好了，不知道使用的手感是什么样子的呢，还是挺想试一试的呀，快一点吧，我都等不及想要用一下了 ,0,0,0
12,4794355354698740,LDAC3jIm8,wrinkle皱纹,2022-07-23 11:27:33,裸眼3d，第一次看到确实很震撼；期待未来更多ar产品,0,0,0
12,4794348921166274,LDArG4ToS,青岛新闻网,2022-07-23 11:02:00,"#青岛# 【裸眼3D大屏竣工、招商率超75%……青岛这座商业综合体再传新进展】中山路裸眼3D大屏首秀以其极具视觉冲击力的3D效果吸引众多市民前往,让老城区再多一处网红打卡地。近日,位于青岛高新区的金茂览秀城项目裸眼3D大屏也已提前竣工并调试完成。“览秀城共有3个LED大屏,其中东南角大屏是裸眼3D大 ...全文",0,1,0
12,4794342046698170,LDAgAs6v0,黄岛广电_西海岸传媒,2022-07-23 10:34:41,今年的青岛西海岸金沙滩啤酒城，会有哪些让你眼前一亮的惊喜？7月22日，记者走进金沙滩啤酒城，迎面便被园区中心位置的“青岛礼物”裸眼3D播放效果所震撼。美 网页链接 ,0,0,0
12,4794340868359635,LDAeGz4IP,王小哞酱,2022-07-23 10:30:00,金有真 浅浅整个裸眼3D 王小哞酱的微博视频 ,0,6,3
12,4794329945868493,LDzX4oCF7,国际日报-社长,2022-07-23 09:46:36,金沙滩啤酒城，在园区中心位置的“青岛礼物”裸眼3D播放效果让游客震撼。美轮美奂的灯组将啤酒城的夜空点亮，令整个园区充满了时尚而浪漫的氛围。这里还有游客不能错过的“FUN‘四’热爱”凤凰之声四周年主题活动以及备受关注的山东手造文创市集…… #青岛 ,0,0,0
12,4794021996139463,LDrWnpL9B,青岛随手拍,2022-07-22 13:22:55,青岛中山路半日游 | 浙江路天主教堂，上街里，哈啤酒，安娜别墅🏡中山路百盛，裸眼3D，晚上来看哦～#本地新势力博主##青岛旅游# 青岛·中山路 ,3,20,46
12,4794297142217696,LDz6a9iVi,橙子voo,2022-07-23 07:36:15,青岛啤酒节7月22日开幕了，上街里裸眼3D大屏 橙子voo的微博视频 ,0,0,2
13,4794277430035057,LDyAn097r,kimberly影视解说,2022-07-23 06:17:55,抠图1300张！我完成了《长津湖》超燃裸眼3D  kimberly影视解说的微博视频 ,0,0,0
13,4794259373293691,LDy7fdOQ3,意志荷花,2022-07-23 05:06:10,成都裸眼3D屏又火了！美乐蒂酷洛米陪你度过美好假期！#你接得住美乐蒂酷洛米吗 #正能量#新闻  意志荷花的微博视频 ,0,0,1
13,4794218322853906,LDx32bYqK,蓝桥遗梦·,2022-07-23 02:23:02,赶了个周五早下班的点儿就为了看到裸眼3D 青岛·第一百盛(中山路店) 蓝桥遗梦·的微博视频 ,0,1,2
13,4794210865907268,LDwR0oMKw,魂心COMBAT,2022-07-23 01:53:25,恭喜贺喜。打第一个道馆前进化。忽然想起ORAS部分画面竟然还有裸眼3D，另外遇敌抛球转场动画也比近几作利索多了。 ,0,0,1
13,4794187407426598,LDwfav9ZQ,mika拽着猪逃跑,2022-07-23 00:20:12,7.23了，今天本应在成都玩了一周，本应打卡了太古里裸眼3D，本应是今年第一次音乐节见面 ,0,0,0
13,4794180469791063,LDw3YF56n,手可摘驼驼,2022-07-22 23:52:38,今日份快乐源泉：提前三小时下班 买到白菜价的卡布 看了裸眼3D奔波而又充实的周五时光 ,0,0,0
13,4794177822395588,LDvZIa3cw,甜得很正经丫,2022-07-22 23:42:07,裸眼3D  打卡！！ 甜得很正经丫的微博视频 ,0,0,1
13,4794171216627044,LDvP3rNZO,NIT视觉志,2022-07-22 23:15:52,各个国家的裸眼3D。素材来源于网络，视频剪辑：利西马#裸眼3D##LED##视觉艺术##视觉震撼##打卡最红地标# NIT视觉志的微博视频 ,0,0,3
13,4794169262084087,LDvLU8Kaj,Amonour,2022-07-22 23:08:06,#肖战# 隐约记得还看过一个裸眼3d版,0,0,0
14,4794168540400074,LDvKK1G4O,青岛日报官方微博,2022-07-22 23:05:13,青岛新闻#观海新闻客户端# 【在金沙滩啤酒城，那些让你眼前一亮的惊喜】今年的青岛西海岸金沙滩啤酒城，会有哪些让你眼前一亮的惊喜？7月22日，观海新闻记者走进金沙滩啤酒城，迎面便被园区中心位置的“青岛礼物”裸眼3D播放效果所震撼。美轮美奂的灯组将啤酒城的夜空点亮，令整个园区充满了 ...全文,0,0,1
14,4793609280816736,LDhcI3qta,厦门校园,2022-07-21 10:02:56,#原来年段长是福建特产#厦门校园 福建特产——年段长？ 你知道吗？意不意外，奇怪的知识又增加了 “一直以为全国都有呢”      福建特产 + 1 #福建首个裸眼3D户外电视大屏亮相# 厦门校园的微博视频 ,82,251,979
14,4794166427518553,LDvHkvxUZ,寰宇小帅,2022-07-22 22:56:50,#裸眼3D##视觉艺术# 光影中山路 活力上街里🍻#青岛啤酒节# 好客山东 魅力青岛欢迎您🍻 青岛·百盛中山路店 寰宇小帅的微博视频 ,0,0,1
14,4794164716241633,LDvEzqbJv,樟木蛋蛋,2022-07-22 22:50:01,青岛最大的裸眼3D继昨晚首秀后，今晚再次亮相中山路，吸引了众多市民观看，警察和安保人员也安排了不少。 青岛·第一百盛(中山路店) 樟木蛋蛋的微博视频 ,0,0,2
14,4794119664698576,LDutUjIju,地铁客流及运输研究阿牛,2022-07-22 19:51:01,【#青岛地铁# 夺什么牌？】网友：今日（2022.7.22，周五）19：08分左右，青岛地铁2号线芝泉路—台东区间，间隔4分（P1）；19：12分左右，青岛地铁1号线台东—广饶路区间，间隔约6分（2-3）；中山路看裸眼3D的人（4）。#青岛# ,1,17,59
14,4794151939604832,LDvjXEiEE,wanziye,2022-07-22 21:59:15,我大青岛也有自己的裸眼3D屏幕了虽然有点挤 wanziye的微博视频 ,0,0,1
14,4794150262412428,LDvhga7A8,京海合青,2022-07-22 21:52:36,今晚的中山路火爆了，人多得让我感觉好像上海的外滩，交警和保安护道。最美的就数裸眼3D了，太立体了。 青岛·第一百盛(中山路店) 京海合青的微博视频 ,0,1,5
14,4794149909305509,LDvgGD2MR,肖家霜霜,2022-07-22 21:51:12,@青岛啤酒欢聚时刻 @青岛啤酒 温馨提示下:咱青岛中山路也有裸眼3D屏啦！ 肖家霜霜的微博视频 ,0,0,0
14,4794147490235219,LDvcN0ZbR,408416_,2022-07-22 21:41:35,中山路那个裸眼3d给我丑哭了 我的评价是不如没有 ,0,0,1
15,4794138186486390,LDuXMrdpc,_温柔的海,2022-07-22 21:04:37,青岛中山路百盛，实时转播裸眼3D，简直太棒了👍青岛又一新的网红打卡地诞生🎊🎊🎊拍摄地：青岛中山路百盛 _温柔的海的微博视频 ,0,4,0
15,4794124001349187,LDuAU5EZ5,起名哈哈哈,2022-07-22 20:08:15,#肖战# 请肖战看青岛裸眼3D首秀@X玖少年团肖战DAYTOY，随时欢迎你来玩 #虾 什么事情都想告诉帅哥肖战# 起名哈哈哈的微博视频 ,0,6,0
15,4794122642916511,LDuyIceIv,爱仔米奇,2022-07-22 20:02:51,百盛裸眼3D大屏又一年青岛啤酒节 青岛 ,0,0,3
15,4794121774700859,LDuxjjIUj,阿一五艾喔,2022-07-22 19:59:24,今日PavillionD裸眼 3D效果，有食欲，饿了！ 马来西亚·Pavilion Kuala Lumpur 阿一五艾喔的微博视频 ,0,0,0
15,4794112953553452,LDuj5eUpK,蓝睛-青岛新闻中心,2022-07-22 19:24:21,青岛巨幅裸眼3D大屏点亮百年中山路  蓝睛-青岛新闻中心的微博视频 ,0,0,0
15,4794105555058751,LDu79le0L,晓蕾影视,2022-07-22 18:54:56,陈伟霆3D裸眼大屏 陈伟霆与58同城梦幻联动，传达“选对工作，职场就是秀场”的理念  晓蕾影视的微博视频 ,0,0,0
15,4794105512854820,LDu75bYFu,秀丽影视,2022-07-22 18:54:47,陈伟霆3D裸眼大屏 陈伟霆的裸眼3D大屏亮相重庆，太真实了，仿佛来到身边  秀丽影视的微博视频 ,0,0,0
15,4794104099113059,LDu4NCeIP,蓝睛,2022-07-22 18:49:09,青岛巨幅裸眼3D大屏点亮百年中山路 蓝睛的微博视频 ,0,0,2
15,4794099808865924,LDtXSBcqM,掠夺者Predator,2022-07-22 18:32:07,P-BRO出马，#致胜攻掠#即刻解码——来自动物世界的灵感，往往令人震撼！掠夺者受“夜行者”猫头鹰几乎静音的飞行启发，大幅改进AeroBlade™ 金属风扇的优化，并应用于全新掠夺者战斧300超感空间裸眼3D版电竞本，让你免受噪音打扰，在竞技的战场上尽情遨游！转发说说关于猫头鹰你所了解的冷知识，P-BR ...全文,9,5,5
16,4793663371346277,LDiBX5Ee9,桃山不开山茶花,2022-07-21 13:37:51,风调禹顺还有九天，就是Me You舞台的一周年啦浅试一下【裸眼3D / 现场混响 / 环绕音】一起走出迷宫，一起创作更多作品叭！ 🐶网页链接 桃山不开山茶花的微博视频 ,2,3,63
16,4794043885950291,LDsvGoXWr,知音云上,2022-07-22 14:49:54,青岛发布首个城市虚拟智能数字人IP“青岛小嫚”7月21日，青岛城市推荐官数字人“青岛小嫚”正式上线。“青岛小嫚”是由青岛市人民政府新闻办公室指导、山东金东数字创意股份有限公司精心打造，是青岛首个城市虚拟智能数字人IP。7月21日晚，她以市南文旅宣传大使身份，首次出现在中山路百盛户外裸眼3D ...全文,0,0,0
16,4794036379190877,LDsjzCyXX,Mewi,2022-07-22 14:20:04,裸眼3D#青岛# Mewi的微博视频 ,0,2,0
16,4794034617320709,LDsgJuIrX,Catlyn许,2022-07-22 14:13:04,裸眼3D广告相较于传统的平面广告宣传，具有更加直观详实、信息丰富，不依靠眼镜、头盔等辅助工具就可以看到逼真的立体影像，具有新奇便捷、震撼力大、画面感强等优点，同时摆脱3D眼镜束缚轻松实现立体形象。#虫魔院##六子台科技##3D动画# ,0,0,0
16,4794022273487406,LDrWPeDeu,没有一堵白墙是无辜的,2022-07-22 13:24:01,#裸眼3D#艾特你最最最最重要的人来看，萌翻了！ 没有一堵白墙是无辜的的微博视频 ,0,0,0
16,4793958632524156,LDqibaAEc,机械科技,2022-07-22 09:11:08,青岛中山路裸眼3D大屏 #户外广告##互动装置# 机械科技的微博视频 ,7,8,19
16,4794010944409058,LDrEyiuZQ,半岛网,2022-07-22 12:39:00,【半岛V视 | 上街里，看裸眼3D！中山路上点亮“北方最大”大屏，那效果，太震撼！】网页链接 ,1,0,0
16,4794008964700032,LDrBmjIGY,LLucky-,2022-07-22 12:31:08,中山路那边有裸眼3D了 还有你喜欢的宇航员艾特你陪你 陪我 一起去看只是我没有那个资格了上班的第三天很想你呀 ,0,0,0
16,4793995844128085,LDrgchjU1,半岛网,2022-07-22 11:39:00,【裸眼3D、无人机表演、国潮市集……22日17：00，啤酒节崂山区会场嗨起来】7月22日，第32届青岛国际啤酒节将拉开帷幕，啤酒节崂山区会场，给大家准备了线下线上的精彩。线下活动，17：00-22：30，崂山世纪广场啤酒城开城入园，19：00-19：30开幕式。当晚有裸眼3D展示、“山东手造．崂山好品“国潮市 ...全文,0,0,1
16,4793987975875578,LDr3voEvo,又见happy,2022-07-22 11:07:44,#青岛##青岛裸眼3d# 中山路打卡 ,0,1,2
17,4793609863563732,LDhdEeX5y,青岛微生活,2022-07-21 10:05:15,【#青岛城市推荐官数字人青岛小嫚来了#】今天，青岛城市推荐官数字人“青岛小嫚”正式上线，是青岛首个城市虚拟智能数字人IP。7月21日晚，她将以市南文旅宣传大使身份，首次出现在中山路百盛户外裸眼3D大屏中，与青岛市民线下见面。据了解，青岛小嫚来自未来，永远22岁，她不仅精通各国语言 ...全文,31,29,94
17,4793979491847606,LDqPP7KE6,笑点安利社,2022-07-22 10:34:01,#这就是艺术的无限可能吧# 奥地利的艺术家 Thomas Medicus，利用玻璃和视觉错觉创造由144条玻璃带组成的立方体玻璃雕塑，每转一圈就可以看到一幅隐藏的画面，给人一种裸眼3D的感觉。 笑点安利社的微博视频 ,0,0,0
17,4793969252504179,LDqzjavrZ,好房虎纠,2022-07-22 09:53:20,#福州买房#【数字冬奥技术今日亮相数博会】北京冬奥会是数字技术的集大成者，人工智能、虚拟现实、5G、8K、裸眼3D等一系列数字技术，为精彩赛事以及场馆的运行提供了保障，全方位展示了数字经济技术成果。记者11日从市商务局获悉，数字冬奥技术今日亮相第二届数博会。网页链接 ,0,0,0
17,4793966270615589,LDquv2A8R,青岛人青岛事儿,2022-07-22 09:41:29,#青岛身边事# 【#青岛中山路巨幅裸眼3D大屏正式点亮# ！现场震撼画面来啦】7月22日，市南区将迎来首届“#上街里啤酒节# ”，为了进一步打造中山路商圈的时尚氛围，提升青岛历史城区的夜间亮化景观，“青岛上街里·光影中山路”百盛楼体的巨幅裸眼3D项目于7月21日晚正式点亮。全新的裸眼3D将为中山路披上 ...全文,0,1,0
17,4793678264010467,LDiZYgPiX,方成说进口车,2022-07-21 14:37:03,如果说你现在买一台车能让车商全家都高兴。那必须是S500现在平行车商手里的“大怨种”我觉得像22款四驱长轴版带AmG运动包围➕3D科技包实景穿越抬显 裸眼3D仪表台 这样的130多万还是挺超值的每天一台进口车 天津·中国(天津)自由贸易试验区 ,10,36,45
17,4793706211445833,LDjJ3647T,海贼王菌,2022-07-21 16:28:06,#海贼王# 立体感很强，裸眼3D。 ,6,2,39
17,4793685805368244,LDjc8mwwA,晋城通,2022-07-21 15:07:01,#晋城随拍#网友投稿：震撼！圣亚裸眼3D终于更新了~ 晋城通的微博视频 ,4,16,44
18,4793797295475321,LDm5XmYnD,半岛都市报,2022-07-21 22:30:02,【震撼！#青岛巨幅裸眼3D大屏今晚正式点亮#】7月21日，青岛上街里·光影中山路巨幅裸眼3D大屏今晚正式点亮！ 半岛都市报的微博视频 ,1,1,14
18,4793849724010512,LDnswgPjG,狐机堂说,2022-07-22 01:58:21,据说#青岛# 中山路裸眼3D大屏亮了，要找时间去看看了 青岛·青岛老宅中山路劈柴院教堂栈桥老德国建公寓(3号店) 狐机堂说的微博视频 ,0,1,3
18,4793843671632019,LDniL6QyT,筠筠·LAYISSING1007,2022-07-22 01:34:19,搞一发裸眼3D的mask给自己解解馋平行眼3D观看教程： 1.用手当隔板（也可以找一个东西当隔板）垂直放置于屏幕中间，左眼看左图，右眼看右图2.眼睛继续保持失焦状态  慢慢远离屏幕  慢慢地两个画面渐渐模糊成了同一个画面  如果出现三个画面 继续盯着中间的那个画面3.根据自身情况调节手机和眼睛的距 ...全文,0,0,0
18,4793428858115030,LDcvHy35A,饭拍娃娃4K,2022-07-20 22:06:00,gidle组合#gidle宝藏女团##宝藏二创榜#   感觉更真了，4K黑框版裸眼3D CHOOM (G)I-DLE TOMBOY 饭拍娃娃4K的微博视频 ,8,10,90
18,4793837694747599,LDn97jV4b,上班不快乐的L,2022-07-22 01:10:34,人家的裸眼3D大屏 又酷又炫青岛的裸眼3D大屏 又土又丑真是浪费一块屏啊 ,0,0,2
18,4793837253822659,LDn8pg2rN,曼青-ll,2022-07-22 01:08:49,陈伟霆酷炫现身重庆观音桥裸眼3D大屏，粉丝疯狂打call，惊喜连连！陈伟霆3D裸眼大屏#娱乐综艺##娱乐综合##明星日常#  曼青-ll的微博视频 ,0,0,0
18,4793668353919088,LDiJZgrx6,残余在眼眸任其凋零-,2022-07-21 13:57:39,Qeelin：重庆观音桥亚洲第一裸眼3D巨屏，刘诗诗每一轮都要🈶️，白天夜晚大屏排面真的绝数不清第几次了#qeelin品牌代言人刘诗诗# 残余在眼眸任其凋零-的微博视频 ,23,41,460
18,4793761908134887,LDlaSy8fR,青岛市文化和旅游局,2022-07-21 20:09:25,#青旅漫游 放肆生活##倾倒一夏# 就在刚刚！青岛中山路裸眼3D大屏亮了@在青岛  在青岛的微博视频 ,4,4,17
19,4793805276708955,LDmiPs9iX,77Aallzzwell,2022-07-21 23:01:44,夜晚出发～～不仅看到森林里漫天的萤火虫还看到了森林的一个主题雕塑展～有自然与雕塑融为一体的感jio了～来自森林里的裸眼3D真的超棒！最后……烧烤打个底…… ,0,4,2
19,4793612703892881,LDhiegkIp,合肥天幕-先明,2022-07-21 10:16:32,步行街又火了，你们的小舞来啦！#合肥裸眼3d大屏##合肥地标##合肥天幕##斗罗大陆##小舞# 合肥天幕-先明的微博视频 ,41,87,325
19,4793801900034318,LDmdo08Vw,青岛晚报,2022-07-21 22:48:20,【 最具#青岛#特色、最具视觉冲击力的3D大屏网红打卡地来了】百盛大厦#裸眼3D大屏#今晚正式启用，总面积1400平方米，是目前中国北方最大的3D大屏。观海新闻 青岛晚报 记者 张琰 徐常青 实习生 赵彬涵 青岛晚报的微博视频 ,1,0,5
19,4793799471009665,LDm9t4eEV,掌上青岛,2022-07-21 22:38:41,【视频】【“巨好看”中山路裸眼3D大屏今晚正式点亮】@大瑶瑶 摄 【视频】“巨好看”中山路裸眼3D大屏今晚正式点亮 ,0,0,0
19,4793795957232401,LDm3NultD,大魔王dragon-Yi,2022-07-21 22:24:43,斩斧gp激光糊脸的时候，突然好怀念裸眼3d。 大魔王dragon-Yi的微博视频 ,0,1,1
20,4793638544478565,LDhXUiN4V,青岛市文化和旅游局,2022-07-21 11:59:13,#青旅漫游 放肆生活# 【#青岛城市推荐官数字人青岛小嫚来了# 】#青岛·城事# 今天，青岛城市推荐官数字人“青岛小嫚”正式上线，是青岛首个城市虚拟智能数字人IP。7月21日晚，她将以市南文旅宣传大使身份，首次出现在中山路百盛户外裸眼3D大屏中，与青岛市民线下见面。据了解，青岛小嫚来自未来，永远 ...全文,1,3,4
20,4793634237188921,LDhQXuaal,青岛新闻网,2022-07-21 11:42:06,【青岛城市推荐官！数字人“青岛小嫚”，来了】今天，青岛城市推荐官数字人“青岛小嫚”正式上线。“青岛小嫚”是由青岛市人民政府新闻办公室指导、山东金东数字创意股份有限公司精心打造，是青岛首个城市虚拟智能数字人IP。7月21日晚，她将以市南文旅宣传大使身份，首次出现在中山路百盛户外裸眼3D大 ...全文,0,0,1
20,4793633151125432,LDhPd4IM8,烟雨迷路的情,2022-07-21 11:37:47,不同国家的裸眼3D，美国恐怖，中国完虐日本和其他国家！ 烟雨迷路的情的微博视频 ,1,0,8
20,4793608857195639,LDhc1ubUH,大众网青岛,2022-07-21 10:01:15,青岛城市推荐官数字人“青岛小嫚”来了！这是青岛首个城市虚拟智能数字人IP！7月21日晚，中山路百盛户外裸眼3D大屏中见！#青岛#智能数字人#科技#裸眼#永远22岁青岛城市推荐官数字人“青岛小嫚”今日正式发布  大众网青岛的微博视频 ,0,1,2
20,4793607041320908,LDh965xCY,铜仁发布,2022-07-21 09:54:02,【暑假，就来这里拥抱“星辰大海”】#且看铜仁夏日盛景# 正值暑假，位于中南门历史文化旅游区内的“梵净星空艺术馆”格外火爆。走进艺术馆，以“梵净山星”为文化元素的文化墙、展示区格外显目。据了解，馆内设有天文科普展陈、梵高星空艺术、航天太空体验、720°沉浸空间、裸眼3D剧场等。游客来到这 ...全文,0,1,0
20,4793601495664424,LDh09nLzG,青岛发布,2022-07-21 09:32:00,【青岛中山路巨幅裸眼3D大屏今晚点亮】#青岛·城事# 日前，备受期待的青岛中山路巨幅裸眼3D大屏已经正式安装完毕，并于近期开启了室外大屏的调试工作。“青岛上街里·光影中山路”项目将于7月21日晚正式点亮。（青岛日报公众号） ,3,0,4
20,4793237182874388,LD7wyc3L6,福州头条,2022-07-20 09:24:21,【#福建首个裸眼3D户外电视大屏亮相#】榕树下掩映的南后街牌坊、水中畅游的金鱼、溅起的水花似乎要夺屏而出……19日晚，福建省首个8K超高清裸眼3D户外电视大屏在福州东街口首次亮相，吸引了大量市民驻足观赏，在街头感受数字技术带来的全新体验，也让市民对即将到来的第五届数字中国建设峰会充满期待。 ...全文,13,112,937
20,4793578692280951,LDgpn9znx,8090kk,2022-07-21 08:01:23,《南平“裸眼3D”稻田彩绘 打造山水田园画廊》南平“裸眼3D”稻田彩绘 打造山水田园画廊网页链接 ,0,0,0
20,4793444671160345,LDcVd4RRf,今天亲到迪尤了吗,2022-07-20 23:08:49,我以为是为了营造裸眼3d，其实他就是坏了 ,0,0,0
20,4793428729402506,LDcvuDs1k,用户6582585646,2022-07-20 22:05:29,万达影城这就是你放的3D电影？真是棒棒，画质真清楚，戴不戴眼镜效果都一样，裸眼“3D”是吧 用户6582585646的微博视频 ,0,0,0
21,4793679594916401,LDj27kCYN,乌鲁木齐校园,2022-07-21 14:42:20,#原来年段长是福建特产##小乌微分享#  福建特产——年段长？ 你知道吗？意不意外，奇怪的知识又增加了 “一直以为全国都有呢”      福建特产 + 1 #福建首个裸眼3D户外电视大屏亮相# 厦门校园的微博视频 @厦门校园 ,0,0,1
21,4793675843897375,LDiW4glST,长春校园,2022-07-21 14:27:26,#原来年段长是福建特产#长春校园 福建特产——年段长？ 你知道吗？意不意外，奇怪的知识又增加了 “一直以为全国都有呢”      福建特产 + 1 （🎥 via.郑即福人矣）#福建首个裸眼3D户外电视大屏亮相# 厦门校园的微博视频 ,0,1,0
21,4793670199674925,LDiMXEATb,福州同城会,2022-07-21 14:05:00,#数字福州#【全省首个裸眼3D户外电视大屏亮相东街口】19日，我省首个8K超高清裸眼3D户外电视大屏在东街口首次亮相，吸引了大量市民驻足观赏。该大屏面积达650平方米，创新采用国内最先进的3D+8K户外大屏播放技术，大屏转角处采用的是曲面平滑技术，以达到无缝衔接的裸眼3D效果。全省首个裸眼3D户外电视大屏亮相东街口 ,0,0,0
21,4791855046722437,LCxziscOp,蔡大爷的西瓜,2022-07-16 13:52:14,#蔡徐坤把气球扎在耳朵后面# ｜#戴比尔斯蔡徐坤裸眼3d# “日落之前 拥抱我”@蔡徐坤 ,5,335,35
21,4793615841234358,LDhni5b70,青岛发布,2022-07-21 10:29:00,【#青岛城市推荐官数字人青岛小嫚来了# 】#青岛·城事# 今天，青岛城市推荐官数字人“青岛小嫚”正式上线，是青岛首个城市虚拟智能数字人IP。7月21日晚，她将以市南文旅宣传大使身份，首次出现在中山路百盛户外裸眼3D大屏中，与青岛市民线下见面。据了解，青岛小嫚来自未来，永远22岁，她不仅精通各国 ...全文,8,1,9
22,4793423586918801,LDcnct1Tz,猎奇怪宝宝,2022-07-20 21:45:02,这个设计师好厉害，裸眼3d移动雕塑 言軍的微博视频 网页链接 ,0,0,0
22,4793421271927103,LDcjt85kj,LOVER-TRACER,2022-07-20 21:35:51,#沉香如屑 特效# 会不会是……裸眼3D？佛系欣赏娱乐圈…… ,0,1,2
22,4793405295040302,LDbTHl9dc,泉州气象,2022-07-20 20:32:22,#福建首个裸眼3D户外电视大屏亮相#  19日晚，福建省首个8K超高清裸眼3D户外电视大屏在福州东街口首次亮相，吸引了大量市民驻足观赏，在街头感受数字技术带来的全新体验，也让市民对即将到来的第五届数字中国建设峰会充满期待。#第五届数字中国峰会# （来源：福州日报）  ,0,2,6
22,4793395358732314,LDbDFADFM,交通银行,2022-07-20 19:52:53,#跟着交行逛消博# #交行速报# 【消博会倒计时第5天】 数智交行，慧享消博！还有5天@中国国际消费品博览会 就要开始啦！悄悄告诉你，交行为大家准备了很多惊喜哦~谁让我们是#中国消博会#全球战略合作伙伴呢~落地的裸眼3D大屏见过嘛？安排！“姣姣”与消博会“产业猿”同台 ...全文,20,1,24
23,4793356029004481,LDaCeBMtz,明月我家,2022-07-20 17:16:36,福建省首个裸眼3D户外电视大屏亮相东街口　榕树下掩映的南后街牌坊、水中畅游的金鱼、溅起的水花似乎要夺屏而出……19日晚，福建省首个8K超高清裸眼3D户外电视大屏在东街口首次亮相，吸引了大量市民驻足观赏，在街头感受数字技术带来的全新体验，也让市民对即将到来的第五届数字中国建设峰会充满期待 ...全文,0,0,1
23,4793254341514467,LD7Ye6lYT,微天下,2022-07-20 10:32:32,《生化危机》舔食者亮相纽约裸眼3D户外大屏！效果还是蛮震撼的 微天下的微博视频 ,19,24,103
23,4793333232176653,LDa1t98fj,福州头条,2022-07-20 15:46:01,#福建首个裸眼3D户外电视大屏亮相#  19日晚，福建省首个8K超高清裸眼3D户外电视大屏在福州东街口首次亮相，吸引了大量市民驻足观赏，在街头感受数字技术带来的全新体验，也让市民对即将到来的第五届数字中国建设峰会充满期待。#第五届数字中国峰会# （来源：福州日报）  网页链接 ,0,0,138
23,4793322629764795,LD9KmEYgH,深圳大股侠,2022-07-20 15:03:53,"600692,亚通股份,  裸眼3D汽车零部件HUD技术突破正式进入车载辅助驾驶HUD领域，有些显示和车载领域技术前景广阔伟时-电子亚通股份：融资净买入57.9万元，融资余额1.79亿元（07-12）每亇人的言语都代表着自己的思想，性格，及目的！和亇人的整个经历，而且基本上很难改看不懂 ",0,0,1
23,4793319307349330,LD9F0uPTA,深圳大股侠,2022-07-20 14:50:41,"603888,新华网,  裸眼3D技术终获突破，正式获批进入日常生活场景，业绩爆发在即，超级大黑马伟时-电子，汽车HUD迭代更新产品成熟，天天砸跌停！新华网07月12日被沪股通减持10.55万股新华网：融资净偿还50.27万元，融资余额2.73亿元（07-12） ",0,0,1
23,4793292191172404,LD8Xh4UZK,蓝色玩纸,2022-07-20 13:02:56,我昨晚做了个梦，很久没做这么清晰又奇怪的梦了。梦里我去一个裸眼3D+鬼屋+罗浮宫风格的室内游乐园玩。那里很大，简直就一大商场，地上地下好几层的那种，外面看上去还金碧辉煌。我向门口的售票员买票，对方要我抽卡。票价都是统一的，但买就要抽卡，看看抽到的是全票半票还是参观票。我面无表情地抽 ...全文,0,0,0
23,4793288408173323,LD8RayifN,如果可以也请你这样想起我,2022-07-20 12:47:54,裸眼3D～修鸟修鸟～ 如果可以也请你这样想起我的微博视频 ,0,0,2
23,4793264212020103,LD8e98twj,虎马传媒官博,2022-07-20 11:11:45,静静的听一听车流声，感受喧嚣与温暖#led显示屏##裸眼3d# 虎马传媒官博的微博视频 ,0,0,0
23,4793262117750243,LD8aLwwbV,仰卧撑运动园,2022-07-20 11:03:26,裸眼3D？登贝莱今天热身赛上这脚射门距离进球差之毫厘，他的状态越来越好了。 ,0,0,3
23,4793254347014796,LD7YetqRS,新浪资讯台,2022-07-20 10:32:33,《生化危机》舔食者亮相纽约裸眼3D户外大屏！效果还是蛮震撼的 微天下的微博视频 ,2,1,7
24,4793252877701544,LD7VRwjws,福州晚报,2022-07-20 10:26:43,#文明福州#【数字峰会，裸眼3D宣传片亮相东街口】 昨晚，数字中国建设峰会裸眼3D宣传片亮相东街口电信大楼户外屏。（福州晚报）数字峰会　裸眼3D宣传片亮相东街口 ,0,0,1
24,4793252853056948,LD7VPcPfC,深圳大股侠,2022-07-20 10:26:37,"002283,天润工业,  天润工业07月12日获深股通增持30万股跌啥跌吖，利空出尽，这不还有利润嘛，又不是亏损了，人家造轮胎的亏损了，不也一直在汽车辅助HUD平视驾驶零部件新成员，裸眼3D空中成像车载显示超级伟时-电子前景，更上一层楼虚拟现实突破，利用利空打压，买。 ",0,0,1
24,4793252535079862,LD7Vjljvg,浮见青岛,2022-07-20 10:25:21,#青岛生活# 【#青岛夏天# 中山路巨幅裸眼3D安装完毕！预计周四晚点亮 扮靓上街里啤酒节】🍺日前，备受期待的青岛中山路巨幅裸眼3D大屏已经正式安装完毕，并于近期开启了室外大屏的调试工作。据介绍，中山路的这个巨幅裸眼3D大屏将于7月21日，本周四19：13正式点亮中山路。 ,0,0,0
24,4793246191978513,LD7L58iHv,深圳大股侠,2022-07-20 10:00:09,"603035,常熟汽饰,  周二区间可能这样：15.37一16.26左右。裸眼3D汽车零部件HUD技术突破正式进入车载辅助驾驶HUD领域，有些显示和车载领域技术前景广阔伟时-电子39到的，没有爆炒过，上面没套，可以尽情发射，炒股炒的是数字游戏，跟做什么，业绩20的本怎么回本 ",0,0,2
24,4793242765230882,LD7FylWN4,福州日报,2022-07-20 09:46:31,#福州早报# 福州早报，带你速览这些新鲜事！【今日关注】▼第二届数博会设七大展区 超万名采购商将与会参观【福州头条】▼林宝金会见我市全国公安系统英雄模范立功集体和个人代表▼有福之州 “数”治有道▼全省首个裸眼3D户外电视大屏亮相东街口▼8月1日起，福州市城乡居民医保生育住院报销调整！ ...全文,0,0,0
24,4793242191922117,LD7ED841T,在青岛,2022-07-20 09:44:15,备受期待的青岛中山路巨幅裸眼3D大屏已经正式安装完毕，将于7月21日19:13正式点亮中山路 。#青岛生活##青岛身边事# 青岛 ,2,1,2
24,4793236540885702,LD7vw3Ipw,新浪福建,2022-07-20 09:21:48,【#福建首个裸眼3D户外电视大屏亮相#】榕树下掩映的南后街牌坊、水中畅游的金鱼、溅起的水花似乎要夺屏而出……19日晚，福建省首个8K超高清裸眼3D户外电视大屏在福州东街口首次亮相，吸引了大量市民驻足观赏，在街头感受数字技术带来的全新体验，也让市民对即将到来的第五届数字中国建设峰会充满期待。 ...全文,0,3,6
24,4793230594674168,LD7lVjBXO,福建日报,2022-07-20 08:58:10,2分钟闽式新闻早点（7月20日）：【判令返还！章公祖师肉身坐佛像追索案二审宣判】【全省先进！35个集体、64名个人】【福建首个裸眼3D户外电视大屏亮相福州】【福建对中小微企业实施阶段性缓缴职工医保单位缴费】 2分钟闽式新闻早点（7月20日） ,0,0,1
24,4793219302559294,LD73IaJMW,娱乐杰克,2022-07-20 08:13:18,#王一博# 分身空降成都春熙路，与现场粉丝零距离接触，场面太震撼了～#娱乐影像力# 娱乐杰克的微博视频 ,0,4,2
25,4793208876565112,LD6MTrxSU,IKUN·天使沁,2022-07-20 07:31:52,#戴比尔斯品牌代言人蔡徐坤# 这个裸眼3D也太牛了感觉坤坤就在眼前 好帅@蔡徐坤 #戴比尔斯蔡徐坤裸眼3d# 🦋 IKUN·天使沁的微博视频 ,6,255,16
25,4792913986326903,LCZ7gqxUP,新浪游戏,2022-07-19 12:00:05,《#生化危机#》「舔食者」亮相纽约裸眼3D户外大屏！ 新浪游戏的微博视频 ,16,11,56
25,4793204929462753,LD6GwDHH3,几多愁先生,2022-07-20 07:16:11,裸眼3d投影，也太厉害了。。  几多愁先生的微博视频 ,0,0,3
25,4793135345696791,LD4SinTZJ,国际日报-社长,2022-07-20 02:39:40,备受期待的青岛中山路巨幅裸眼3D大屏已经正式安装完毕，这个巨幅裸眼3D大屏将于7月21日，本周四19：13正式点亮中山路。#青岛 ,0,0,0
25,4793126546047798,LD4E6pnj8,深圳大股侠,2022-07-20 02:04:43,"300609,汇纳科技,  汇纳科技：公司数字哨兵产品首批被纳入上海市《“数字哨兵”设备及服务商名录》虚拟现实空中成像3D裸眼突破，元宇宙游戏新科技可期车载显示，市场即将爆启，伟时电子大黑马超级前景，董秘您好，公司是否有机器人相关的应用和研发技术？每天做t吧，昨天降了一毛，今天降了三毛，坚 ...全文",1,0,2
25,4793095788693455,LD3QuAtz1,新天地的小窝,2022-07-20 00:02:30,走进博物馆 #我们都爱博物馆#潼关交通博物馆---位于陕西省渭南市潼关县秦东镇古渡坊景区，占地面积约1500平方米，是一座集收藏、研究、展示、宣教、科普于一体的交通主题博物馆。博物馆分四个主题展厅，将实物展陈和裸眼3D投影技术、VR实景体验等新技术相结合，展示潼关交通由古至今的发展与变 ...全文,1,4,2
25,4792578070023547,LCQnt067N,栗小包CiViC,2022-07-18 13:45:16,赵今麦#赵今麦# 开端 赵今麦 李诗情  裸眼3d （不是在等少年派的时候 再看亿遍李诗情 🎞 @赵今麦angel 色链感谢 方知浔   歌词排版感谢 聒噪的兔子勿 二传二改 栗小包CiViC的微博视频 ,14,53,157
25,4793064525402656,LD324mFtC,青岛市文化和旅游局,2022-07-19 21:58:16,#青旅漫游 放肆生活# 【#倾倒一夏# 中山路巨幅裸眼3D安装完毕！预计周四晚点亮 扮靓上街里啤酒节】日前，备受期待的青岛中山路巨幅裸眼3D大屏已经正式安装完毕，并于近期开启了室外大屏的调试工作。据介绍，中山路的这个巨幅裸眼3D大屏将于7月21日，本周四19：13正式点亮中山路。via：@青岛新闻网 ,1,4,7
25,4793051711016044,LD2Hp4gjO,转圈不迷糊,2022-07-19 21:07:21,第32届#青岛国际啤酒节#  于7月22日如约而至！！开幕式以“线上”方式举办，创新策划“云上啤酒节”直播、云上商贸板块活动，期间金沙滩啤酒城常态化运营，城内的啤酒美食、文化休闲、运动游乐等业态正常对外营业，并在园区重要点位设置“青岛礼物”裸眼3D装置、彩灯和灯光艺术装置等。 ,2,1,2
25,4793001726967878,LD1oMteF8,青海日报,2022-07-19 17:48:43,【青海生态馆展览展示创新升级】记者从省工业和信息化厅获悉，青海生态馆（B馆）展览展示从策展逻辑、展览形式、展示内容、互动融合等方面进行了创新升级。青海生态馆将运用叙事手法、全息成像、裸眼3D等新技术，全方位、立体式展示我省抢抓发展机遇，推动传统产业改造升级、培育发展战略性新兴产业 ...全文,0,0,0
26,4792983637987212,LD0VBxvQ0,深圳大股侠,2022-07-19 16:36:51,"000903,云内动力,  4.15的我还能说什么裸眼3D汽车零部件HUD技术突破正式进入车载辅助驾驶HUD领域，有些显示和车载领域技术前景广阔伟时-电子当我高点追进的时候，云内动力的反弹戛然而止！再等三个月到半年？ ",1,0,1
26,4792974376175057,LD0GFpUpH,青岛新闻网,2022-07-19 16:00:03,【中山路巨幅裸眼3D安装完毕！预计周四晚点亮 扮靓上街里啤酒节】日前，备受期待的青岛中山路巨幅裸眼3D大屏已经正式安装完毕，并于近期开启了室外大屏的调试工作。据介绍，中山路的这个巨幅裸眼3D大屏将于7月21日，本周四19：13正式点亮中山路。中山路巨幅裸眼3D安装完毕！预计周四晚点亮 扮靓上街里啤酒节 ,0,1,2
26,4792974062653077,LD0Gab8bz,鄧紫棋家的2菇凉,2022-07-19 15:58:48,球幕影院裸眼3D科技馆#vr科普# 航天航空产品5D影院#vr[超话]# vr设备过山车主题馆景 ,0,0,0
26,4792447178375369,LCMYlz8OB,西班牙酱子姐,2022-07-18 05:05:09,伦敦 uk | 蒂芙尼Tiffany珠宝 裸眼👁3D广告，出圈了。#给视频加buff# #夏日视界# #亿点曝光计划#  西班牙酱子姐的微博视频 ,6,3,44
26,4792919959536571,LCZgTE0TF,游卡哥,2022-07-19 12:23:49,《#生化危机#》「舔食者」亮相纽约裸眼3D户外大屏！  游卡哥的微博视频 ,2,1,15
26,4792944173778839,LCZTXfR31,游戏推荐君,2022-07-19 14:00:02,网飞为了宣传新剧生化危机 「舔食者」亮相纽约裸眼3D户外大屏！   游戏推荐君的微博视频 ,0,0,0
26,4792943079064495,LCZSbC25x,游扒君,2022-07-19 13:55:41,网飞为了宣传新剧生化危机 「舔食者」亮相纽约裸眼3D户外大屏！游卡哥的微博视频 ,1,0,4
26,4792943078542579,LCZSbzQjx,游戏头条君,2022-07-19 13:55:41,网飞为了宣传新剧生化危机 「舔食者」亮相纽约裸眼3D户外大屏！游卡哥的微博视频 ,1,0,0
26,4792943078018197,LCZSbxDTL,微博玩家,2022-07-19 13:55:41,网飞为了宣传新剧生化危机 「舔食者」亮相纽约裸眼3D户外大屏！游卡哥的微博视频 ,0,0,0
26,4792932265101602,LCZAKlp9U,冬沛影视推荐,2022-07-19 13:12:43,故宫文物的纹样有多美 看乾隆居所，和文物互动，还可以拍美美的古风照，快来深圳看故宫最大裸眼3D展吧！  冬沛影视推荐的微博视频 ,0,0,0
27,4792927454759094,LCZsZjY3A,大邱小脑斧199608,2022-07-19 12:53:36,蔡徐坤#蔡徐坤##爱的新生##蔡徐坤prada代言人##戴比尔斯蔡徐坤裸眼3d# 蔡徐坤哈密哈密 ,0,0,0
27,4792923281950719,LCZmg8btd,幽默伯爵,2022-07-19 12:37:01,裸眼3D图DIY，看呆了，给大佬跪了！#夏日解忧放映会##超能新星汇# 幽默伯爵的微博视频 ,0,0,0
27,4792913311303296,LCZ6b5t2U,隔岸看美女S,2022-07-19 11:57:24,潮戏曲赞助商招募：由中国戏剧家协会，江苏省委宣传部牵头指导。泰州市委宣传部，泰州文旅集团等主办。地点在泰州市金融广场，为期六天，有高达1600平方的户外裸眼3D全息屏给企业宣传，有意者私聊。 ,0,0,0
27,4792905811886282,LCYU57UHU,夏夜萤火虫99140,2022-07-19 11:27:35,#爱的新生#cxk#戴比尔斯蔡徐坤裸眼3D# 太喜欢了 ,0,0,0
27,4792905544237338,LCYTEhMka,夏夜萤火虫99140,2022-07-19 11:26:31,#爱的新生#cxk#戴比尔斯蔡徐坤裸眼3D#  ,0,0,0
27,4792874719252184,LCY5VCOUM,长春微视点,2022-07-19 09:24:03,#裸眼3d# 告诉我，这张图里有什么？ 长春 ,2,25,20
27,4792890796540163,LCYvRrrov,阜阳大剧院,2022-07-19 10:27:55,全息裸眼3D音乐剧《爱丽丝梦游仙境》中文版#阜阳##阜阳大剧院# 震撼来袭！加拿大原版引进！世界巡演超千场！#阜阳身边事##阜阳吃喝玩乐# 阜阳大剧院的微博视频 ,0,1,0
27,4792876372332528,LCY8B9MNq,西海都市报官方微博,2022-07-19 09:30:37,#青洽会# 【青海生态馆展览展示创新升级】记者从省工业和信息化厅获悉，青海生态馆（B馆）展览展示从策展逻辑、展览形式、展示内容、互动融合等方面进行了创新升级。青海生态馆将运用叙事手法、全息成像、裸眼3D等新技术，全方位、立体式展示我省抢抓发展机遇，推动传统产业改造升级、培育发展战略性 ...全文,0,0,0
27,4792293090922741,LCIXP3S2V,蒜辣蒜辣在剥蒜,2022-07-17 18:52:52,浅搞一段裸眼3D和环绕音质的无感（双声道，音乐要带耳机才能听到效果哦！笨人技术有限，咱就是…浅浅3D一下吧家人们谁懂、、我真的会爱死博哥的这段dance break和结尾游刃有余的走步！狠狠梦回717了！王博yyds🥵💦  蒜辣蒜辣在剥蒜的微博视频 ,519,155,1598
28,4792823637082450,LCWLxtIt4,8090kk,2022-07-19 06:01:04,《新宿裸眼3D大屏里的三花猫迎来了入住一周年，官方公开了一段纪念影像“全新的房间”。》新宿裸眼3D大屏里的三花猫迎来了入住一周年，官方公开了一段纪念影像“全新的房间”。网页链接 ,0,0,0
28,4792804163453037,LCWg8eui9,深圳大股侠,2022-07-19 04:43:41,"002048,宁波华翔,  请问，贵公司目前生产经营情况及订单情况，是否已恢复到疫情前水平？关灯吃面汽车零部件新成员平视驾驶辅助HUD，超级伟时-电子前景，裸眼3D空中成像车载显示更上一层楼虚拟现实突破，呼吁各位别在群里发关于四割的任何消息了，一发贴四割养的一群dog就来乱吠。亏钱被 ",1,0,2
28,4792794192806005,LCW03bLY9,深圳大股侠,2022-07-19 04:04:04,"000050,深天马Ａ,  裸眼3D技术突破正式进入车载辅助驾驶HUD领域，车载和游戏显示领域前景广阔，超级大黑马伟时电子，周线都在往下跳了[捂脸][捂脸][捂脸][捂脸]机会！[得意] ",0,0,0
28,4792746826795705,LCULEsvS9,深圳大股侠,2022-07-19 00:55:51,"600742,一汽富维,  二或脸都不要了，跟你耗！！跌下去才有大涨的机会死鸡狗庄家们！富维10.86增发，净资9.94。鸡狗（机构）犸脑袋装水啦！裸眼3D汽车零部件HUD技术突破正式进入车载辅助驾驶HUD领域，有些显示和车载领域技术前景广阔伟时-电子 ",0,0,0
28,4792738597832649,LCUynwRD3,饭拍娃娃4K,2022-07-19 00:23:09,aespa#aespa##宝藏二创榜# 4K黑场版裸眼3D现场， 220716 CHOOM aespa GIRLS 饭拍娃娃4K的微博视频 ,3,0,12
28,4792728762189259,LCUiw9bwD,嘉福居,2022-07-18 23:44:03,超炫的裸眼3D太空人 嘉福居的微博视频 ,0,0,0
28,4792727717283128,LCUgPuyFO,深圳大股侠,2022-07-18 23:39:55,"000901,航天科技,  朋友们，再见了，这个世界终于要回到8.50左右了。是机会还是股灾。子公司是以美元计价还是欧元？汽车零部件裸眼3D技术突破正式进入车载辅助驾驶HUD领域，车载和游戏显示领域技术前景广阔，大黑马伟时-电子， ",0,0,0
28,4792718503709980,LCU1Yfz8o,蓉er__RONG,2022-07-18 23:03:18,去了好久没去的步行街  吃了心心念念的烤冷面 从东头走到西头才找到所谓的裸眼3D（只有鱼🐟 和龙🐉 两个画面）   累并快乐着 石家庄 ,0,1,1
28,4792716955484854,LCTZtn0Ro,莲花洋书童,2022-07-18 22:57:08,舟山·普陀山风景名胜区 我的评分：#海上花园•幸福东港# 《观世音》运用裸眼3D屏幕，4D效果，以及许多现代高科技手段，使全剧自始至终沉浸在祥和、圣洁和美好的佛国境界。通过声光、音效、舞蹈在#遇见新普陀# 舞台上的唯美呈现，用最彻底的灵魂表达对未来的祈愿。 ,2,0,3
28,4792629755121556,LCRIPlulK,饭拍娃娃4K,2022-07-18 17:10:39,"ITZY#itzy##itzy新歌sneakers#    另一种裸眼3D 4K现场,CHOOM 220716 ITZY- SNEAKERS  饭拍娃娃4K的微博视频 ",2,1,13
29,4792713918022575,LCTUzxF2n,陕西富平王栋,2022-07-18 22:45:04,我大郑州的裸眼3D 郑州·华润大厦 陕西富平王栋的微博视频 ,0,0,0
29,4792713771221526,LCTUl57M2,饭拍娃娃4K,2022-07-18 22:44:29,aespa#aespa##aespa新歌girls#  裸眼3D 4K接力式舞蹈， 220716 M2 aespa GIRLS 饭拍娃娃4K的微博视频 ,0,6,10
30,4792635141393796,LCRRw5QAA,用户7490284961,2022-07-18 17:32:03,智能公交车尾LED广告彩屏裸眼3D效果 用户7490284961的微博视频 ,0,0,0
30,4792635104169503,LCRRshuG3,senfons,2022-07-18 17:31:54,天亮之前   下雪了  日落之前    拥抱我蔡徐坤蔡徐坤了解一下#蔡徐坤新歌#蔡徐坤公益#蔡徐坤#蔡徐坤公益#戴比尔斯品牌代言人蔡徐坤##戴比尔斯蔡徐坤裸眼3d##蔡徐坤说新歌跟哈密有关# ,0,0,1
30,4792621291802831,LCRvb7yZV,好片场,2022-07-18 16:37:01,#大V荐电影# #生化危机# 美国纽约街头，电影角色舔食者的裸眼3D短片。这效果，挺真实！ 好片场的微博视频 ,0,0,2
30,4792619298717887,LCRrXAzV5,拥抱大同世界的潇雨老师,2022-07-18 16:29:05,#你的电子产品是视力刺客吗#因为电子产品的不成熟，才会导致很多人视力下降。我们投资的苏芯瑞视3D屏幕，就解决了这个问题。#裸眼3D# 在大批量生产之后，将彻底解决屏幕伤害视力的问题。 ,0,0,1
30,4792614064227888,LCRjwhJRK,大表姐说正畸,2022-07-18 16:08:18,牙齿正畸，能把厚嘴唇变薄吗?本质上不能，但是从视觉上看，你的嘴唇看起来会薄一些---这就是我们经常说到的美学正畸！那么为啥呢？原因很简单~如果你是龅牙嘴突人群那么牙齿正畸后，会明显感觉牙齿平整不漏风了，嘴唇看起来也就没那么突出。打个比方，以前别人看你的嘴是裸眼3D效果，现在是2D，所 ...全文,12,4,17
30,4792604912520897,LCR4LazND,紫云_紫气东来,2022-07-18 15:31:56,#2022奥特曼光之英雄集结主题展# 【裸眼3D】这怪兽我不认识立体观看教程在P2，实在无法开启平行眼的，可以选择去购买手机VR盒子观看。  我不是资深老奥迷，鉴定实锤 ,0,2,0
30,4792597384791294,LCQSCk6qW,紫云_紫气东来,2022-07-18 15:02:01,#2022奥特曼光之英雄集结主题展# 【裸眼3D】正在搬石头的雷德王立体观看教程在P2，实在无法开启平行眼的，可以选择去购买手机VR盒子观看。  ,0,0,0
30,4792583229017617,LCQvMBPTr,我叫中一,2022-07-18 14:05:46,有历史以来最具跨越时代的外交 #视觉##科技##裸眼3d##旅游# 我叫中一的微博视频 ,0,1,0
30,4792519667221779,LCORguiIj,原野的鸟儿,2022-07-18 09:53:11,这个七夕太浪漫了吧 ，可以观看#戴比尔斯品牌代言人蔡徐坤# @蔡徐坤 全球首发裸眼3D大片。#戴比尔斯蔡徐坤裸眼3D##戴比尔斯蝴蝶系列##爱的新生#DeBeers戴比尔斯的微博视频 ,0,1,0
30,4792514525266222,LCOIYm5Z4,锦州首班车,2022-07-18 09:32:45,#锦州生活# 锦州分享 7月16日，碧桂园在锦第五子——碧桂园繁华汇盛大开启，老啤酒厂地块作为锦城市民茶余饭后最最关心的话题，碧桂园繁华汇将书写东湖高品质生活的新名片，作为智慧感满满的“未来生活城”更将科技的震撼融入开放的每一个细节，而裸眼3D大秀，更是处处彰显着梦幻与科技及与众 ...全文,0,0,2
31,4792513020037895,LCOGy09Rd,浮浮好困,2022-07-18 09:26:47,#戴比尔斯品牌代言人蔡徐坤# 📢品牌活动，扩散参与，七夕来成都太古里邂逅 @蔡徐坤，观看全球首发裸眼3D大片💡参与方式：1⃣ 7月15日-7月22日，关注 @DeBeers戴比尔斯 官方账号，转发并评论网页链接：你在太古里拍到的蔡徐坤，带上主题#爱的新生#、#戴比尔斯蔡徐坤裸眼3D#  ...全文,0,0,2
31,4792502139489289,LCOoZDOB3,迷蜂科技,2022-07-18 08:43:33,最近发了一些小米12S Ultra拍照不行的场景一些小米12SU用户/其他型号用户反驳口径最统一的是小米12S Ultra立体感更好，别人的很塑料我都要笑死了。真觉得别人眼瞎？还是雷总偷偷给你们的小米12S Ultra屏幕装了裸眼3D？ ,1,27,28
31,4792497479616168,LCOhtElBu,综艺百事通,2022-07-18 08:25:02,3月17日，绵阳“神笔马良” ! 裸眼3D画 ，有让万物活起来的本事#夏日解忧放映会##超能新星汇# 综艺百事通的微博视频 ,0,0,0
31,4792464315253285,LCNpZm2Cp,深圳大股侠,2022-07-18 06:13:15,"300304,云意电气,  这垃圾公司它良的好不了！淘汰产品不进取三天两头什么理财！瞎了眼了买这个股空中成像裸眼3D光学新突破，车载智慧座舱新科技元宇宙游戏可期，期待业绩爆发，超级大黑马伟时-电子模板付红玲你对公司的股价无动于衷，满不在乎！年底全村人去你家吃饭，送你上路！一路不要今天DM出来 ...全文",6,0,0
31,4792459726684953,LCNiAs33P,游戏装备王,2022-07-18 05:55:01,裸眼3d投影，也太厉害了#夏日解忧放映会##超能新星汇# 游戏装备王的微博视频 ,0,0,0
31,4792353259522651,LCKwRDXh9,在这在L,2022-07-17 22:51:57,还是成都太古里那个裸眼3D有感觉 郑州·郑州王府井百货 在这在L的微博视频 ,1,0,3
31,4792352394448017,LCKvtiF8d,Davidler,2022-07-17 22:48:31,三里屯裸眼3D创意屏 北京·三里屯太古里 ,0,0,0
31,4792350340024354,LCKsa06kO,徐州的日常,2022-07-17 22:40:21,徐州日常第一块3D裸眼户外屏@徐州新盛弘阳广场啥时候亮起来， 对着云龙山，这个东门门前广场可真不小广场舞大军预订。 ,0,2,7
31,4792346753894029,LCKmngl0V,senfons,2022-07-17 22:26:06,可是，好像连他自己都释怀了我又能说些什么呢#蔡徐坤#蔡徐坤#戴比尔斯品牌代言人蔡徐坤#蔡徐坤公益#戴比尔斯蔡徐坤裸眼3d# ,0,0,1
32,4792344124067493,LCKi8h48J,滨州文旅,2022-07-17 22:15:39,#滨州身边事#【滨州青年志愿服务项目展示交流大会暨青年音乐节圆满落幕】渤海国际的裸眼3D屏幕下，志愿服务＋音乐节的双重魅力，一波波的滨州人赶着趟儿的来体验夏日！7月16日晚，团市委联合市委宣传部、市新时代文明实践指导中心在渤海国际中心广场举办滨州青年志愿服务项目展示交流大会暨“EYE上发 ...全文,2,2,2
32,4792339220140062,LCKae0Ar4,奎KUN_澜,2022-07-17 21:56:10,太古里的3D裸眼大屏各位同学都去看过了吗！最近又新上了好多🐼的影片诶~这个🐼超可爱的 成都·成都远洋太古里 奎KUN_澜的微博视频 ,0,1,3
32,4792338512349772,LCK959Rhy,锦州播报,2022-07-17 21:53:21,#锦州身边事# 【昨天锦州碧桂园•繁华汇东湖全新生活示范区盛大开放！】据悉，碧桂园•繁华汇不仅是东湖高品质生活的新名片，作为智慧感满满的“未来生活城”更将科技的震撼融入开放的每一个细节，深情的乐队演唱及开场舞后，以裸眼大屏为载体，一场裸眼3D大秀，震撼登场，3D大片缤纷互动，处处彰显着 ...全文,2,0,9
32,4792333813946867,LCK1vgyL9,一点点晚风802,2022-07-17 21:34:41,戴比果然是戴比 这排面酷死了好嘛！#戴比尔斯品牌代言人蔡徐坤##成都太古里裸眼3d屏#蔡徐坤 一点点晚风802的微博视频 ,0,0,1
32,4792331712333136,LCJY79MXe,孔孔_521,2022-07-17 21:26:20,石家庄也有裸眼3D了 石家庄·欢乐汇100FUNCITY Sunsunflowerflower的微博视频 ,0,0,1
32,4791827952044445,LCwRB8zQV,蔡徐坤粉丝团官微,2022-07-16 12:04:34,#爱的新生#  🦋 #戴比尔斯蔡徐坤裸眼3D# ✔️ 赏心悦目  #今日fun创放送# 蔡徐坤粉丝团官微的微博视频 ,817,564,4566
32,4792318476160788,LCJCLpQHy,言叶英语,2022-07-17 20:33:44,裸眼3Dglassless 3D 言叶英语的微博视频 ,0,0,1
32,4792317150240312,LCJAD10w0,酒玖柒柒,2022-07-17 20:28:28,NINEPERCENT💙#爱的新生# 🦋#戴比尔斯蔡徐坤裸眼3D# 在717这个有意义的日子去打卡啦，我也不想心动，可是蔡徐坤送我蝴蝶哎 酒玖柒柒的微博视频 ,0,2,7
32,4792314628936479,LCJwyBuML,佛系mi,2022-07-17 20:18:27,#杨幂0912生日快乐##杨幂# 杨幂生日需要蜜蜂们助力，首页看到的都来参与吧分割线生日大屏活动2    只准成功，不准失败福利：沈阳【裸眼3d】网红屏抡播1天要求：16000人完成报名‼️一个vx号只需点击【一次】10秒不到就OK时间：7.15---8.14教程如图，视频教程网页链接所有人发 ...全文,1,0,1
32,4792312377117342,LCJsVtRxQ,KUN的小胡茬,2022-07-17 20:09:29,蔡徐坤#戴比尔斯品牌代言人蔡徐坤##戴比尔斯蔡徐坤裸眼3d# 宝贝好帅 KUN的小胡茬的微博视频 ,0,0,1
33,4792344928850161,LCKjqB8kx,senfons,2022-07-17 22:18:51,又是想念白蔡大爷的一天期待新歌蔡徐坤#戴比尔斯蔡徐坤裸眼3d##戴比尔斯品牌代言人蔡徐坤##蔡徐坤#蔡徐坤蔡徐坤公益 ,0,1,1
34,4792258937229390,LCI4JukH4,八千里月风雨尘,2022-07-17 16:37:09,今天梦见我在一个黑房子里面疯狂升级装备，到一个地方打僵尸，后面跟着一个辅助怪物。我用刚升级好的装备极限杀怪，遇到一个厉害的僵尸，怎么杀都杀不死，我的辅助怪物在我前面吐出一个大玉螺旋丸轰在僵尸胸口。我就醒了，3D裸眼真人打怪，刺激。 ,0,0,0
34,4792258162067951,LCI3u8FY3,Kunxxxqiqi,2022-07-17 16:34:04,#戴比尔斯蔡徐坤裸眼3d# ,0,0,1
34,4792249173150374,LCHOZddyu,Joooanna_ZHENG,2022-07-17 15:58:21,刚刚一位朋友说虚焦可以看气场我用看裸眼3D的方式盯着手看了看，居然真就能看到气场了诶！可是看到这个是有啥用呢，是纯粹好玩吗？有木有人给我解答一下下哇😯 ,0,6,1
34,4792247864265399,LCHMShTCL,半年可见_记录,2022-07-17 15:53:09,『2018.12.29』『小夫妻互动』『娜铁粉上线』娜：杰哥的 《未·LIVE》实体专辑到手啦！大惊小怪的尝试了一把高科技AR，真的有一种裸眼3D的感觉哇哈哈哈#张杰未LIVE# 杰：我准备不定时地再加点Live的新东西进去 ,0,0,2
34,4792219326221955,LCH2Qq6C7,投影租赁001,2022-07-17 13:59:45,在工厂里也能体验震撼的裸眼3D投影秀。 投影租赁001的微博视频 ,0,0,0
34,4792212598032895,LCGRZxHIP,游戏叫小明,2022-07-17 13:33:01,一女子带父亲逛成都远古里遇裸眼3D，惊到老父亲连飙方言#夏日解忧放映会##超能新星汇# 游戏叫小明的微博视频 ,0,0,0
34,4791413101035634,LCm4u4lpM,无痕阅盘1314,2022-07-15 08:36:05,这是哪里？#裸眼3D# #龙#  无痕阅盘1314的微博视频 ,7,2,42
34,4792197369302548,LCGtqD216,KB19981998,2022-07-17 12:32:30,#戴比尔斯蔡徐坤裸眼3D##戴比尔斯蝴蝶系列##蔡徐坤的水生浮想# 哈哈哈 一起了  戴比的广告好好看好多人拍喔@DeBeers戴比尔斯  祖玛珑家的香水好香 从店里出来身上都香香的@JoMaloneLondon祖玛珑  717迷个巡一周年快乐@蔡徐坤 KB19981998的微博视频 ,0,0,2
34,4792191308008241,LCGjExBjb,YouTubeStudio,2022-07-17 12:08:25,日本裸眼3D猫猫，这是怎么做到的 YouTubeStudio的微博视频 ,154,144,626
34,4792188419179769,LCGeZCw4N,奎葵的猫咪Ca,2022-07-17 11:56:56,#戴比尔斯品牌代言人蔡徐坤# ||#戴比尔斯蔡徐坤裸眼3d# 代言人排面有，好壮观@蔡徐坤 蔡徐坤全球粉丝后援会的微博视频 ,0,0,0
35,4792081010655806,LCDrL2KBw,娱笑咖,2022-07-17 04:50:08,裸眼3D！有被震撼到了！！！by：秋叶原友人    娱笑咖的微博视频 ,0,0,0
35,4792068796580365,LCD83rBQV,深圳大股侠,2022-07-17 04:01:36,"301045,天禄科技,  彻底沦为僵尸股了，一天交易额550万裸眼3D技术突破正式进入车载辅助驾驶HUD领域，车载和游戏显示领域前景广阔，超级大黑马伟时电子，从走势可以肯定这是一个弱庄。我的观点验证了事实 ",1,0,2
35,4792062983798878,LCCYGfWge,深圳大股侠,2022-07-17 03:38:30,"300643,万通智控,  裸眼3D空中成像智慧座舱新科技车载光学新突破，游戏期待业绩爆发，超级大黑马主力没拉升意思，太肉了。今天撤退赚钱效应主要在新能源赛道上砸的黄金坑刚爬出来的，明天应该可以大涨了的。 ",1,0,2
35,4792046735327294,LCCytmlS6,懒羊羊_200906,2022-07-17 02:33:55,太古里裸眼3D，当机器人头探出来，手伸出来，大家一齐惊叹:哇哦～此时，有个“另类”觉得不可思议，这有啥特别的，不就个裸眼3D。这反差，逗死我了，哈哈哈哈 ,0,0,0
35,4792027135345402,LCC2RmqAa,好小的一只毛毛虫,2022-07-17 01:16:02,#张艺兴[超话]# 《Peach》裸眼3D献上一首《小黄桃》（裸眼3D版）帮助小贝壳缓解焦虑，放松心情～他很乖，也很性感Cr:@MrDimple_KL  #张艺兴向往的生活6##张艺兴 街舞运动大使# @张艺兴张艺兴 zyx lay ljj rp krump pd bot#fanstube# 张艺兴资讯台的微博视频 ,4,7,17
35,4792015710323715,LCBKr1mdd,小箱追葵记,2022-07-17 00:30:39,#爱的新生##戴比尔斯蔡徐坤裸眼3d# 好绝🤤 ,0,0,0
35,4792013351818181,LCBGD7CZv,August-无人的岛,2022-07-17 00:21:17,蔡徐坤 凝望你的脸，一万人在热恋#奔跑吧下周能听到蔡徐坤的新歌# ❤️#戴比尔斯蔡徐坤裸眼3d#717 @蔡徐坤 ,0,0,1
35,4791998373958159,LCBitgBHh,肥宅快乐要加冰-,2022-07-16 23:21:46,一点点太古里裸眼3d实录真的好牛 成都·成都远洋太古里 肥宅快乐要加冰-的微博视频 ,1,0,3
36,4791997623435807,LCBhgepOf,vinegarmiboss,2022-07-16 23:18:46,今日小幸运之最后的蛋糕🍰让我买啦～原来这是石家庄特产？？湾里庙步行街人真的多   也不知道裸眼3D啥时候放 石家庄·新百广场 ,0,4,2
36,4791996188723367,LCBeWABlt,爱犯困的咚咚,2022-07-16 23:13:05,蔡徐坤 @蔡徐坤 感谢圆橙夫妇@StarSignpost_ 在成都冒着酷暑给我拍的坤儿明天一周年会有新歌嘛哥#爱的新生##戴比尔斯蔡徐坤裸眼3d# 爱犯困的咚咚的微博视频 ,0,2,4
36,4791992800772142,LCB9u3eRU,KSL-蔡徐坤种菜乐园,2022-07-16 22:59:36,#戴比尔斯品牌代言人蔡徐坤# |#戴比尔斯蔡徐坤裸眼3d#  VX视频耗 👉🏻【DeBeers戴比尔斯 】更新一则相关小🐱们快去🔍查看哦～记得点👍，分|享@蔡徐坤  ,0,0,3
36,4791991591766660,LCB7x7pAw,tiatia邹走走,2022-07-16 22:54:49,#戴比尔斯品牌代言人蔡徐坤# 日落之前 拥抱我 @蔡徐坤 陪着过七夕@DeBeers戴比尔斯 #爱的新生##戴比尔斯蔡徐坤裸眼3D# tiatia邹走走的微博视频 ,0,0,1
36,4791985703753319,LCAY2fKpp,深圳大股侠,2022-07-16 22:31:25,"002232,启明信息,  裸眼3D空中成像历史性突破，获批正式进入大规模商用阶段，车载智能座舱创新元素，超级大黑马伟时电子，业绩爆发在即，红旗工厂与贵公司在六七月份围绕党群数智化建设、数据分析、低代码开发、AI人工智能主力说了，忍忍吧，再跌2.42它就来加仓了。王拔高子 ",1,0,2
36,4791983535036919,LCAUxl8kD,考不上好大学去不了蔡徐坤演唱会,2022-07-16 22:22:48,好想去看一次裸眼3D 包心菜序时账_的微博视频 ,0,0,0
36,4791755759944518,LCuZ9FJ1s,K·北极星的眼泪·,2022-07-16 07:17:42,蔡徐坤#戴比尔斯蔡徐坤裸眼3d#  蔡徐坤#戴比尔斯品牌代言人蔡徐坤# 纯粹透亮无杂质，相许一生到永恒。De Beers品牌代言人@蔡徐坤 携手@DeBeers戴比尔斯 ，坚守本心步履坚定，踏上巅峰绽放光华。 ,11,319,30
36,4791967130849002,LCAu53yRA,小屁桃源君,2022-07-16 21:17:37,今晚在太古里看了裸眼3D ,0,0,2
36,4791960416292808,LCAjfqp2U,Joylikeu,2022-07-16 20:50:56,哈哈哈浅p一下#戴比尔斯蔡徐坤裸眼3d# ,0,0,0
36,4791959920574633,LCAis2puh,送盐hhh,2022-07-16 20:48:57,#戴比尔斯蔡徐坤裸眼3D#💙#爱的新生# 好好看哦老公🥹@蔡徐坤 送盐hhh的微博视频 ,0,0,1
37,4791588029209044,LCqCCCDGY,蔡徐坤全球粉丝后援会,2022-07-15 20:11:12,#戴比尔斯蔡徐坤裸眼3D#🫶🏻#爱的新生# To my lover，爱无惧定义@蔡徐坤 @DeBeers戴比尔斯 📍成都·太古里#戴比尔斯品牌代言人蔡徐坤# cxk 蔡徐坤全球粉丝后援会的微博视频 ,550,433,2173
37,4791788738711498,LCvQlAyg2,头号米铺,2022-07-16 09:28:45,#杨幂 狐妖小红娘月红篇# ym#杨幂涂山红红# 裸眼3d屏活动今天你努力了吗？今日目标4000第一晚2616🐮，但是还没拿出实力加油冲~@杨幂 图文教程网页链接视频教程网页链接拉人简便教程网页链接 ,8,25,72
37,4791568001405027,LCq6k5TvJ,小阳的昆虫世界,2022-07-15 18:51:37,为什么这些蛾子像树叶？还自带3d裸眼效果！ 小阳的昆虫世界的微博视频 ,7,7,44
37,4791955701629276,LCAbE6PQE,紫鹤动画,2022-07-16 20:32:11,【三星笔记本 裸眼3D 立体屏幕广告 Galaxy Book2 Series】www.zhcg.tv 三星笔记本 裸眼3D 立体屏幕广告 Galaxy Book2 Series- Light up the sky from London to Seoul Samsung 关注公众号：zihedonghua 看更多创意视频！  紫鹤动画的微博视频 ,0,0,2
37,4791954908908157,LCAamBnpX,Yannah0630_K,2022-07-16 20:29:03,蔡徐坤cxk#戴比尔斯蔡徐坤裸眼3d#有姐妹知道这个在太古里哪个时间段有吗？想去打卡 成都 ,0,17,0
37,4791598884061363,LCqU8h2xR,漂亮姐姐_Kunsland·蔡徐坤,2022-07-15 20:54:19,#戴比尔斯品牌代言人蔡徐坤# |#戴比尔斯蔡徐坤裸眼3d# 小🍠【De Beers戴比尔斯】更新一则相关大家快去🔎点👍哦@蔡徐坤 ,2,0,46
38,4791958201176311,LCAfG4W0L,重生之环游21星系,2022-07-16 20:42:08,#爱的新生##戴比尔斯蔡徐坤裸眼3D# 谢谢戴比！谢谢蔡徐坤！他对我笑！他给我蝴蝶啊呜呜呜呜呜呜！！！我心都在砰砰跳呜呜呜呜呜呜@DeBeers戴比尔斯 重生之环游21星系的微博视频 ,1,0,7
39,4791907262139092,LCyVw8Ytu,福州身边事儿,2022-07-16 17:19:43,#福州身边事#【即日起开放体验！福州西湖“上新”！】伴随着数娃亮相西湖公园大门，在公园里的游客们收到了一份大礼——第五届数字中国建设峰会的福州西湖公园应用体验馆及集中体验区正式开放。从即日起到7月26日每天上午的8点30分到11点、晚上6点到9点，数字艺术品、有声明信片、裸眼3D、智慧换衣 ...全文,0,0,3
39,4791903705108717,LCyPMlr0F,彩儿的春夏之约,2022-07-16 17:05:35,#戴比尔斯蔡徐坤裸眼3D# 哇塞 好逼真 太好看了#爱的新生#@蔡徐坤 ,0,0,0
39,4791891113805643,LCyvtfY1l,对我是猫猫,2022-07-16 16:15:33,#戴比尔斯蔡徐坤裸眼3d#这个好牛 ,0,0,0
39,4791890111889989,LCytR7VFH,求撸猫,2022-07-16 16:11:34,#戴比尔斯蔡徐坤裸眼3d# #戴比尔斯品牌代言人蔡徐坤# 蝴蝶超好看的，get了玫瑰金戒指（xhs上也发了 ,0,0,1
39,4791888526182973,LCyripWtn,小猪男孩,2022-07-16 16:05:16,#平行宇宙# 的音乐节！Eric Prydz明日世界Tomorrowland近景感官体验！裸眼3D效果，触手可及！ #微博音乐live秀#   小猪男孩的微博视频 ,2,1,7
39,4791671713955988,LCsNBgB8g,快乐草朋友,2022-07-16 01:43:43,刚刚那段可以说是裸眼3D美腿冲击 ,0,2,23
39,4791882917875324,LCyifx2Jm,倒霉的上帝886,2022-07-16 15:42:59,成都太古里3D裸眼屏幕。被那个人笑死了，刚掏出手机就没了 易经门人的微博视频 ,0,0,0
39,4791881681341001,LCygg5CR3,没天赋的学琴,2022-07-16 15:38:04,突然觉得这张图的实况，看着有点像裸眼 3d ,0,0,2
39,4791877893884258,LCya9gitk,紫色风信子_96162,2022-07-16 15:23:01,#戴比尔斯蔡徐坤裸眼3D#  高贵典雅诠释经典调性，举手投足彰显个性魅力。来邂逅#戴比尔斯品牌代言人蔡徐坤# ，观看全球首发裸眼3D大片。@蔡徐坤DeBeers戴比尔斯的微博视频 ,0,0,0
39,4791874612631596,LCy4Rb2B6,velveted-,2022-07-16 15:09:59,#戴比尔斯品牌代言人蔡徐坤#  今天路过嘉里中心，瞧瞧遇到谁了#戴比尔斯蝴蝶系列##戴比尔斯蔡徐坤裸眼3d# ，#爱的新生# ,0,0,1
40,4791836998111576,LCx6by2bS,IKUN大狮子,2022-07-16 12:40:31,#戴比尔斯蔡徐坤裸眼3d# 有不有在成都太古里 的姐妹？蹲一个帮忙带ID的 ,0,3,0
40,4791833160321378,LCx001lBw,Cxk-Zl,2022-07-16 12:25:16,粉丝认证号粉丝认证号我为蔡徐坤签到欧@蔡徐坤 #奔跑吧蔡徐坤##戴比尔斯蔡徐坤裸眼3d# ,0,0,0
40,4791827636423813,LCwR5qX7T,荆同学的围脖,2022-07-16 12:03:19,BOE北京展厅，你多久没来看过了？这是裸眼3D 荆同学的围脖的微博视频 ,0,2,8
40,4791490473886382,LCo5hgj1A,川岛甜葵CC,2022-07-15 13:43:33,蔡徐坤#戴比尔斯蔡徐坤裸眼3d# 有人一起去嘛可以带ID ,0,251,17
40,4791622288016241,LCrvSxDod,KUN的菜园超级园丁,2022-07-15 22:27:19,#戴比尔斯蔡徐坤裸眼3d# 🦋#爱的新生# 📷 今年的相见@蔡徐坤 KUN的菜园超级园丁的微博视频 ,90,50,626
40,4791808229380316,LCwlMDmfq,山鬼不贰,2022-07-16 10:46:12,别的城市裸眼3D视频评论：好震撼好棒石家庄华强裸眼3D底下评论：别光顾看屏幕，我手机就是在这丢的 ,0,0,3
40,4791805701260595,LCwhI5hWb,采葵持作羹k,2022-07-16 10:36:09,#戴比尔斯蔡徐坤裸眼3D##爱的新生# 全新3D大屏 与蔡徐坤戴比尔斯相遇在成都太古里 获得爱的新生@DeBeers戴比尔斯 ,0,2,2
40,4791803603845814,LCwekg8tg,senfons,2022-07-16 10:27:49,蔡徐坤#戴比尔斯品牌代言人蔡徐坤##戴比尔斯蔡徐坤裸眼3d# 不亏是搞钻石的 ,0,0,1
40,4791802730649657,LCwcV2J0l,樱琪婧,2022-07-16 10:24:21,成都太古里裸眼3D秀，特别是狮子王仰天长啸，就问你怕不怕？ ,0,12,16
41,4791109978949271,LCebzBy75,微天下,2022-07-14 12:31:36,生化危机今日在Netflix上线，一起看看Netflix在纽约街头投放的“舔食者”裸眼3D广告片，效果十分逼真(twi: Netflix) 微天下的微博视频 ,31,22,114
42,4791416075583666,LCm9hnqz8,愛·KUN,2022-07-15 08:47:54,#蔡徐坤# ☆ #戴比尔斯品牌代言人蔡徐坤# ㅤㅤㅤㅤ ㅤㅤㅤㅤ ㅤㅤㅤㅤ ㅤㅤㅤ「戴比尔斯」太古裸眼3D大屏@蔡徐坤  ' 愛·KUN的微博视频 ,0,1,12
42,4791639841964845,LCrYc8f93,娱乐事儿君,2022-07-15 23:37:05,原来成都春熙路上的那个3d广告（p1），是Redmi为王一博专门打造的全球第一支裸眼3d真人广告！good\n全 球 第 一！第一哦！\n当嘉宾在天天向上节目里提起“王一博老师”，涵哥听了说：“眼泪都要流下来啦”！必然也是很想念一博的吧！ 娱乐事儿君的微博视频 ,0,0,0
42,4791638462040093,LCrVY8yIJ,柒夏在徐坤怀里,2022-07-15 23:31:36,蔡徐坤｜#戴比尔斯蔡徐坤裸眼3D#🎶#爱的新生# To my lover，爱无惧定义大屏里的代言人超帅的！@蔡徐坤 @DeBeers戴比尔斯 #戴比尔斯品牌代言人蔡徐坤#   柒夏在徐坤怀里的微博视频 ,0,0,0
42,4791630035684503,LCrInnQNx,搞笑视频坊,2022-07-15 22:58:07,裸眼3D！有被震撼到了！！！by：秋叶原友人    搞笑视频坊的微博视频 ,0,0,2
42,4791270566268992,LCimAqiQM,一航Babygirl,2022-07-14 23:09:43,将来家里的电视要是都能实现这种效果，那看个恐怖片怪兽片啥的不得爽飞了#超酷的裸眼3D# 一航Babygirl的微博视频 ,2,5,14
42,4791613900193920,LCrim0OrK,小泷包22352,2022-07-15 21:53:59,8.龙哥和我最爱的这家裸眼3D 小泷包22352的微博视频 ,0,0,0
42,4791607494712193,LCr81jLR7,依纱的天空,2022-07-15 21:28:33,#爱的新生##戴比尔斯蔡徐坤裸眼3D# 代言人@蔡徐坤 真的是太帅了，再热也值得，晚上看效果真的很好，帅晕了@DeBeers戴比尔斯 依纱的天空的微博视频 ,0,0,0
42,4791602927636326,LCr0Ew2yy,_心跳回声,2022-07-15 21:10:24,#戴比尔斯蔡徐坤裸眼3d#帅鼠我了…救命啊 ,0,0,0
42,4791599743109364,LCqVwd2T2,困啦睡觉·,2022-07-15 20:57:45,代言人！#戴比尔斯蔡徐坤裸眼3D##爱的新生# @DeBeers戴比尔斯 @蔡徐坤 困啦睡觉·的微博视频 ,0,0,2
42,4791598645252684,LCqTKm2sI,really湘湘子,2022-07-15 20:53:23,有一说一 太古里的裸眼3D真的好看 really湘湘子的微博视频 ,0,0,2
43,4791593791918739,LCqLV839p,西语喜坤,2022-07-15 20:34:06,#戴比尔斯蔡徐坤裸眼3D#我来了阿坤蔡徐坤#戴比尔斯蔡徐坤裸眼3d##爱的新生# 西语喜坤的微博视频 ,0,0,0
43,4791592676494885,LCqK7rfCd,KSL-蔡徐坤种菜乐园,2022-07-15 20:29:40,蔡徐坤 | #戴比尔斯蔡徐坤裸眼3d# 戴比尔斯 v/x 👸🏻号更新一则👉🏻【DeBeers戴比尔斯】To my lover: 爱的新生快去点❤ 评|论 转|发@蔡徐坤 ,2,0,1
43,4791591183061260,LCqHIcQna,程序员颜军,2022-07-15 20:23:44,元宇宙概念的务实讨论：与现实世界类似，因为那不仅仅是一个平行世界。主要有3个方面组成：1、表象元素2、内涵机制3、社交网络元宇宙的普及，必须抛弃对设备的依赖性，目前探索性的尝试例如：裸眼3D，技术还不成熟，用户体验不好。因为元宇宙是一个世界，而任何世界都应该是去中心化的，不依赖 ...全文,1,0,0
43,4791589139909593,LCqEpFzW9,爱困的清粥-,2022-07-15 20:15:37,都来看看，可以参与线上云打卡哦#爱的新生# #戴比尔斯蔡徐坤裸眼3D#  #戴比尔斯品牌代言人蔡徐坤# ,0,0,0
43,4791584006342501,LCqw8qBYp,文艺课代表继承人,2022-07-15 19:55:12,#戴比尔斯品牌代言人蔡徐坤#“爱的新生 如蝶璀璨”#戴比尔斯蔡徐坤裸眼3D#  文艺课代表继承人的微博视频 ,1,0,10
43,4791557629413482,LCpPADuSm,头号米铺,2022-07-15 18:10:24,杨幂 裸眼3d 大屏 要不要？要，咱就拼m干👉🏻视频里面这个网页链接 ,1,40,38
44,4791578545362183,LCqnkmuWP,深圳大股侠,2022-07-15 19:33:31,"300567,精测电子,  这个价格还是太高了，再跌一跌才能进虚拟现实空中成像3D裸眼突破，元宇宙游戏新科技可期车载显示，市场即将爆启，伟时电子大黑马超级前景，满仓难受，建仓还不错，慢慢买垃圾每次拉尾盘，明天跌停。 ",0,0,0
44,4791573139161655,LCqeBCrmD,kkz百事都可楽,2022-07-15 19:12:01,#戴比尔斯品牌代言人蔡徐坤# 烈日37度下的等待💎#爱的新生#、#戴比尔斯蔡徐坤裸眼3D# kkz百事都可楽的微博视频 ,0,3,7
44,4791571939071801,LCqcFC3Zn,S-s-swan,2022-07-15 19:07:16,蔡徐坤#爱的新生##戴比尔斯蔡徐坤裸眼3d# @DeBeers戴比尔斯 @蔡徐坤 暗号蝴蝶浪漫主义 爱的新生 成都·成都远洋太古里 S-s-swan的微博视频 ,0,1,2
44,4791567892090110,LCq698LJs,我家鹿头角,2022-07-15 18:51:11,#戴比尔斯蔡徐坤裸眼3D#哇塞哇塞，头一次见🐮 ,0,0,0
44,4791565761118329,LCq2I4GVz,-玖慕莓葵-,2022-07-15 18:42:42,#戴比尔斯蔡徐坤裸眼3D#cxk #蔡徐坤录制沸腾校园# 一直爱他吧 像圆周率没有尽头@蔡徐坤 ,0,0,0
44,4791559621709026,LCpSO7aAW,Noturbaey17,2022-07-15 18:18:19,debeers太古里的那个裸眼3d屏别太好看 ,0,0,3
44,4791557443814704,LCpPig0nu,·八月札·,2022-07-15 18:09:40,沉迷于裸眼3D交叉眼不可自拔自从学会如何看之后，仿佛打开了新世界 ,0,0,0
44,4791555703182175,LCpMudlPp,最爱椰果没有之一_0608,2022-07-15 18:02:45,半成品们，图一索斯（真的很带感也是真的烧钱）图二彩铅画（期待裸眼3D效果小蓝鸟） ,0,11,9
44,4791554877428433,LCpL9vatr,·吃粥配泡菜·,2022-07-15 17:59:28,#爱的新生# ｜#戴比尔斯蔡徐坤裸眼3d# 你挽指作蝴蝶从窗框上飞起，飞过我指间和眉宇。@蔡徐坤 ｜#戴比尔斯品牌代言人蔡徐坤# ,0,0,0
45,4791545188060524,LCpvwxOUs,一只彩彩的媛妹儿,2022-07-15 17:20:58,#戴比尔斯蔡徐坤裸眼3D#cxk#爱的新生# 我差一点就化掉了大哥好帅我好爱🥰🥰@蔡徐坤 ,0,16,10
45,4791409053535036,LClXXePCI,旋转扭扭猪,2022-07-15 08:20:01,我真是太激动太喜欢了 之前刷到过视频在太古里这里都是动漫人物的一些这种裸眼3D视频 没想到会有俺们坤坤的这一天啊！！！！！！真的好酷 戴比好好坤坤值得 #戴比尔斯蔡徐坤裸眼3d# ,1248,434,2662
45,4791538728571884,LCpl6zXWc,小黄才不困o,2022-07-15 16:55:18,#戴比尔斯蔡徐坤裸眼3d#很哇塞耶 好帅 ,0,0,0
45,4791538367861842,LCpkwwZdU,893音乐广播,2022-07-15 16:53:52,第五届数字中国建设峰会要来了！裸眼3D亮相！ 876交通之声的微博视频 ,0,0,0
45,4791461284942208,LCnkckJH2,狮子哥爱影音,2022-07-15 11:47:34,来成都太古里遇见蔡徐坤吧，蔡徐坤的手伸出来抓蝴蝶的那一刻太震撼了。 狮子哥爱影音的微博视频 ,0,22,19
45,4791531892643694,LCpa5b5Ke,-甜欣蔡桃酱-,2022-07-15 16:28:08,我们的距离好像更近了@DeBeers戴比尔斯 @蔡徐坤 #蔡徐坤##戴比尔斯蔡徐坤裸眼3D##爱的新生# -甜欣蔡桃酱-的微博视频 ,0,0,3
45,4791524883694334,LCoYMfv42,溜梅kun了,2022-07-15 16:00:16,拍到了 但是不知道为什么是花的 现场不花 巨震撼！#爱的新生# #戴比尔斯蔡徐坤裸眼3d# @DeBeers戴比尔斯 溜梅kun了的微博视频 ,0,8,5
45,4791524824974774,LCoYGkSai,掠夺者Predator,2022-07-15 16:00:02,P-BRO出马，#致胜攻掠#即刻解码——全方位沉浸式裸眼3D带来的超强代入感你真的体验过吗？全新掠夺者战斧300超感空间裸眼3D电竞本，搭载宏碁Spatiallabs™裸眼3D技术带来视觉上“凹凸有致”的感官体验，让你身临其境比看IMAX巨幕更爽更过瘾！转发说说你第一次观看裸眼3D的体验，P-BRO将于下周四抽取一 ...全文,6,6,6
45,4791518294184411,LCoO9hyyv,壳壳宇宙无敌,2022-07-15 15:34:06,蔡徐坤#爱的新生##戴比尔斯蔡徐坤裸眼3d# 代言人好帅! 壳壳宇宙无敌的微博视频 ,0,0,4
45,4791518064546513,LCoNMj4KR,无敌喜羊羊_,2022-07-15 15:33:11,蔡徐坤 太牛了太牛了@蔡徐坤 cpb全线和全球首发裸眼3d ,0,0,0
46,4791554620788666,LCpKK3jaq,初晨-KUN,2022-07-15 17:58:27,#戴比尔斯蔡徐坤裸眼3D# 我也有了哈哈哈哈好喜欢 谢谢媛子🥰辛苦了@一只彩彩的媛妹儿 ,0,1,2
47,4791510232993002,LCoB9cyCe,全世界安利蔡徐坤CXK,2022-07-15 15:02:04,蔡徐坤太古里的3D裸眼之蔡徐坤 全世界安利蔡徐坤CXK的微博视频 ,0,1,1
47,4791510052635518,LCoARb3Cm,现准z父斗方_n,2022-07-15 15:01:21,#戴比尔斯品牌代言人蔡徐坤# #戴比尔斯蔡徐坤裸眼3d#线上云打卡，解锁新壁纸！代言人@蔡徐坤 太帅了！ ,0,0,1
47,4791509201457067,LCozu6735,花椒油喜欢花椒叶,2022-07-15 14:57:58,#戴比尔斯蔡徐坤裸眼3D#太好看了 ,0,0,0
47,4791506277239271,LCouLungr,坤不是坑啊,2022-07-15 14:46:21,蔡徐坤#戴比尔斯蔡徐坤裸眼3d##蔡徐坤说新歌是带着爱的# 宝贝好帅啊@蔡徐坤 ,0,0,0
47,4791505364191785,LCotihAtr,妍蔡kun,2022-07-15 14:42:43,蔡徐坤#戴比尔斯蔡徐坤裸眼3d# 白天只能这样了 妍蔡kun的微博视频 ,0,2,7
47,4791504952623506,LCosDb0uC,仅对蔡徐坤心动啊,2022-07-15 14:41:04,蔡徐坤蔡徐坤好帅啊#戴比尔斯蔡徐坤裸眼3d# @蔡徐坤 ,0,1,0
47,4791503593670520,LCoqrfoRW,-82号花房-,2022-07-15 14:35:41,蔡徐坤#戴比尔斯蔡徐坤裸眼3d# 有姐妹能帮带太古里裸眼大屏的ID嘛 ,0,5,1
47,4791503501135813,LCoqi4Ltz,睡不饱的葵,2022-07-15 14:35:19,蔡徐坤#戴比尔斯品牌代言人蔡徐坤##戴比尔斯蔡徐坤裸眼3d#  打卡太古里得限定壁纸！大哥也太好看了吧！@蔡徐坤 ,0,0,2
47,4791500934745537,LCom9jUwV,区块链研究院小天,2022-07-15 14:25:07,太古里的标志性裸眼3D 区块链以太坊#比特币超话#财经 区块链研究院小天的微博视频 ,0,0,0
47,4791500657657991,LColHw8bZ,西语喜坤,2022-07-15 14:24:01,蔡徐坤要带ID的丝我，顺便教教我怎么弄，我不太会@蔡徐坤 #戴比尔斯品牌代言人蔡徐坤##蔡徐坤请成为我的家人##戴比尔斯蔡徐坤裸眼3d# ,0,1,0
48,4791496781863151,LCofs7OGP,冬沛影视推荐,2022-07-15 14:08:37,奥特曼 裸眼3D 王俊凯、r1se、严浩翔、蔡徐坤快来看!  冬沛影视推荐的微博视频 ,0,0,1
48,4791416461199219,LCm9U51Yf,喵星82号飞行队,2022-07-15 08:49:27,#戴比尔斯蔡徐坤裸眼3d# 蔡徐坤#爱的新生# 芒果新娱网页链接 ,0,13,17
48,4791496358759732,LCoeLAKO0,可盐可甜cxKUN,2022-07-15 14:06:56,蔡徐坤#戴比尔斯品牌代言人蔡徐坤# cxk#戴比尔斯蔡徐坤裸眼3d#来欣赏@蔡徐坤 的美貌感谢@DeBeers戴比尔斯 可盐可甜cxKUN的微博视频 ,0,0,3
48,4791495406128172,LCodepIdu,恋阿坤的记噫·,2022-07-15 14:03:09,#蔡徐坤说新歌可以和情人battle一下# cxk#戴尔比斯蔡徐坤裸眼3D大屏# 突然很想说，谢谢你们，愿意做我的动力，让我始终能看得到那束光。@蔡徐坤 ,0,9,0
48,4791494102222101,LCob89k4l,tuo尼带刀,2022-07-15 13:57:58,蔡徐坤 不懂就问太古里大屏是全天播放吗？ #戴比尔斯蔡徐坤裸眼3d# ,0,0,0
48,4791490108462556,LCo4GzvuQ,蔡徐坤的音符贩卖机,2022-07-15 13:42:06,#戴比尔斯蔡徐坤裸眼3d#  | 蔡徐坤 咱就是说，就要向全世界宣告代言人的魅力！@蔡徐坤 @DeBeers戴比尔斯 蔡徐坤的音符贩卖机的微博视频 ,0,0,1
48,4791485725671455,LCnXCnNp5,葵奎撒糖,2022-07-15 13:24:40,#戴比尔斯品牌代言人蔡徐坤# cxk#蔡徐坤代言cpb肌肤之钥# 蔡徐坤太古里裸眼3D视频太帅了！直接神颜暴击！@蔡徐坤 葵奎撒糖的微博视频 ,5,162,151
48,4791485687398525,LCnXyv2H3,KUN我的首选,2022-07-15 13:24:31,#戴比尔斯蔡徐坤裸眼3D# cxk #戴比尔斯品牌代言人蔡徐坤# 晚霞与玫瑰共绘浪漫 你是我藏在心底的爱意泛滥@蔡徐坤 cxk #爱的新生# KUN我的首选的微博视频 ,0,0,0
48,4791484785624766,LCnW6nBg2,沉溺情绪,2022-07-15 13:20:57,#戴比尔斯蔡徐坤裸眼3d#卧槽卧槽卧槽美爆了美哭了 ,0,0,0
48,4791483368737112,LCnTOAEVa,汐玖販賣奶葵,2022-07-15 13:15:19,#戴比尔斯蔡徐坤裸眼3D#戴比不愧是戴比 太牛了 ,0,0,0
49,4791481220730788,LCnQm346U,用户7145759914,2022-07-15 13:06:47,裸眼3D超震撼！#好好吃饭##遇见美好# 用户7145759914的微博视频 ,0,1,1
49,4791480709022013,LCnPwBR2l,2yxkou,2022-07-15 13:04:44,#戴比尔斯蔡徐坤裸眼3D#厉害不愧是戴比 ,0,0,0
49,4791480579001949,LCnPjBLOJ,Acacia__kun,2022-07-15 13:04:14,#戴比尔斯蔡徐坤裸眼3d#太爱了 ,0,0,0
49,4791480256566618,LCnONryhc,商丘网,2022-07-15 13:02:57,【华灯璀璨 流光溢彩】7月13日傍晚，市民在日月湖畔的商业区休闲游玩。日月湖畔灯光璀璨，夜色迷人。湖周边如今增添了不少网红打卡地。裸眼3D投影、音乐喷泉让很多市民流连忘返。本报融媒体记者 魏文慧 摄 ,0,0,0
49,4791478638086059,LCnMbxVyj,小精灵葵花,2022-07-15 12:56:31,#戴比尔斯品牌代言人蔡徐坤# cxk #戴比尔斯蔡徐坤裸眼3d# 小猫咪们快去@DeBeers戴比尔斯 公主号云打卡！心动首选蔡徐坤@蔡徐坤 ,0,0,0
49,4791433464910710,LCmBkkBv0,蔡困葵葵cxk,2022-07-15 09:57:01,蔡徐坤坤的裸眼3D有多久啊？月底才能去成都到时候有的话可帮忙带ID@蔡徐坤 ,0,56,21
49,4791477063912647,LCnJEgpRd,妙妙屋还不行嘛,2022-07-15 12:50:16,蔡徐坤有哪位宝贝在成都太古里吗  呜呜 赶紧去打卡3D裸眼屏 戴比就是有排面#戴比尔斯品牌代言人蔡徐坤# ,0,2,0
49,4791475974438975,LCnHTiCMn,BranneKUN,2022-07-15 12:45:55,#戴比尔斯品牌代言人蔡徐坤##蔡徐坤#成都·成都远洋太古里#蔡徐坤成都太古里裸眼3D##成都太古里裸眼3d屏# @DeBeers戴比尔斯 你太会了☺️但请提前发下微博😭😭😭我想去看 BranneKUN的微博视频 ,0,0,7
49,4791474762026404,LCnFW8v9W,AK葵_9869,2022-07-15 12:41:07,蔡徐坤#戴比尔斯品牌代言人蔡徐坤#cxk#戴比尔斯蔡徐坤裸眼3d# @蔡徐坤  网页链接 ,0,0,0
49,4791474702785293,LCnFQbGA5,玫瑰延續浪漫·,2022-07-15 12:40:53,#戴比尔斯蔡徐坤裸眼3d#  🌌晚风轻踩着云朵 月亮在贩售快乐 你从银河背后靠近我 我与星辉一同为你沦陷@蔡徐坤 （cr👉小🍠 侵权删） 玫瑰延續浪漫·的微博视频 ,0,35,21
50,4791482223167795,LCnRYdi5t,i心儿宝贝,2022-07-15 13:10:46,#戴比尔斯蔡徐坤裸眼3D# cxk #戴比尔斯品牌代言人蔡徐坤# 从此，一个人的眼眸落进了我的梦乡里，再闪耀的星星也抵不过他眼里的整条星河@蔡徐坤 cxk #爱的新生# i心儿宝贝的微博视频 ,0,0,0
50,4791481405278402,LCnQEm99w,躲在坤心里,2022-07-15 13:07:31,#蔡徐坤祖玛珑品牌代言人# cxk#戴比尔斯蔡徐坤裸眼3d# 谢谢你，不远万里来赴这偏离日常的迷宫旅程，义无反顾完成时光兑现的约定。@蔡徐坤 ,0,3,2
51,4791474182685279,LCnF0bgyX,我老爱吃完菜就犯困,2022-07-15 12:38:48,#蔡徐坤祖玛珑品牌代言人# cxk#戴比尔斯蔡徐坤裸眼3D# ⭐️星星溜进来躺在房顶 💐小花织成帘布坠在窗前 🦉猫头鹰念起未讲完的故事 🍈整个森林都进入一场甜甜的梦里 ✨你的晚安就是会有这样的魔力 @蔡徐坤蔡徐坤工作室的微博视频 ,0,0,0
51,4791471913308974,LCnBldSOy,ikun-欣儿宝贝,2022-07-15 12:29:48,#戴比尔斯蔡徐坤裸眼3D#cxk#戴比尔斯品牌代言人蔡徐坤# 太帅了太帅了@蔡徐坤#爱的新生#    ikun-欣儿宝贝的微博视频 ,0,0,0
51,4791407514226496,LClVthJvi,kkdm_,2022-07-15 08:13:54,天呐 这个裸眼3D真的好牛哦！！蔡徐坤和蝴蝶一起冲出屏幕！戴比牛牛牛 #戴比尔斯品牌代言人蔡徐坤# ,311,161,1270
51,4791466750903938,LCnt13N9E,香蔡丸子,2022-07-15 12:09:17,#戴比尔斯蔡徐坤裸眼3d#太帅啦 常州 ,0,0,0
51,4791466120973353,LCns045df,福建海博TV,2022-07-15 12:06:47,#聚焦第五届数字中国建设峰会##福州裸眼3D迎数字中国建设峰会#【第五届数字中国建设峰会来了！裸眼3D亮相！】#第五届数字中国峰会# 第五届数字中国建设峰会来了！裸眼3D亮相！一起来看↓（福州日报）  福州日报的微博视频 ,0,0,1
51,4791452745338835,LCn6qmoSf,876交通之声,2022-07-15 11:13:38,第五届数字中国建设峰会要来了！裸眼3D亮相！ 876交通之声的微博视频 ,0,0,1
51,4791451323730597,LCn48fEuV,幸运的希,2022-07-15 11:07:59,#戴比尔斯蔡徐坤裸眼3d##戴比尔斯品牌代言人蔡徐坤# 戴比尔斯gzh可以云打卡了！还有精美壁纸哦 幸运的希的微博视频 ,0,0,0
51,4791443446567037,LCmRqrynX,超爱沙拉酱,2022-07-15 10:36:41,#戴比尔斯蔡徐坤裸眼3D#戴比太贴心了，线上打卡超级赞，这个广告这个壁纸绝美，真的有被惊艳到#爱的新生# 超爱沙拉酱的微博视频 ,0,0,0
51,4791442804837811,LCmQokixd,小葵花·K,2022-07-15 10:34:08,快去拿壁纸吧#戴比尔斯品牌代言人蔡徐坤##戴比尔斯蔡徐坤裸眼3d# 小葵花·K的微博视频 ,0,0,2
51,4791438997193907,LCmKfubsL,YOYO·蔡徐坤,2022-07-15 10:19:00,云打卡！#爱的新生##戴比尔斯蔡徐坤裸眼3d# @DeBeers戴比尔斯 YOYO·蔡徐坤的微博视频 ,0,0,4
52,4791417224037104,LCmb8gWeA,财经老陈论市,2022-07-15 08:52:29,7月15日，宝通科技宣布，首个数字孪生智慧矿山系统正式发布，并与国内能源巨头签署过千万订单，为其下属矿山落地实施应用数字孪生矿山系统。宝通数字孪生智慧矿山系统基于宝通数字化输送带、智能输送8大类核心硬件及传感器和8大类软件监测系统、AR/VR/MR智能设备、裸眼3D混合现实空间等数字化产品，构 ...全文,0,0,0
52,4791414024573075,LCm5YjbFh,深圳大股侠,2022-07-15 08:39:46,"600523,贵航股份,  $贵航股份(SH600523)$绯闻女友贵州三剑客，箭在弦上蓄势待发；默默无闻贵航股份技术形态最好【往往出其不意攻其不备】，贵广股份蓄势最长叠加两年亏已经是迫在眉睫；贵绳股份绯闻最多，群众基础最好有一句老话人的地方不要去，容易发生踩汽车零部件裸眼3D技术突破正式进入车载辅助 ...全文",0,0,1
52,4791412594575205,LCm3FjcdD,蔡徐坤82号喵星球,2022-07-15 08:34:05,#戴比尔斯品牌代言人蔡徐坤# 📢品牌活动，扩散参与，七夕来成都太古里邂逅 @蔡徐坤，观看全球首发裸眼3D大片💡参与方式：1⃣ 7月15日-7月22日，关注 @DeBeers戴比尔斯 官方账号，转发并评论网页链接：你在太古里拍到的蔡徐坤，带上主题#爱的新生#、#戴比尔斯蔡徐坤裸眼3D#  ...全文,46,38,238
52,4791411939479187,LCm2BDLY7,KSL-蔡徐坤种菜乐园,2022-07-15 08:31:29,#戴比尔斯蔡徐坤裸眼3d# |#戴比尔斯品牌代言人蔡徐坤#  小🍠耗 👉🏻【De Beers戴比尔斯】更新一则相关小🐱们快去🔍查看哦～记得点👍，分|享@蔡徐坤  ,0,0,4
52,4791411663438070,LCm2aeqoK,小笨猪猪猪kun,2022-07-15 08:30:22,#戴比尔斯蔡徐坤裸眼3D#  熠熠闪烁甄选天然之美，不竭灵感孕育无限可能，这个七夕来成都太古里邂逅@蔡徐坤 #爱的新生# ,0,0,0
52,4791410265425462,LClZUmLps,梦梦笑哈哈,2022-07-15 08:24:50,蔡徐坤#戴比尔斯品牌代言人蔡徐坤# #戴比尔斯蔡徐坤裸眼3D# 戴比这个弄的好好，真的有出现在面前的既视感@蔡徐坤 梦梦笑哈哈的微博视频 ,0,0,3
52,4791164958150156,LCfCfyce8,Houson猴姆,2022-07-14 16:10:04,太特么帅了！Netflix打造剧版#生化危机#刚刚开播了！第一季8集一次性放出！而Netflix今天特意在纽约街头电子屏放了舔食者裸眼3D短片！！真的破屏而出了！！！赶紧看起来~~~ Houson猴姆的微博视频 ,212,136,817
52,4791079516242997,LCdorqc5v,NS新闻速报,2022-07-14 10:30:33,Netflix「生化危机」纽约裸眼 3D 广告  NS新闻速报的微博视频 ,189,78,581
52,4791083840834904,LCdvq3vcc,刷电影老太太,2022-07-14 10:47:44,网飞会玩剧版《生化危机》今日开播了，舔食者亮相纽约裸眼3D户外大屏，效果还挺震撼的！  刷电影老太太的微博视频 ,1009,199,2870
52,4791057809935340,LCcPqFGDq,游研社,2022-07-14 09:04:18,Netflix 《生化危机》真人剧的裸眼 3D 宣传视频。  游研社的微博视频 ,474,121,2015
53,4791167125818684,LCfFKopHK,福建日报,2022-07-14 16:18:41,【第五届数字中国建设峰会来了！裸眼3D亮相！】#聚焦第五届数字峰会# 第五届数字中国建设峰会要来了！裸眼3D亮相！ 福州日报的微博视频 ,2,0,4
53,4791153062577636,LCfj4aOyM,游戏趣闻速报,2022-07-14 15:22:48,Netflix《#生化危机#》真人剧集今天上线，这是纽约街头播放的裸眼3D宣传视频。  游戏趣闻速报的微博视频 ,20,21,49
53,4791157441432180,LCfq860zG,福州新闻网fznews,2022-07-14 15:40:12,福州新闻 【第五届数字中国建设峰会来了！裸眼3D亮相！】#聚焦第五届数字峰会# 第五届数字中国建设峰会来了！裸眼3D亮相！一起来看↓第五届数字中国建设峰会来了！裸眼3D亮相！  福州新闻网fznews的微博视频 ,0,0,0
53,4790800049508400,LC67GDTzi,新浪游戏,2022-07-13 16:00:03,#新宿东口的猫# 新宿裸眼3D屏幕的猫咪入住一周年，官方公开了一段全新视频。 新浪游戏的微博视频 ,21,0,65
53,4791149014815026,LCfcxkcBI,福州日报,2022-07-14 15:06:43,福州新闻 【第五届数字中国建设峰会来了！裸眼3D亮相！】#聚焦第五届数字峰会#  第五届数字中国建设峰会要来了！裸眼3D亮相！网页链接  福州日报的微博视频 ,0,1,5
53,4791144628884852,LCf5sBhm4,倩猫Li,2022-07-14 14:49:17,假期DAY2昨天晚上➕今天上午博哥带我疯狂打卡春熙路太古里宽窄巷锦里熊猫屁股✅3D裸眼大屏✅宽窄巷✅锦里✅还有热情的朋友带我们横扫成都小吃称盘麻辣烫✅冷锅串串✅冒粉✅兔头兔腿✅我不可以 ,0,0,3
53,4791125996998928,LCeBptmJW,BB姬Studio,2022-07-14 13:35:15,Netflix《生化危机》真人剧集裸眼3D宣传广告  BB姬Studio的微博视频 ,5,2,32
53,4791081990885226,LCdsr3IhQ,每日荐游君,2022-07-14 10:40:23,Netflix《生化危机》真人剧集 街头裸眼3D宣传视频  每日荐游君的微博视频 ,114,45,462
53,4791109983142940,LCebAdbCA,新浪资讯台,2022-07-14 12:31:36,生化危机今日在Netflix上线，一起看看Netflix在纽约街头投放的“舔食者”裸眼3D广告片，效果十分逼真(twi: Netflix) 微天下的微博视频 ,2,0,9
54,4791177545256086,LCfWym3lA,福建新闻广播fm1036,2022-07-14 17:00:05,#1036动新闻#【第五届数字中国建设峰会来了！裸眼3D亮相！】福州日报的微博视频 ,0,0,0
54,4791176711110984,LCfVd4F16,Bens小本,2022-07-14 16:56:45,《生化危机》纽约屏幕裸眼3D预告来啦！Netflix打造的剧场版《生化危机》第一季今天开播所有剧集！ Bens小本的微博视频 ,0,0,0
54,4791172377872951,LCfOdx275,新浪观影团,2022-07-14 16:39:33,Netflix版《生化危机》今日正式上线，纽约街头LED上播放这个的舔食者裸眼3D宣传片效果真的好cool  新浪观影团的微博视频 ,1,2,6
55,4791098847265026,LCdTCutXQ,电脑报,2022-07-14 11:47:21,《生化危机》真人剧集将在今天上映，Netflix在纽约投放了“舔食者”的裸眼3D短片。这效果，太真实了！！YouTube精选的微博视频 ,6,7,15
55,4791104970688812,LCe3v2TbS,楚惜刀,2022-07-14 12:11:42,裸眼3D好酷//@a土人: 太酷了吧！,392,1,10
55,4791091221758451,LCdHk7ns7,新闻110,2022-07-14 11:17:03,第五届数字中国建设峰会要来了！裸眼3D亮相！  新闻110的微博视频 ,0,0,1
55,4791077674159456,LCdlths40,太刀,2022-07-14 10:23:14,网飞生化危机剧集版舔爷登陆时报广场裸眼3D大屏 太刀的微博视频 ,2,2,4
55,4790786053113240,LC5L7d3Ty,日_推,2022-07-13 15:04:26,东京新宿街头裸眼3D三毛猫 一周年纪念新映像  日_推的微博视频 ,73,22,308
55,4790775379133990,LC5tTCkaq,游研社,2022-07-13 14:22:01,新宿裸眼3D大屏里的三花猫迎来了入住一周年，官方公开了一段纪念影像“全新的房间”。 游研社的微博视频 ,478,46,970
55,4790981796561296,LCaQPrwTm,搞笑大主持,2022-07-14 04:02:15,LED屏越来越秀了，裸眼3D的效果你品品 #燃夏快乐争霸赛##夏日解忧放映会# 搞笑大主持的微博视频 ,0,0,0
56,4784573706405594,Lzu9cqSo2,武汉汇迅达电气商贸有限公司,2022-06-26 11:38:47,成都太古里 #3D裸眼屏幕 #LED屏创意 武汉汇迅达电气商贸有限公司的微博视频 ,0,0,0
56,4784557151227423,LztIv59j9,南京文旅,2022-06-26 10:33:00,#南京文旅# #悠悠夏日长#【越夜越美丽！带你去博物馆“穿越”古今】夏日夜晚去哪休闲？南京市民俗博物馆在6月的每周五、周六夜间开放试运行，7月正式运行。水池假山空间结合扇形水秀，打造出了户外3D水幕裸眼沉浸体验，津逮楼内还有5D沉浸立体空间数字展示。在游逛之中体验穿古越今的奇妙。@南京日报  ...全文,14,3,7
56,4784551932462861,LztA5akHz,sTEveNs-,2022-06-26 10:12:16,多伦多街头BMW M 50周年的裸眼3D广告 #WeAreM##50YearsofM# sTEveNs-的微博视频 ,0,0,8
56,4784529657040566,Lzt09txzw,心学和性格,2022-06-26 08:43:45,凹面镜成像能不能做成裸眼3D供显示视频使用？ ,0,0,1
56,4784410169968551,LzpTqFPh5,了沫Dylan-,2022-06-26 00:48:57,看到太古里的裸眼3D大屏顺手录了一下成都夜生活真的好牛啊啊啊啊不想回去了成都你带我走吧555 成都 了沫Dylan-的微博视频 ,0,0,2
56,4784398220659858,LzpAa2LES,山东快一点,2022-06-26 00:01:28,长春说事【实拍#滨州夜晚有多热闹# 沸腾了】渤海国际广场中心位置，新建当下最流行、最爆款的裸眼3D大屏幕！也将是滨州首座裸眼3D大屏幕！最近几天有知名的网红在这里做直播，晚上天气凉爽，大家都过来观看，热闹非凡，这是今天晚上拍到的画面#每天大小事##寻美滨州#  山东快一点的微博视频 ...全文,0,0,0
56,4784398170329883,LzpA51nOH,山东快一点,2022-06-26 00:01:16,每天大小事【实拍#滨州夜晚有多热闹# 沸腾了】渤海国际广场中心位置，新建当下最流行、最爆款的裸眼3D大屏幕！也将是滨州首座裸眼3D大屏幕！最近几天有知名的网红在这里做直播，晚上天气凉爽，大家都过来观看，热闹非凡，这是今天晚上拍到的画面#每天大小事##寻美滨州#  山东快一点的微博视频  ...全文,0,0,0
56,4784393179108772,Lzps1CdBG,酷盖啵啵卷心菜,2022-06-25 23:41:26,#王一博亮相成都裸眼3d大屏#打卡春熙路，四舍五入等于同框啦哈哈😃#王一博平安喜乐# 摩托姐姐永远支持你#王一博# 成都·春熙路 酷盖啵啵卷心菜的微博视频 ,0,0,3
56,4784379278922027,Lzp5BBr1F,淡清川,2022-06-25 22:46:12,街上偶然看見的裸眼3d鯨魚 香港·香港北角 淡清川的微博视频 ,0,0,1
56,4784366116670243,LzoKnrZez,做你眼里星星a,2022-06-25 21:53:54,张杰#张杰演唱会预告# 真的好久没有拿出来体验3d裸眼感观了@张杰 做你眼里星星a的微博视频 ,0,9,9
57,4786368842042030,LAeQA8zdY,兔玩游戏,2022-07-01 10:32:01,网友分享了星之守护者 霞的裸眼3D大家觉得怎么样cr：Panunulol twi #2022星之守护者# 兔玩游戏的微博视频 ,41,28,314
57,4786028600365267,LA5ZO1x1p,国资小新,2022-06-30 12:00:01,【沉浸式飞跃抽水蓄能电站，一起裸眼3D么？】跟着穿越机一起“飞”越抽水蓄能电站，感受抽水蓄能这个超级工程的巨大魅力。日前，南方电网梅州、阳江两座百万千瓦级抽水蓄能电站同时投产发电，粤港澳大湾区电网抽水蓄能总装机近1000万千瓦。#粤港澳大湾区# @南网50Hz  南网50Hz的微博视频 ,10,58,2032
57,4784919739630241,LzD9jEpgt,丹阳日报,2022-06-27 10:33:47,【夯实高质量发展基础】36℃是6月18日我市的最高温度。如果还有什么比似火的骄阳更热烈，那一定是开发区干部群众推进重大项目建设、狠抓有效投资的决心和热情。当天上午，位于开发区的江苏视睿迪光电有限公司一期投产仪式如期举行，该公司从最早地专注于裸眼3D，到现在布局教育、标牌、交通、医疗四 ...全文,0,1,1
57,4784899335393131,LzCCpmCZZ,滨州日报,2022-06-27 09:12:43,#滨州身边事# 【渤海七路省级步行街改造提升一期启用，滨州首个裸眼3D大屏炫目登场】6月26日晚，渤海七路省级步行街改造提升一期竣工启用仪式暨2022年滨城区夏季广场文化活动开幕式在渤海国际中心广场举行。网页链接 ,0,0,0
57,4784625715252172,Lzvv5m2ks,南京文明网,2022-06-26 15:05:27,【越夜越美丽！带你去博物馆“穿越”古今】夏日夜晚去哪休闲？南京市民俗博物馆在6月的每周五、周六夜间开放试运行，7月正式运行。水池假山空间结合扇形水秀，打造出了户外3D水幕裸眼沉浸体验，津逮楼内还有5D沉浸立体空间数字展示。在游逛之中体验穿古越今的奇妙。南京日报的微博视频 ,1,0,1
57,4784622770852715,Lzvql3zPt,南京规划资源,2022-06-26 14:53:45,#金陵城事# 【越夜越美丽！带你去博物馆“穿越”古今】夏日夜晚去哪休闲？南京市民俗博物馆在6月的每周五、周六夜间开放试运行，7月正式运行。水池假山空间结合扇形水秀，打造出了户外3D水幕裸眼沉浸体验，津逮楼内还有5D沉浸立体空间数字展示。在游逛之中体验穿古越今的奇妙。南京日报的微博视频 ...全文,0,0,1
57,4784620165399511,Lzvm8mEET,karli凯莉karryyan,2022-06-26 14:43:24,王俊凯💙#全能乳液#💙#全力维稳 能量新生#💙        【重庆观音桥3788裸眼3D大屏】       Sisley在重庆观音桥投放的大屏太抢眼了了，超大屏幕无论是从远处还是近出看，只要一抬头就能看到，和小凯一起收获初夏全能护肤之选，见证全能乳液的多维魅力，探寻全能植萃秘境之旅，邂逅更多 ...全文,0,0,4
57,4784616475462049,LzvgbmUVz,笛子Anai,2022-06-26 14:28:44,郑州西亚斯学院 西亚斯裸眼3D实验室 郑州·郑州西亚斯学院 笛子Anai的微博视频 ,0,0,3
57,4784613933189670,Lzvc5dnMi,秦淮发布,2022-06-26 14:18:38,【越夜越美丽！带你去博物馆“穿越”古今】夏日夜晚去哪休闲？南京市民俗博物馆在6月的每周五、周六夜间开放试运行，7月正式运行。水池假山空间结合扇形水秀，打造出了户外3D水幕裸眼沉浸体验，津逮楼内还有5D沉浸立体空间数字展示。在游逛之中体验穿古越今的奇妙。南京日报的微博视频 ,0,0,0
57,4784611484240022,Lzv88hN1s,鼓楼微讯,2022-06-26 14:08:54,【越夜越美丽！带你去博物馆“穿越”古今】夏日夜晚去哪休闲？南京市民俗博物馆在6月的每周五、周六夜间开放试运行，7月正式运行。水池假山空间结合扇形水秀，打造出了户外3D水幕裸眼沉浸体验，津逮楼内还有5D沉浸立体空间数字展示。在游逛之中体验穿古越今的奇妙。南京日报的微博视频 ,6,1,0
58,4784608417157205,Lzv3bu1UN,南京发布,2022-06-26 13:56:43,【越夜越美丽！带你去博物馆“穿越”古今】夏日夜晚去哪休闲？南京市民俗博物馆在6月的每周五、周六夜间开放试运行，7月正式运行。水池假山空间结合扇形水秀，打造出了户外3D水幕裸眼沉浸体验，津逮楼内还有5D沉浸立体空间数字展示。在游逛之中体验穿古越今的奇妙。南京日报的微博视频 ,1,5,12
58,4784582861784072,LzunY7u7m,棚妃只爱lyn,2022-06-26 12:15:10,宁露成霜〔且试英雄×裸眼3D〕且试英雄裸眼3D虽迟但到，承诺过的就一定会做！！！咱也不是专业的，剪得不好的地方体谅一下啦 棚妃只爱lyn的微博视频 ,0,16,65
59,4784385919028056,LzpgjBSBO,Ya-Eliauk,2022-06-25 23:12:35,分享视频 成都·成都远洋太古里 很甜夾心脆的微博视频 ,0,0,4
59,4784365738918189,LzoJLBq1L,影茹影视,2022-06-25 21:52:23,裸眼3D巨猫 好大一只啊！  影茹影视的微博视频 ,0,0,0
59,4784365668667407,LzoJEAmMT,心莹影视,2022-06-25 21:52:07,裸眼3D奥特曼，只要你相信光，奥特曼就在你身边，bgm起！“新的风暴已经出现，怎么能够停止不前~”  心莹影视的微博视频 ,0,0,0
59,4784363924098611,LzoGQhceD,gonex,2022-06-25 21:45:11,“裸眼3D” gonex的微博视频 ,0,0,12
59,4784362711418286,LzoET5WXA,Mervin_Shu,2022-06-25 21:40:22,2022广东省男子篮球联赛🏀体育展示走进揭幕战🆒国内赛事屈指可数采用裸眼3D技术🎥创造无限，开火不息🔥势必争先烎YíNG#广东篮球# ,0,1,3
59,4784358231903747,LzoxF7ZfB,安诺素冷暖自知,2022-06-25 21:22:34,打卡成都太古里3D裸眼屏幕 安诺素冷暖自知的微博视频 ,0,0,0
60,4783919783741108,Lzd8ufHes,游戏头条君,2022-06-24 16:20:20,#怪物猎人崛起曙光# 新宿裸眼3D爵银龙，游戏将于6月30日正式发售。游卡哥的微博视频 ,0,0,0
60,4783919780336135,Lzd8u1prx,游扒君,2022-06-24 16:20:19,#怪物猎人崛起曙光# 新宿裸眼3D爵银龙，游戏将于6月30日正式发售。游卡哥的微博视频 ,0,1,0
60,4783915246554906,Lzd1arvei,Switch游戏姬,2022-06-24 16:02:18,卡普空在JR新宿站东口站前广场附近投放了一个非常震撼的“爵银龙”裸眼3D影像广告。#switch# #怪物猎人#  Switch游戏姬的微博视频 ,20,17,79
60,4783896564076933,Lzcx2h6AZ,玩STEAM的大魔王,2022-06-24 14:48:04,《怪物猎人崛起：曙光》在新宿裸眼3D大屏上投放的爵银龙宣传广告，正式版将于6月30日登陆Steam/NS平台。 玩STEAM的大魔王的微博视频 ,2,3,23
60,4783862830334992,LzbED1p96,XiaoT模型空间站,2022-06-24 12:34:01,爵银龙登上新宿裸眼3D大屏 XiaoT模型空间站的微博视频 ,2,0,8
60,4783854022559332,LzbqqaJNy,大众软件果然棒,2022-06-24 11:59:01,东京新宿裸眼3D广告更新，《怪物猎人崛起：曙光》爵银龙袭来。本次内容更新将于6月30日正式推出，在Steam和NS平台登陆。#怪物猎人崛起# #怪物猎人崛起曙光# 大众软件果然棒的微博视频 ,0,1,4
60,4783853703792255,LzbpUfUxp,GAMEOVER拌面君,2022-06-24 11:57:45,还记得日本新宿的裸眼3D大屏吗？《怪物猎人崛起：曙光》中的封面怪，银爵龙来了，想去，帅爆#怪物猎人崛起曙光# GAMEOVER拌面君的微博视频 ,11,1,13
60,4783850503013081,LzbkKcDQ5,BB姬Studio,2022-06-24 11:45:01,《怪物猎人：崛起 曙光》裸眼3D屏「等身大爵银龙 入侵！」纪念影像 BB姬Studio的微博视频 ,4,3,17
60,4783847981976636,LzbgG8ide,MaosouHouse_猫受屋,2022-06-24 11:35:01,#怪物猎人# 爵银龙闪现新宿裸眼3D大屏快要飞出来了！！太酷了！！ MaosouHouse_猫受屋的微博视频 ,3,3,16
60,4783839282990907,Lzb2Ecy4r,游民星空,2022-06-24 11:00:27,东京新宿裸眼3D广告：《怪物猎人崛起：曙光》爵银龙来袭！本DLC将于6月30日正式推出，登陆NS和Steam平台。#怪物猎人崛起# #怪物猎人崛起曙光#  游民星空的微博视频 ,22,17,62
61,4783953288888778,Lze0wBino,景哥的乖乖崽喔,2022-06-24 18:33:27,我大泰州的裸眼3D🉑️ 泰州·泰州金融广场 景哥的乖乖崽喔的微博视频 ,1,0,3
61,4783947756606616,LzdRBrIGk,速报ACG,2022-06-24 18:11:29,东京新宿街头的裸眼3D《怪物猎人：崛起 曙光》爵银龙！  速报ACG的微博视频 ,58,4,91
61,4783938357171893,LzdCru5JH,全球微时尚,2022-06-24 17:34:08,在机车的阵阵轰鸣和卷起的尘土沙石中，数十辆摩托车从柏油赛道上飞驰驶过……一场热血高能的#裸眼3D# 摩托车赛正在#广州天河路商圈“第一大屏”# 上演，向这座城市传递着“前，无止境！”的体育拼搏精神，点亮繁忙都市奋斗者。兆讯传媒史无前例地在天河路商圈打造了一座科技与人文完美交融的城市露天电 ...全文,225,276,620
61,4783936028283017,LzdyGyKN3,科技潮人,2022-06-24 17:24:53,首部#裸眼3D# 摩托车赛大片登陆广州天河路商圈“第一大屏”1400㎡的超大荧幕面积带来震撼逼真的视觉冲击P6显示屏完美搭载高清裸眼3D独特长条幅屏幕形态灵活呈现S级＋动画特效 引发无数路人围观打卡以科技赋能户外商圈大屏 以温度点亮人文艺术市景先锋内容诠释创意影像 为传播提供更广阔的空间   ...全文,570,287,1022
61,4783924079760175,LzdfpEX4b,兆讯传媒,2022-06-24 16:37:24,天河路商圈“第一大屏”，院线级震撼裸眼3D，为传播提供更广阔空间，#兆讯传媒# 诚意礼献  从“心”出发！#广州天河路裸眼3D大屏##裸眼3D摩托车赛大片##城市商圈LED##裸眼3D# 兆讯传媒的微博视频 ,5058,2008,5074
61,4783922230329941,Lzdcr1nPD,游戏控,2022-06-24 16:30:03,#怪物猎人崛起曙光# 新宿裸眼3D爵银龙，游戏将于6月30日正式发售。#夏日浪游计划# 游戏控的微博视频 ,1,0,1
61,4783919784790636,Lzd8uk6gk,微博玩家,2022-06-24 16:20:20,#怪物猎人崛起曙光# 新宿裸眼3D爵银龙，游戏将于6月30日正式发售。游卡哥的微博视频 ,0,0,0
63,4783833910351018,LzaTZ1tjA,搞笑热门贴,2022-06-24 10:39:06,离手机一拳的距离，感受裸眼3D的大片特效恐龙#奇妙视频园游会##第一视角制作人计划##摄影第一视角#  搞笑热门贴的微博视频 ,0,0,0
63,4783833750442831,LzaTJ1Rcr,痞客青春追光者,2022-06-24 10:38:28,威海海洋科技馆裸眼3D真的YYDS 威海·威海海洋科技馆 痞客青春追光者的微博视频 ,0,0,1
63,4783827971213545,LzaKp55Hj,3DMGAME官方微博,2022-06-24 10:15:30,在日本新宿街头的《怪物猎人崛起：曙光》“爵银龙”的裸眼3D影像广告，以3D形式见证高贵的古龙逼近！《怪物猎人崛起：曙光》将于6月30日登陆Switch和Steam，支持中文，试玩版现已发布。#怪物猎人##怪物猎人崛起#  3DMGAME官方微博的微博视频 ,5,5,15
63,4783827597395150,LzaJNv1OC,新浪游戏,2022-06-24 10:14:01,#怪物猎人崛起曙光# 新宿裸眼3D爵银龙 新浪游戏的微博视频 ,14,2,51
63,4783825152903352,LzaFRcbig,游侠网,2022-06-24 10:04:18,东京新宿街头播放的《#怪物猎人崛起曙光#》裸眼3D广告：“爵银龙来袭”。 游侠网的微博视频 ,7,0,15
63,4783824503047088,LzaEOcMGA,游研社,2022-06-24 10:01:43,爵银龙登上新宿裸眼3D大屏，广告持续到7月7日。《怪物猎人崛起 曙光》将于 6月30日 正式上线。 游研社的微博视频 ,191,58,399
63,4783820132584103,LzaxLaQf5,汽车第一达人,2022-06-24 09:44:21,2021年11月挂牌，奔驰S450 四驱版颜色:钻石白/棕内  2300公里选装:后轮转向、数字大灯、裸眼3D、后排娱乐（带双耳机）、后排按摩、主动氛围灯 ,1,3,2
63,4783813819894531,LzanzFw1d,玩Switch的呆呆兽,2022-06-24 09:19:16,#怪物猎人崛起曙光# 新宿裸眼3D大屏上出现了爵银龙的身姿！  玩Switch的呆呆兽的微博视频 ,36,9,104
63,4783812887708969,Lzam4wlsd,日_推,2022-06-24 09:15:34,东京新宿街头裸眼3D爵银龙  日_推的微博视频 ,172,30,425
63,4783811521417204,LzajS5WG8,任饭大本营,2022-06-24 09:10:08,新宿东口巨型裸眼3D大屏《怪物猎人崛起：曙光》广告之“爵银龙来袭”今日起上线，会播放到7月7日。#怪物猎人崛起# 任饭大本营的微博视频 ,7,2,23
64,4783811211036478,Lzajn4lDo,电玩巴士,2022-06-24 09:08:54,《怪物猎人崛起：曙光》裸眼3D等身大爵银龙现身新宿街道。#怪物猎人崛起曙光# #怪物猎人崛起#  电玩巴士的微博视频 ,20,6,32
64,4783810598145074,LzainyaUa,游卡哥,2022-06-24 09:06:28,#怪物猎人崛起曙光# 新宿裸眼3D爵银龙  游卡哥的微博视频 ,2,0,0
64,4783810544405737,Lzaiiiu8h,浪玩堂,2022-06-24 09:06:15,#怪物猎人崛起曙光# 新宿裸眼3D爵银龙  浪玩堂的微博视频 ,2,0,4
64,4783809990492506,Lzahp247E,NS新闻速报,2022-06-24 09:04:02,新宿 裸眼3D 爵银龙  NS新闻速报的微博视频 ,246,51,530
64,4783792835267277,Lz9PJm6g5,饭拍娃娃4K,2022-06-24 07:55:53,KEP1ERKEP1ER#kep1er##宝藏二创榜#  CHOOM4K舞蹈版kep1er Up!对比视频，还可以当裸眼3D看 饭拍娃娃4K的微博视频 ,0,7,19
64,4783644332270118,Lz5Yd9wyO,小赞比的馨,2022-06-23 22:05:47,自贡 方特 值回票价#科技感##裸眼3D##剧场秀##4D震撼# ,0,5,5
65,4783636072897247,Lz5KTc9HN,Lion_Ryan,2022-06-23 21:32:58,好了 重庆的图都发完了成都的再攒攒 已打卡熊猫基地并没有看到多少🐼 人民公园喝了茶 不得不说成都真的巴适 比较慢节奏  太古里裸眼3d 宽窄巷子也很不错   珍惜最后几天希望我和大头能去个都江堰 再看个三星堆 ,0,10,71
65,4783567391428599,Lz3Y75ZDV,摩登天空,2022-06-23 17:00:03,#五条人数字藏品# 18:00 五条人Save City裸眼3D数字艺术作品/藏品盲盒即将正式发售！同时摩登天空【登登登VIP】与数字藏品【 I.M.O. 星际动力别动队-星际漫游者 】的藏家可提前五分钟，即17:55开始购买。实名注册「正在现场」app 开抢，详情见评论区。 摩登天空的微博视频 ,1,0,17
65,4783544482663135,Lz3nabaNN,我比流言蜚语更早认识KUN,2022-06-23 15:29:01,蔡徐坤#蔡徐坤式舞台美学# 你永远可以相信KUN式舞台美学！@蔡徐坤 的音乐不局限于耳朵，更是一场无与伦比的视听盛宴。飘落的雪、黑暗中盛开的花、独眼蜘蛛的“监控”、裸眼3D效果的狮子...把热爱的东西做到最极致，每一个舞台暗藏着蔡徐坤的小巧思。你最喜欢哪个舞台设计呢～  ...全文,0,0,0
65,4783335211272209,LyXVD5kXv,晨晨ZYK,2022-06-23 01:37:27,打卡太古里裸眼3D，太震撼了！ #跟我打卡最红地标 #裸眼3d 晨晨ZYK的微博视频 ,0,0,1
65,4781848678631652,LylfZAduc,阿旭摄影,2022-06-18 23:10:30,全程期待的步行街裸眼3D今晚正式启幕！今晚你去打卡了吗？#安徽芜湖 #裸眼3d #科技感爆棚 芜湖·中山路步行街 阿旭摄影的微博视频 ,0,1,2
65,4781831557743915,LykOnwuxR,鱼子芥末,2022-06-18 22:02:28,#王一博冰雨火# wyb#王一博# 这都是专门为王一博老师打造的，裸眼3D的真人实拍大屏，自从有了首支，又有了第二支、第三支……#王一博这就是街舞5# @UNIQ-王一博  糖果Tracer的微博视频 ,0,1,1
65,4781829078651941,LykKnAiLr,春天树Fay,2022-06-18 21:52:37,#昕昕的一星半点# 16m29d投影在水杉林中的裸眼3D短片《大自然不需要人类，人类需要大自然》，小朋友看了两遍，着迷。 嘉兴·放鹤洲 ,0,0,0
65,4781777111223511,Lyjoz58i3,予丁伦,2022-06-18 18:26:07,功夫之王，裸眼3D系列，好看记得点赞 (8)  予丁伦的微博视频 ,0,0,0
66,4781755532577787,LyiPLaOBd,掌门说车,2022-06-18 17:00:22,新能源汽车品牌RADAR，在成都举办了一场#向大自然借2平米#的活动，用沉浸式的裸眼3D空间，让身处城市中的人，也能感受天海一色，山川和鸣的美好。@无界2平米  掌门说车的微博视频 ,300,411,738
66,4781712665740723,LyhICo5qj,武汉你好,2022-06-18 14:10:02,想找回2020年在江汉路的专属回忆吗？来这里就可以，江汉路步行街中心广场一食万巷裸眼3D大屏上的宇宙飞船全新升级，重新回归。上一次在江汉路裸眼3D大屏上看到宇宙飞船还是两年前，现在重新升级后的宇宙飞船又回来了，比之前更炫酷，更带感，视觉效果简直不要太真实太震撼，爽翻天的体验，来江汉路就可 ...全文,40,94,176
66,4781675718117201,LygL1y3EB,采珠拾贝,2022-06-18 11:43:13,王一博【王一博 | 裸眼3D打戏-蓝客剑心】“做了坏事天不容诛，既然要死，何不死在我的剑下？！”#王一博# BGM：飞天素材来源：@Watermelon_王一博西瓜籽圆啵 采珠拾贝的微博视频 ,31,16,65
66,4781649243934991,Lyg4kgvFB,安徽论坛,2022-06-18 09:58:01,#合肥步行街裸眼3d大屏互动# 今晚19点，合肥淮河路步行街 3D 大屏开启全网弹幕互动！可以发送弹幕说出对毕业后的打算、对今后理想学生生涯的规划、对以后生活的祝福、诉说对父亲一些心里话以及上学期间一直不敢对 ta 说的话~#毕业季#  #父亲节# 快来打卡吧~  安徽论坛的微博视频 ,1,0,3
66,4781458473877958,Lyb6DggPI,阜阳同城会,2022-06-17 21:19:57,➡️#阜阳商厦时代广场# ⬅️美｜⏰  6月18日 - 6月19日 ⏰好｜🎵音乐制燥  💽超燃动感DJ研｜🚘车尾集市  🌎裸眼3D大屏究｜🔔6月22日  📍社会实践课所｜💰money和快乐一并给你🤲 阜阳·阜阳商厦时代广场 ,1,101,152
66,4781448323926737,LyaQggtwt,满船清梦压星河chen,2022-06-17 20:39:38,裸眼3d就这啊就这啊 还没有生日应援长😓 满船清梦压星河chen的微博视频 ,0,0,5
66,4781438374778607,LyaAdk38j,美食有一套,2022-06-17 20:00:06,#裸眼3D#沉浸式体验霓虹果然没让我失望 美食有一套的微博视频 ,0,0,0
66,4781437662532127,Lyaz4aCIL,合肥天幕-先明,2022-06-17 19:57:16,步行街裸眼3D大屏毕业季心愿 表白 父亲节祝福火爆进行中……你来了嘛……#合肥淮河路裸眼3d大屏##合肥天幕##高考加油##父亲节# 合肥天幕-先明的微博视频 ,2,3,12
66,4781437347171776,Lyayyu5HO,热爱摸鱼-,2022-06-17 19:56:01,"#一心一意,易烊千玺# 你追世界，我们追逐你背影@TFBOYS-易烊千玺 我好喜欢剪的这一版，18岁生日会和玊尔合剪的裸眼3D效果cr：千玺嘛呢嘛呢的微博视频 ",6,2,14
66,4781413083386276,Ly9VqecVm,深海兔精,2022-06-17 18:19:36,拾光买卖街的裸眼3D圆明园小片惊艳～虽然只有五分钟🎥看了两遍，沉浸式体验，把文字付诸于画面“虽为人作，宛如天开”👍👍👍 ,0,0,1
67,4781371534870870,Ly8Qpkr8q,娱笑挖掘机,2022-06-17 15:34:30,#裸眼3D是怎么骗过眼睛的#虽然说我不知道裸眼3D是如何去欺骗了我们的眼睛，可是我就觉得屏幕面前的那些东西看起来就好像是真实存在。 ,50,0,44
67,4781369823068839,Ly8NEcSlp,陈皓然icon,2022-06-17 15:27:41,搞笑#裸眼3D是怎么骗过眼睛的# 裸眼3D也太真实了，直接打破次元壁！ 张皓川的微博视频 ,50,0,48
67,4781363482071978,Ly8Dq8H10,好运许愿,2022-06-17 15:02:30,#裸眼3D是怎么骗过眼睛的# 杭州的3d这也太真实了吧，好像是屏幕里边的人物要向我冲过来一样，好神奇啊， ,53,0,45
67,4781363398443188,Ly8Dhzqss,剧综视界,2022-06-17 15:02:09,#裸眼3D是怎么骗过眼睛的# 咱就是说有谁没有看过这个裸眼3D都会是一种损失吧，真的非常的逼真，不得不感叹一下现在的科技了，强烈大家要去看一看呀 ,52,0,44
67,4778241899890423,LwPqBFuWX,阿萌Mona-,2022-06-09 00:18:27,桐庐旅行｜避暑胜地瑶琳仙境🏞夏天来啦🌞天气真的是越来越热了常年18-20度左右🌡️的瑶琳仙境必须给大家种草一下.瑶琳仙境以其神奇的地势地貌和瑰丽多姿的钟乳石景闻名。其中最值得看的有“银河飞瀑”、“擎天玉柱”、“三十三重天”和“瑶琳玉峰”这四个景。一进门的洞厅有个裸眼3D秀，将 ...全文,1093,1072,2068
67,4755729451319972,LnnMd5xnS,现生最重要future,2022-04-07 21:22:00,裸眼3D 虚拟现实 定向投影 动态捕捉技术 CG声光特效，这些东西都是我泼十年前玩剩下的了，说实话现在打着科技宇宙名号的那些团连我泼5%的科技含量都做不到，日本近未来无肌质黑科技女团，那可不是跟你闹着玩的 ,0,0,1
67,4707185831185246,L30W34YkS,尤尤豫豫,2021-11-24 22:27:00,啵啵的手机到港! 悬浮效果太炫了，拍不出来，裸眼3d，唯一一点点遗憾就是悬浮的是redmi，不是啵啵的签名。整个产品和包装都是一体的，工业设计的水准很高。从来没有这么喜欢过绿色! 性能我用一阵再来repo #王一博的note11# ,0,15,17
67,4701564881602432,L0EI06IRG,悟空评测,2021-11-09 10:11:21,没有想到，王一博参与设计的手机，外观上面会这么出众。说一下，Redmi Note 11潮流限定版的一些基本感受：1、全新的全息悬浮工艺，和想象中的完全不同，Redmi的Logo，是完全悬浮在机身之上的。实际的视觉感受就是“裸眼3D”，Redmi是漂浮在空中，很神奇的感觉，建议大家到小米之家去实际感受下；2、 ...全文,33,96,612
67,4680681449853457,KxQTmFlkJ,吴克群,2021-09-12 19:08:03,舞台沒看清楚裸眼3D特效的都快來這裡#吴克群太帅了花裸眼3D舞台# 吴克群的微博视频 ,3119,3447,8403
68,4773461589230875,LuP4qCJn5,张艺兴资讯台,2022-05-26 19:43:12,#高甜舞台大赏# 〈资讯台自制 × 《𝙋𝙚𝙖𝙘𝙝》裸眼3𝘿〉        在等待见面的日子里，献上一首张艺兴的《小黄桃》（裸眼3𝘿版）给小贝壳r们，我们一定会以更好的姿态奔赴一场盛大的相遇。        他很乖，也很性感@张艺兴 张艺兴资讯台的微博视频 ,182,123,1076
68,4773130721559106,LuGsM6xAS,新法制报,2022-05-25 21:48:27,【首届江西文博会秀科技：让文化“活”起来】元宇宙数字虚拟人教健身、跟方志敏穿越时空“对话”、裸眼3d、XR、AI智能修复……在首届江西文化产业博览交易会上，一批批创新技术应用成果闪亮登场，处处闪耀着科技的力量，秀足“科技范”。（来源：江西新闻客户端）网页链接 ,2,0,0
68,4756343745418233,LnDL0mJwR,优酷剧集,2022-04-09 14:03:00,#恰似故人归街头裸眼3D表白#春色如许，共赴一场浪漫写意的东方童话，纪云禾@Dear-迪丽热巴 长意@任嘉伦Allen 裸眼3D还原名场面蓉城再现，尽在优酷 #武汉成都街头偶遇纪云禾长意##恰似故人归# ,14,33,470
68,4756330156395712,LnDp5qPOE,优酷宠爱剧场,2022-04-09 13:09:00,#恰似故人归街头裸眼3D表白#春日宜相恋，一眼许终生。小爱被这场盛大的浪漫告白所打动了#恰似故人归##宠爱剧场# ,27,35,517
68,4756297394162510,LnCyfhsRg,芒果娱乐,2022-04-09 10:58:49,#恰似故人归街头裸眼3D表白# 走过路过不要错过！👖《恰似故人归》的裸眼3D大屏来了！纪云禾九尾狐开大出屏、云意CP摸脸高甜名场面，震撼感和浪漫感都要扑出屏幕了第一看到有剧这么用心做3D大屏，这大排面，酷是真能处！#恰似故人归# 芒果娱乐的微博视频 ,460,792,2150
68,4756293619811367,LnCs9FanR,驭鲛记之恰似故人归,2022-04-09 10:43:49,#恰似故人归街头裸眼3D表白# 街头偶遇，那就一起来见证一场独一无二的告白吧！#武汉成都街头偶遇纪云禾长意# #恰似故人归#,86,184,3306
68,4756293590190774,LnCs70ND0,驭鲛记之恰似故人归,2022-04-09 10:43:42,#恰似故人归街头裸眼3D表白# 在这个春天还有什么是比收到一份3Ｄ表白更浪漫的事呢#武汉成都街头偶遇纪云禾长意# #恰似故人归#,106,116,3357
68,4756293544575471,LnCs2jchV,驭鲛记之恰似故人归,2022-04-09 10:43:30,#武汉成都街头偶遇纪云禾长意#  前方高能预警！《与君初相识·恰似故人归》的排面有！#恰似故人归街头裸眼3D表白# #恰似故人归#,154,143,3217
68,4756286439427601,LnCgzDyy5,新加坡小笔尖,2022-04-09 10:15:17,#恰似故人归街头裸眼3D表白好绝# 有被成都武汉街头《恰似故人归》 的裸眼3D告白浪漫到！！“纪云禾我们再也不要分开了”，如果能够快点给我再安排上纪云禾下线阿纪和长意甜甜蜜蜜我就更圆满了！！好幸福的追剧体验，想给👖来一首谢谢你温暖了四~季#恰似故人归街头裸眼3D表白# ,637,158,2657
