车辆品牌,价格,上牌时间,里程,所在地,图片链接
奔驰C级 C200L 2.0T 自动 运动版成就特别版 ,22.8, 2018年01月,7.0万公里 ,上海,https://s2.iautos.cn/source/carupload/photo/2022/0715/19/2022071519014077440535549693.jpg-mediumpic
奥迪A4L 45TFSI 2.0T 自动 风尚型 ,17.9, 2017年11月,5.6万公里 ,上海,https://s2.iautos.cn/source/carupload/photo/2022/0716/15/2022071615584429876315554785.jpg-mediumpic
奥迪A4L 35TFSI 2.0T 自动 舒适型 ,14.6, 2015年11月,6.6万公里 ,上海,https://s3.iautos.cn/source/carupload/photo/2022/0716/09/2022071609480492624530394735.jpg-mediumpic
福特蒙迪欧 1.5T 自动 EcoBoost180豪华型 ,10.2, 2018年11月,4.6万公里 ,上海,https://s1.iautos.cn/source/carupload/photo/2022/0716/16/2022071616115126895238908147.jpg-mediumpic
宝马5系 525Li 2.0T 自动 豪华套装 ,32.9, 2021年06月,1.6万公里 ,杭州,https://s1.iautos.cn/source/carupload/photo/2022/0628/15/2022062815200863722431815779.jpg-mediumpic
宝马5系 525Li 2.0T 自动 豪华设计套装 ,29.38, 2019年03月,2.0万公里 ,宁波,https://s1.iautos.cn/source/carupload/photo/2022/0311/11/2022031111280456435915219389.jpg-mediumpic
宝马5系 525Li 2.0T 自动 M运动套装 ,33.8, 2020年11月,3.0万公里 ,宁波,https://s2.iautos.cn/source/carupload/photo/2022/0302/15/2022030215214789793218314095.jpg-mediumpic
宝马5系 530Li 2.0T 自动 改款尊享型豪华套装 ,33.8, 2021年03月,2.6万公里 ,杭州,https://s1.iautos.cn/source/carupload/photo/2022/0628/15/2022062815315426228117638620.jpg-mediumpic
宝马5系 530Li 2.0T 自动 改款领先型豪华套装 ,30.5, 2021年01月,1.4万公里 ,杭州,https://s1.iautos.cn/source/carupload/photo/2022/0628/15/2022062815410902155932327981.jpg-mediumpic
宝马5系 530Li 2.0T 自动 xDrive-M运动套装改款 ,30.88, 2019年10月,6.0万公里 ,金华,https://s2.iautos.cn/source/carupload/photo/2022/0714/08/2022071408565860297540258438.jpg-mediumpic
宝马5系 528Li 2.0T 自动 上市特别版 ,27.8, 2018年10月,5.8万公里 ,泰安,https://s3.iautos.cn/source/carupload/photo/2022/0714/09/2022071409045530458744575465.jpg-mediumpic
宝马5系 530Li 2.0T 自动 领先型M运动套装 ,32.5, 2019年11月,2.6万公里 ,周口,https://s2.iautos.cn/source/carupload/photo/2022/0502/11/2022050211025439279414061755.jpg-mediumpic
宝马5系 530Li 2.0T 自动 M运动套装 ,36.8, 2021年07月,2.2万公里 ,杭州,https://s1.iautos.cn/source/carupload/photo/2022/0628/15/2022062815132482289329786539.jpg-mediumpic
宝马5系 530Li 2.0T 自动 领先型豪华套装改款 ,29.2, 2018年11月,6.0万公里 ,苏州,https://s1.iautos.cn/source/carupload/photo/2022/0713/20/2022071320134048256234089307.jpg-mediumpic
宝马5系 525Li 2.0T 自动 M运动套装改款 ,28.8, 2018年12月,3.56万公里 ,金华,https://s1.iautos.cn/source/carupload/photo/2022/0502/11/2022050211121378338718873478.jpg-mediumpic
宝马5系 525Li 2.0T 自动 豪华套装 ,35.88, 2020年08月,3.2万公里 ,宁波,https://s3.iautos.cn/source/carupload/photo/2022/0310/15/2022031015442816730903479051.jpg-mediumpic
宝马5系 525Li 2.0T 自动 M运动套装 ,39.88, 2019年03月,3.8万公里 ,宁波,https://s2.iautos.cn/source/carupload/photo/2022/0312/17/2022031217124411342922115007.jpg-mediumpic
宝马5系 525Li 2.0T 自动 M运动套装改款 ,31.5, 2019年08月,2.8万公里 ,平顶山,https://s1.iautos.cn/source/carupload/photo/2022/0502/11/2022050211013804413710791914.jpg-mediumpic
宝马5系 525Li 2.0T 自动 M运动套装 ,33.88, 2020年02月,2.0万公里 ,宁波,https://s3.iautos.cn/source/carupload/photo/2022/0302/10/2022030210102137748232687126.jpg-mediumpic
宝马5系 528Li 2.0T 自动 上市特别版 ,27.5, 2018年11月,4.8万公里 ,无锡,https://s1.iautos.cn/source/carupload/photo/2022/0713/20/2022071320181410688515870975.jpg-mediumpic
宝马5系 530Li 2.0T 自动 尊享型M运动套装 ,37.9, 2020年07月,2.8万公里 ,宁波,https://s1.iautos.cn/source/carupload/photo/2022/0520/14/2022052014021560332825224194.jpg-mediumpic
宝马5系 530Li 2.0T 自动 领先型M运动套装 ,31.5, 2019年11月,5.0万公里 ,贵阳,https://s3.iautos.cn/source/carupload/photo/2022/0714/08/2022071408021345278325778550.jpg-mediumpic
宝马5系 528Li 2.0T 自动 上市特别版 ,26.8, 2018年10月,4.8万公里 ,郑州,https://s3.iautos.cn/source/carupload/photo/2022/0704/16/2022070416575806092808206107.jpg-mediumpic
宝马5系 530Li 2.0T 自动 领先型豪华套装改款 ,30.8, 2018年11月,5.0万公里 ,绍兴,https://s3.iautos.cn/source/carupload/photo/2022/0422/08/2022042208523394981934480644.jpg-mediumpic
宝马5系 530Li 2.0T 自动 xDrive-M运动套装 ,32.5, 2019年08月,3.0万公里 ,宁波,https://s1.iautos.cn/source/carupload/photo/2022/0429/10/2022042910254865479237301526.jpg-mediumpic
宝马5系 530Li 2.0T 自动 领先型豪华套装 ,31.8, 2020年08月,3.0万公里 ,杭州,https://s2.iautos.cn/source/carupload/photo/2022/0628/16/2022062816082039665930167540.jpg-mediumpic
宝马5系 530Li 2.0T 自动 领先型豪华套装 ,34.98, 2021年03月,2.8万公里 ,杭州,https://s1.iautos.cn/source/carupload/photo/2022/0628/15/2022062815280391033146853347.jpg-mediumpic
宝马5系 525Li 2.0T 自动 领先型 ,22.5, 2017年11月,5.8万公里 ,洛阳,https://s1.iautos.cn/source/carupload/photo/2022/0713/20/2022071320381897647232108104.jpg-mediumpic
宝马5系 530Li 2.0T 自动 领先型豪华套装改款 ,32.0, 2018年07月,3.8万公里 ,舟山,https://s2.iautos.cn/source/carupload/photo/2022/0430/10/2022043010454805078605051963.jpg-mediumpic
宝马5系 530Li 2.0T 自动 xDrive-M运动套装改款 ,29.5, 2018年10月,5.0万公里 ,扬州,https://s2.iautos.cn/source/carupload/photo/2022/0713/20/2022071320251734334847293749.jpg-mediumpic
宝马5系 530Li 2.0T 自动 xDrive-M运动套装 ,30.5, 2018年10月,3.0万公里 ,绍兴,https://s3.iautos.cn/source/carupload/photo/2022/0704/16/2022070416521173413301755345.jpg-mediumpic
宝马5系 530Li 2.0T 自动 改款尊享型豪华套装 ,34.5, 2021年08月,2.2万公里 ,杭州,https://s3.iautos.cn/source/carupload/photo/2022/0628/15/2022062815064127511348624725.jpg-mediumpic
宝马5系 530Li 2.0T 自动 领先型M运动套装 ,30.2, 2019年07月,2.0万公里 ,衢州,https://s2.iautos.cn/source/carupload/photo/2022/0502/11/2022050211181846354404466458.jpg-mediumpic
宝马5系 530Li 2.0T 自动 领先型豪华套装改款 ,28.9, 2018年08月,3.4万公里 ,衡阳,https://s2.iautos.cn/source/carupload/photo/2022/0506/13/2022050613332635998501572696.jpg-mediumpic
宝马5系 525Li 2.0T 自动 豪华套装 ,27.6, 2018年09月,7.0万公里 ,菏泽,https://s3.iautos.cn/source/carupload/photo/2022/0714/09/2022071409021683451627949101.jpg-mediumpic
宝马5系 540Li 3.0T 自动 行政版 ,39.98, 2018年08月,4.0万公里 ,贵阳,https://s2.iautos.cn/source/carupload/photo/2022/0422/15/2022042215575247899334721066.jpg-mediumpic
宝马5系 530Li 2.0T 自动 尊享型豪华套装 ,37.8, 2020年01月,2.5万公里 ,宁波,https://s2.iautos.cn/source/carupload/photo/2022/0617/16/2022061716032209068544611977.jpg-mediumpic
宝马5系 530Li 2.0T 自动 领先型豪华套装 ,32.8, 2020年11月,2.4万公里 ,杭州,https://s2.iautos.cn/source/carupload/photo/2022/0628/15/2022062815552693273609891249.jpg-mediumpic
宝马5系 530Li 2.0T 自动 领先型M运动套装 ,29.0, 2018年12月,3.8万公里 ,徐州,https://s2.iautos.cn/source/carupload/photo/2022/0507/09/2022050709114901514909253917.jpg-mediumpic
宝马5系 530Li 2.0T 自动 领先型豪华套装改款 ,28.8, 2018年10月,5.0万公里 ,金华,https://s1.iautos.cn/source/carupload/photo/2022/0511/09/2022051109123400458241810290.jpg-mediumpic
宝马5系 528Li 2.0T 自动 上市特别版 ,28.9, 2018年11月,3.0万公里 ,舟山,https://s3.iautos.cn/source/carupload/photo/2022/0511/09/2022051109480092053520344441.jpg-mediumpic
宝马5系 530Li 2.0T 自动 xDrive豪华套装改款 ,29.5, 2018年10月,6.5万公里 ,贵阳,https://s1.iautos.cn/source/carupload/photo/2022/0714/08/2022071408464394864111677790.jpg-mediumpic
宝马5系 525Li 2.0T 自动 领先型 ,23.5, 2017年07月,3.9万公里 ,湖州,https://s2.iautos.cn/source/carupload/photo/2022/0506/08/2022050608485947054605789973.jpg-mediumpic
宝马5系 525Li 2.0T 自动 豪华套装 ,31.88, 2018年03月,5.8万公里 ,宁波,https://s2.iautos.cn/source/carupload/photo/2022/0312/17/2022031217101526442735025266.jpg-mediumpic
宝马5系 530Li 2.0T 自动 领先型豪华套装改款 ,28.5, 2018年11月,6.8万公里 ,青岛,https://s3.iautos.cn/source/carupload/photo/2022/0714/08/2022071408534136321628365994.jpg-mediumpic
宝马5系 528Li 2.0T 自动 上市特别版 ,27.3, 2018年06月,5.0万公里 ,宁波,https://s1.iautos.cn/source/carupload/photo/2022/0625/12/2022062512431623959921136951.jpg-mediumpic
宝马5系 528Li 2.0T 自动 上市特别版 ,26.8, 2018年09月,5.0万公里 ,徐州,https://s3.iautos.cn/source/carupload/photo/2022/0713/20/2022071320164631664602464135.jpg-mediumpic
宝马5系 530Li 2.0T 自动 尊享型M运动套装改款 ,30.5, 2018年11月,4.8万公里 ,郑州,https://s2.iautos.cn/source/carupload/photo/2022/0713/20/2022071320320867435920695791.jpg-mediumpic
宝马5系 525Li 2.0T 自动 豪华套装 ,28.88, 2019年09月,6.0万公里 ,台州,https://s3.iautos.cn/source/carupload/photo/2022/0422/09/2022042209054982398638190053.jpg-mediumpic
宝马5系 520Li 2.0T 自动 典雅型 ,21.88, 2017年09月,6.3万公里 ,郑州,https://s2.iautos.cn/source/carupload/photo/2022/0713/20/2022071320305728832649130794.jpg-mediumpic
宝马5系 530Li 2.0T 自动 改款M运动套装 ,32.8, 2021年02月,1.3万公里 ,杭州,https://s2.iautos.cn/source/carupload/photo/2022/0628/15/2022062815353159576934259288.jpg-mediumpic
宝马5系 525Li 2.0T 自动 M运动套装 ,26.5, 2018年10月,6.0万公里 ,南京,https://s1.iautos.cn/source/carupload/photo/2022/0713/20/2022071320101412634906324049.jpg-mediumpic
宝马5系 525Li 2.0T 自动 M运动套装 ,26.8, 2018年10月,6.0万公里 ,新乡,https://s3.iautos.cn/source/carupload/photo/2022/0713/20/2022071320334427372643860700.jpg-mediumpic
宝马5系 530Li 2.0T 自动 领先型豪华套装改款 ,28.5, 2018年10月,6.0万公里 ,菏泽,https://s2.iautos.cn/source/carupload/photo/2022/0714/09/2022071409005982352143478478.jpg-mediumpic
宝马5系 530Li 2.0T 自动 尊享型豪华套装 ,39.8, 2020年09月,3.0万公里 ,杭州,https://s3.iautos.cn/source/carupload/photo/2022/0628/16/2022062816051507285841989995.jpg-mediumpic
宝马5系 525Li 2.0T 自动 M运动套装 ,35.8, 2020年09月,2.7万公里 ,杭州,https://s3.iautos.cn/source/carupload/photo/2022/0628/16/2022062816014425275831112530.jpg-mediumpic
宝马5系 525Li 2.0T 自动 M运动套装改款 ,28.5, 2019年11月,5.0万公里 ,郑州,https://s2.iautos.cn/source/carupload/photo/2022/0704/16/2022070416562536957633045215.jpg-mediumpic
宝马5系 530Li 2.0T 自动 xDrive-M运动套装 ,30.8, 2018年07月,3.8万公里 ,湖州,https://s1.iautos.cn/source/carupload/photo/2022/0506/08/2022050608475005230947958434.jpg-mediumpic
宝马5系 525Li 2.0T 自动 M运动套装 ,27.3, 2018年09月,6.2万公里 ,南京,https://s1.iautos.cn/source/carupload/photo/2022/0713/20/2022071320112131685618658374.jpg-mediumpic
宝马5系 530Li 2.0T 自动 xDrive豪华套装改款 ,29.0, 2018年10月,3.8万公里 ,吉安,https://s1.iautos.cn/source/carupload/photo/2022/0506/13/2022050613321642750605451409.jpg-mediumpic
宝马5系 525Li 2.0T 自动 M运动套装 ,26.8, 2018年08月,6.0万公里 ,青岛,https://s1.iautos.cn/source/carupload/photo/2022/0521/19/2022052119331826129330653491.jpg-mediumpic
宝马5系 528Li 2.0T 自动 上市特别版 ,31.3, 2018年02月,6.7万公里 ,宁波,https://s2.iautos.cn/source/carupload/photo/2022/0606/14/2022060614442026324228987650.jpg-mediumpic
宝马5系 520Li 2.0T 自动 典雅型 ,18.2, 2015年08月,6.5万公里 ,新乡,https://s3.iautos.cn/source/carupload/photo/2022/0506/13/2022050613295717157629641340.jpg-mediumpic
宝马5系 530Li 2.0T 自动 尊享型豪华套装 ,33.5, 2019年10月,5.0万公里 ,济南,https://s1.iautos.cn/source/carupload/photo/2022/0714/08/2022071408544196343743015214.jpg-mediumpic
宝马5系 530Li 2.0T 自动 xDrive-M运动套装 ,33.5, 2019年10月,5.0万公里 ,盐城,https://s3.iautos.cn/source/carupload/photo/2022/0713/20/2022071320224346082032819053.jpg-mediumpic
宝马5系 528Li 2.0T 自动 上市特别版 ,27.5, 2018年11月,5.0万公里 ,宿迁,https://s1.iautos.cn/source/carupload/photo/2022/0713/20/2022071320191460794418132459.jpg-mediumpic
宝马5系 525Li 2.0T 自动 豪华设计套装 ,16.8, 2014年06月,6.3万公里 ,宁波,https://s1.iautos.cn/source/carupload/photo/2022/0503/12/2022050312534611515342928896.jpg-mediumpic
宝马5系 530Li 2.0T 自动 领先型M运动套装 ,28.9, 2019年08月,4.3万公里 ,扬州,https://s2.iautos.cn/source/carupload/photo/2022/0506/09/2022050609010062653637321979.jpg-mediumpic
宝马5系 528Li 2.0T 自动 上市特别版 ,27.5, 2018年09月,5.0万公里 ,杭州,https://s3.iautos.cn/source/carupload/photo/2022/0521/19/2022052119295039762507518559.jpg-mediumpic
宝马5系 525Li 2.0T 自动 M运动套装 ,29.5, 2019年10月,3.6万公里 ,苏州,https://s1.iautos.cn/source/carupload/photo/2022/0506/08/2022050608543229923746001617.jpg-mediumpic
宝马5系 530Li 2.0T 自动 领先型豪华套装 ,30.5, 2018年05月,5.5万公里 ,宁波,https://s3.iautos.cn/source/carupload/photo/2022/0422/08/2022042208051249348301467656.jpg-mediumpic
宝马5系 520Li 2.0T 自动 典雅型 ,17.0, 2014年08月,7.32万公里 ,长沙,https://s1.iautos.cn/source/carupload/photo/2022/0429/11/2022042911332779061923350586.jpg-mediumpic
宝马5系 530Li 3.0L 自动 领先型 ,17.0, 2014年05月,6.0万公里 ,青岛,https://s2.iautos.cn/source/carupload/photo/2022/0514/11/2022051411331741436902599430.jpg-mediumpic
宝马5系 520Li 2.0T 自动 典雅型 ,19.8, 2015年04月,7.0万公里 ,绍兴,https://s1.iautos.cn/source/carupload/photo/2022/0519/15/2022051915110367223426662714.jpg-mediumpic
宝马5系 525Li 2.0T 自动 豪华设计套装 ,19.2, 2015年10月,7.0万公里 ,宁波,https://s1.iautos.cn/source/carupload/photo/2022/0503/12/2022050312370528862914192313.jpg-mediumpic
宝马5系 530Li 2.0T 自动 领先型豪华套装改款 ,30.5, 2018年06月,5.0万公里 ,株洲,https://s2.iautos.cn/source/carupload/photo/2022/0511/10/2022051110164972759920336870.jpg-mediumpic
宝马5系 520Li 2.0T 自动 典雅型 ,16.5, 2014年12月,7.8万公里 ,衢州,https://s1.iautos.cn/source/carupload/photo/2022/0514/20/2022051420123308365700560624.jpg-mediumpic
宝马5系 530Li 2.0T 自动 改款尊享型M运动套装 ,35.6, 2021年01月,3.4万公里 ,杭州,https://s2.iautos.cn/source/carupload/photo/2022/0628/15/2022062815465771974241927190.jpg-mediumpic
宝马5系 530Li 2.0T 自动 领先型豪华套装改款 ,30.8, 2019年09月,5.0万公里 ,嘉兴,https://s2.iautos.cn/source/carupload/photo/2022/0628/13/2022062813275013514637796923.jpg-mediumpic
宝马5系 525Li 2.0T 自动 M运动套装 ,26.5, 2018年10月,5.0万公里 ,金华,https://s2.iautos.cn/source/carupload/photo/2022/0704/16/2022070416482304472700079901.jpg-mediumpic
车辆品牌,价格,上牌时间,里程,所在地,图片链接
丰田汉兰达 2.7L 自动 豪华导航版 ,9.98, 2013年09月,12.0万公里 ,淄博,https://s2.iautos.cn/source/carupload/photo/2022/0828/10/2022082810262445862803911588.jpg-mediumpic
宝马5系 530Li 2.0T 自动 尊享型M运动套装 ,44.98, 2021年01月,1.6万公里 ,苏州,https://s3.iautos.cn/source/carupload/photo/2022/0905/14/2022090514060789047636757980.jpg-mediumpic
宝马5系 525Li 2.0T 自动 M运动套装 ,30.8, 2020年03月,2.0万公里 ,杭州,https://s2.iautos.cn/source/carupload/photo/2022/0726/15/2022072615323581090714960667.jpg-mediumpic
宝马5系 525Li 2.0T 自动 M运动套装 ,33.8, 2021年03月,1.9万公里 ,杭州,https://s1.iautos.cn/source/carupload/photo/2022/0628/15/2022062815250787640018159027.jpg-mediumpic
宝马5系 530Li 2.0T 自动 尊享型豪华套装 ,35.6, 2021年06月,1.7万公里 ,杭州,https://s2.iautos.cn/source/carupload/photo/2022/0628/15/2022062815170979434025197356.jpg-mediumpic
宝马5系 530Li 2.0T 自动 领先型豪华套装改款 ,30.5, 2018年09月,2.7万公里 ,宁波,https://s1.iautos.cn/source/carupload/photo/2022/0502/11/2022050211050058067433144672.jpg-mediumpic
宝马5系 530Li 2.0T 自动 M运动套装 ,36.8, 2021年07月,2.2万公里 ,杭州,https://s1.iautos.cn/source/carupload/photo/2022/0628/15/2022062815132482289329786539.jpg-mediumpic
宝马5系 530Li 2.0T 自动 尊享型M运动套装 ,37.9, 2020年07月,2.8万公里 ,宁波,https://s1.iautos.cn/source/carupload/photo/2022/0520/14/2022052014021560332825224194.jpg-mediumpic
宝马5系 530Li 2.0T 自动 xDrive-M运动套装 ,31.8, 2019年09月,3.9万公里 ,温州,https://s3.iautos.cn/source/carupload/photo/2022/0511/09/2022051109110115490442623656.jpg-mediumpic
宝马5系 530Li 2.0T 自动 领先型M运动套装 ,38.5, 2019年02月,3.8万公里 ,宁波,https://s2.iautos.cn/source/carupload/photo/2022/0527/14/2022052714435977914028256038.jpg-mediumpic
宝马5系 530Li 2.0T 自动 xDrive豪华套装改款 ,29.0, 2018年10月,3.8万公里 ,吉安,https://s1.iautos.cn/source/carupload/photo/2022/0506/13/2022050613321642750605451409.jpg-mediumpic
宝马5系 525Li 2.0T 自动 M运动套装 ,27.35, 2019年09月,3.5万公里 ,郑州,https://s3.iautos.cn/source/carupload/photo/2022/0704/16/2022070416591374379706383839.jpg-mediumpic
宝马5系 525Li 2.0T 自动 M运动套装改款 ,28.5, 2019年11月,5.0万公里 ,郑州,https://s2.iautos.cn/source/carupload/photo/2022/0704/16/2022070416562536957633045215.jpg-mediumpic
宝马5系 530Li 2.0T 自动 xDrive-M运动套装改款 ,33.5, 2019年09月,3.6万公里 ,洛阳,https://s3.iautos.cn/source/carupload/photo/2022/0502/10/2022050210591085123025117488.jpg-mediumpic
宝马5系 528Li 2.0T 自动 上市特别版 ,27.5, 2018年09月,5.0万公里 ,杭州,https://s3.iautos.cn/source/carupload/photo/2022/0521/19/2022052119295039762507518559.jpg-mediumpic
宝马5系 528Li 2.0T 自动 上市特别版 ,27.5, 2018年11月,5.0万公里 ,宿迁,https://s1.iautos.cn/source/carupload/photo/2022/0713/20/2022071320191460794418132459.jpg-mediumpic
宝马5系 525Li 2.0T 自动 M运动套装改款 ,28.5, 2019年06月,3.8万公里 ,杭州,https://s1.iautos.cn/source/carupload/photo/2022/0511/09/2022051109093692313626842292.jpg-mediumpic
宝马5系 525Li 2.0T 自动 豪华套装 ,30.6, 2020年12月,4.0万公里 ,杭州,https://s1.iautos.cn/source/carupload/photo/2022/0628/15/2022062815515761538212653681.jpg-mediumpic
宝马5系 540Li 3.0T 自动 行政版改款 ,38.5, 2018年12月,5.0万公里 ,镇江,https://s3.iautos.cn/source/carupload/photo/2022/0713/20/2022071320280238073247769641.jpg-mediumpic
宝马5系 530Li 2.0T 自动 领先型M运动套装 ,32.5, 2018年10月,5.0万公里 ,宁波,https://s1.iautos.cn/source/carupload/photo/2022/0430/08/2022043008451716481623808870.jpg-mediumpic
宝马5系 530Li 2.0T 自动 尊享型M运动套装改款 ,30.88, 2018年08月,2.8万公里 ,福州,https://s3.iautos.cn/source/carupload/photo/2022/0511/10/2022051110181505615740553359.jpg-mediumpic
宝马5系 525Li 2.0T 自动 M运动套装改款 ,28.8, 2018年12月,3.56万公里 ,金华,https://s1.iautos.cn/source/carupload/photo/2022/0502/11/2022050211121378338718873478.jpg-mediumpic
宝马5系 530Li 2.0T 自动 xDrive-M运动套装 ,32.5, 2019年08月,3.0万公里 ,宁波,https://s1.iautos.cn/source/carupload/photo/2022/0429/10/2022042910254865479237301526.jpg-mediumpic
宝马5系 525Li 2.0T 自动 M运动套装改款 ,30.5, 2019年08月,3.8万公里 ,常州,https://s1.iautos.cn/source/carupload/photo/2022/0507/09/2022050709143340133126651080.jpg-mediumpic
宝马5系 525Li 2.0T 自动 豪华套装改款 ,27.5, 2018年10月,6.0万公里 ,扬州,https://s3.iautos.cn/source/carupload/photo/2022/0713/20/2022071320265752031116245492.jpg-mediumpic
宝马5系 530Li 2.0T 自动 xDrive-M运动套装 ,30.5, 2018年10月,3.0万公里 ,绍兴,https://s3.iautos.cn/source/carupload/photo/2022/0704/16/2022070416521173413301755345.jpg-mediumpic
宝马5系 530Li 2.0T 自动 改款领先型豪华套装 ,39.8, 2021年02月,2.0万公里 ,杭州,https://s2.iautos.cn/source/carupload/photo/2022/0726/16/2022072616100529350442497725.jpg-mediumpic
宝马5系 528Li 2.0T 自动 上市特别版 ,27.8, 2018年10月,5.8万公里 ,泰安,https://s3.iautos.cn/source/carupload/photo/2022/0714/09/2022071409045530458744575465.jpg-mediumpic
宝马5系 520Li 2.0T 自动 典雅型 ,22.5, 2017年11月,6.0万公里 ,淮安,https://s3.iautos.cn/source/carupload/photo/2022/0713/20/2022071320213924972430119088.jpg-mediumpic
宝马5系 530Li 2.0T 自动 领先型豪华套装 ,30.5, 2018年05月,5.5万公里 ,宁波,https://s3.iautos.cn/source/carupload/photo/2022/0422/08/2022042208051249348301467656.jpg-mediumpic
宝马5系 530Li 2.0T 自动 领先型豪华套装改款 ,28.9, 2018年08月,3.4万公里 ,衡阳,https://s2.iautos.cn/source/carupload/photo/2022/0506/13/2022050613332635998501572696.jpg-mediumpic
宝马5系 530Li 2.0T 自动 xDrive豪华套装改款 ,28.5, 2018年10月,5.0万公里 ,贵阳,https://s2.iautos.cn/source/carupload/photo/2022/0806/16/2022080616072942889228641805.jpg-mediumpic
宝马5系 530Li 2.0T 自动 xDrive-M运动套装改款 ,29.5, 2018年10月,5.0万公里 ,扬州,https://s2.iautos.cn/source/carupload/photo/2022/0713/20/2022071320251734334847293749.jpg-mediumpic
宝马5系 530Li 2.0T 自动 领先型M运动套装 ,31.5, 2019年11月,5.0万公里 ,贵阳,https://s3.iautos.cn/source/carupload/photo/2022/0714/08/2022071408021345278325778550.jpg-mediumpic
宝马5系 530Li 2.0T 自动 领先型M运动套装改款 ,28.8, 2018年10月,4.5万公里 ,湖州,https://s3.iautos.cn/source/carupload/photo/2022/0521/19/2022052119360244737113211695.jpg-mediumpic
宝马5系 530Li 2.0T 自动 xDrive-M运动套装 ,33.5, 2019年10月,5.0万公里 ,盐城,https://s3.iautos.cn/source/carupload/photo/2022/0713/20/2022071320224346082032819053.jpg-mediumpic
宝马5系 525Li 2.0T 自动 领先型 ,23.8, 2017年09月,6.0万公里 ,宿迁,https://s1.iautos.cn/source/carupload/photo/2022/0506/09/2022050609021982346107474465.jpg-mediumpic
宝马5系 530Li 2.0T 自动 xDrive-M运动套装 ,28.9, 2018年10月,5.8万公里 ,平顶山,https://s1.iautos.cn/source/carupload/photo/2022/0713/20/2022071320401616627802892616.jpg-mediumpic
宝马5系 530Li 2.0T 自动 领先型M运动套装 ,31.5, 2019年10月,5.8万公里 ,焦作,https://s2.iautos.cn/source/carupload/photo/2022/0713/20/2022071320344474798439342973.jpg-mediumpic
宝马5系 528Li 2.0T 自动 上市特别版 ,28.5, 2018年09月,3.1万公里 ,绍兴,https://s2.iautos.cn/source/carupload/photo/2022/0502/11/2022050211141755144429279127.jpg-mediumpic
宝马5系 530Li 2.0T 自动 领先型M运动套装改款 ,29.5, 2019年06月,4.5万公里 ,衢州,https://s2.iautos.cn/source/carupload/photo/2022/0506/08/2022050608524310691116149233.jpg-mediumpic
宝马5系 530Li 2.0T 自动 领先型M运动套装 ,27.99, 2019年10月,5.6万公里 ,温州,https://s3.iautos.cn/source/carupload/photo/2022/0714/08/2022071408512618143516788068.jpg-mediumpic
宝马5系 520Li 2.0T 自动 典雅型 ,18.2, 2015年08月,6.5万公里 ,新乡,https://s3.iautos.cn/source/carupload/photo/2022/0506/13/2022050613295717157629641340.jpg-mediumpic
宝马5系 530Li 2.0T 自动 改款尊享型M运动套装 ,35.6, 2021年01月,3.4万公里 ,杭州,https://s2.iautos.cn/source/carupload/photo/2022/0628/15/2022062815465771974241927190.jpg-mediumpic
宝马5系 525Li 2.0T 自动 M运动套装 ,26.5, 2018年11月,5.7万公里 ,无锡,https://s3.iautos.cn/source/carupload/photo/2022/0812/11/2022081211545250285129620544.jpg-mediumpic
宝马5系 528Li 2.0T 自动 上市特别版 ,28.2, 2018年09月,5.0万公里 ,湖州,https://s3.iautos.cn/source/carupload/photo/2022/0502/11/2022050211154826164721578414.jpg-mediumpic
宝马5系 530Li 2.0T 自动 领先型豪华套装 ,31.8, 2020年08月,3.0万公里 ,杭州,https://s2.iautos.cn/source/carupload/photo/2022/0628/16/2022062816082039665930167540.jpg-mediumpic
宝马5系 540Li 3.0T 自动 行政版 ,39.98, 2018年08月,4.0万公里 ,贵阳,https://s2.iautos.cn/source/carupload/photo/2022/0422/15/2022042215575247899334721066.jpg-mediumpic
宝马5系 520Li 2.0T 自动 典雅型 ,18.5, 2016年06月,5.9万公里 ,郑州,https://s2.iautos.cn/source/carupload/photo/2022/0506/13/2022050613284903059026227533.jpg-mediumpic
宝马5系 525Li 2.0T 自动 豪华套装 ,26.5, 2018年10月,6.0万公里 ,洛阳,https://s2.iautos.cn/source/carupload/photo/2022/0713/20/2022071320371539191701074993.jpg-mediumpic
宝马5系 530Li 2.0T 自动 领先型M运动套装改款 ,28.8, 2018年09月,5.7万公里 ,苏州,https://s2.iautos.cn/source/carupload/photo/2022/0713/20/2022071320122132362223490571.jpg-mediumpic
宝马5系 520Li 2.0T 自动 典雅型 ,18.5, 2016年10月,7.0万公里 ,永州,https://s2.iautos.cn/source/carupload/photo/2022/0511/10/2022051110152482197821632134.jpg-mediumpic
宝马5系 530Li 2.0T 自动 领先型M运动套装 ,29.6, 2018年10月,5.0万公里 ,济南,https://s1.iautos.cn/source/carupload/photo/2022/0521/19/2022052119322148844329586753.jpg-mediumpic
宝马5系 528Li 2.0T 自动 上市特别版 ,29.0, 2018年08月,3.8万公里 ,温州,https://s1.iautos.cn/source/carupload/photo/2022/0502/11/2022050211112069187441365026.jpg-mediumpic
宝马5系 530Li 2.0T 自动 领先型M运动套装 ,30.65, 2018年11月,3.2万公里 ,衡阳,https://s3.iautos.cn/source/carupload/photo/2022/0506/13/2022050613310884552145736218.jpg-mediumpic
宝马5系 530Li 2.0T 自动 xDrive-M运动套装 ,30.5, 2018年10月,3.2万公里 ,杭州,https://s1.iautos.cn/source/carupload/photo/2022/0502/11/2022050211061305397241414196.jpg-mediumpic
宝马5系 525Li 2.0T 自动 M运动套装改款 ,27.8, 2018年11月,6.2万公里 ,嘉兴,https://s2.iautos.cn/source/carupload/photo/2022/0422/09/2022042209065528091921046816.jpg-mediumpic
宝马5系 530Li 2.0T 自动 领先型豪华套装改款 ,30.8, 2019年09月,5.0万公里 ,嘉兴,https://s2.iautos.cn/source/carupload/photo/2022/0628/13/2022062813275013514637796923.jpg-mediumpic
宝马5系 530Li 2.0T 自动 领先型豪华套装 ,30.2, 2019年08月,6.5万公里 ,宁波,https://s1.iautos.cn/source/carupload/photo/2022/0422/08/2022042208410255056536399178.jpg-mediumpic
宝马5系 530Li 2.0T 自动 xDrive-M运动套装 ,30.8, 2018年07月,3.8万公里 ,湖州,https://s1.iautos.cn/source/carupload/photo/2022/0506/08/2022050608475005230947958434.jpg-mediumpic
宝马5系 525Li 2.0T 自动 豪华套装 ,27.6, 2018年09月,7.0万公里 ,菏泽,https://s3.iautos.cn/source/carupload/photo/2022/0714/09/2022071409021683451627949101.jpg-mediumpic
宝马5系 530Li 2.0T 自动 领先型豪华套装 ,32.8, 2020年11月,2.4万公里 ,杭州,https://s2.iautos.cn/source/carupload/photo/2022/0628/15/2022062815552693273609891249.jpg-mediumpic
宝马5系 530Li 2.0T 自动 领先型M运动套装 ,29.0, 2018年12月,3.8万公里 ,徐州,https://s2.iautos.cn/source/carupload/photo/2022/0507/09/2022050709114901514909253917.jpg-mediumpic
宝马5系 528Li 2.0T 自动 上市特别版 ,26.5, 2018年11月,4.0万公里 ,广州,https://s3.iautos.cn/source/carupload/photo/2022/0806/15/2022080615592671743423086322.jpg-mediumpic
宝马5系 520Li 2.0T 自动 典雅型 ,17.5, 2015年09月,7.8万公里 ,洛阳,https://s2.iautos.cn/source/carupload/photo/2022/0511/09/2022051109553682575318172310.jpg-mediumpic
宝马5系 530Li 3.0L 自动 领先型 ,17.0, 2014年11月,7.0万公里 ,绍兴,https://s2.iautos.cn/source/carupload/photo/2022/0514/20/2022051420084932411114422983.jpg-mediumpic
宝马5系 530Li 2.0T 自动 尊享型M运动套装 ,45.3, 2021年01月,1.6万公里 ,宁波,https://s2.iautos.cn/source/carupload/photo/2022/0824/13/2022082413470826845146689432.jpg-mediumpic
宝马5系 525Li 2.0T 自动 M运动套装 ,27.5, 2018年10月,5.0万公里 ,苏州,https://s3.iautos.cn/source/carupload/photo/2022/0511/09/2022051109501590024445509025.jpg-mediumpic
宝马5系 530Li 2.0T 自动 领先型豪华套装 ,38.8, 2020年07月,2.69万公里 ,杭州,https://s3.iautos.cn/source/carupload/photo/2022/0726/16/2022072616160079468307300931.jpg-mediumpic
宝马5系 528Li 2.0T 自动 上市特别版 ,27.5, 2018年10月,5.0万公里 ,绍兴,https://s1.iautos.cn/source/carupload/photo/2022/0714/08/2022071408593896673028745954.jpg-mediumpic
宝马5系 530Li 2.0T 自动 尊享型豪华套装 ,32.88, 2019年10月,6.0万公里 ,济南,https://s3.iautos.cn/source/carupload/photo/2022/0422/08/2022042208540464619905466660.jpg-mediumpic
宝马5系 530Li 3.0L 自动 领先型 ,17.0, 2014年05月,6.0万公里 ,青岛,https://s2.iautos.cn/source/carupload/photo/2022/0514/11/2022051411331741436902599430.jpg-mediumpic
宝马5系 530Li 2.0T 自动 xDrive豪华套装改款 ,28.9, 2018年10月,6.3万公里 ,温州,https://s2.iautos.cn/source/carupload/photo/2022/0714/08/2022071408501347829714604454.jpg-mediumpic
宝马5系 525Li 2.0T 自动 豪华套装 ,32.9, 2021年06月,1.6万公里 ,杭州,https://s1.iautos.cn/source/carupload/photo/2022/0628/15/2022062815200863722431815779.jpg-mediumpic
宝马5系 520Li 2.0T 自动 典雅型 ,17.35, 2015年09月,6.57万公里 ,永州,https://s2.iautos.cn/source/carupload/photo/2022/0506/13/2022050613342569181328867797.jpg-mediumpic
宝马5系 530Li 2.0T 自动 改款M运动套装 ,32.8, 2021年02月,1.3万公里 ,杭州,https://s2.iautos.cn/source/carupload/photo/2022/0628/15/2022062815353159576934259288.jpg-mediumpic
宝马5系 520Li 2.0T 自动 典雅型 ,16.8, 2015年09月,8.0万公里 ,南宁,https://s2.iautos.cn/source/carupload/photo/2022/0813/10/2022081310021136590240807022.jpg-mediumpic
宝马5系 525Li 2.0T 自动 M运动套装改款 ,27.5, 2018年06月,5.7万公里 ,绍兴,https://s3.iautos.cn/source/carupload/photo/2022/0714/08/2022071408581673239748156417.jpg-mediumpic
宝马5系 525Li 2.0T 自动 领先型 ,16.8, 2014年09月,6.9万公里 ,绍兴,https://s1.iautos.cn/source/carupload/photo/2022/0514/20/2022051420104184798605914006.jpg-mediumpic
宝马5系 528Li 2.0T 自动 上市特别版 ,27.8, 2018年09月,5.0万公里 ,湖州,https://s2.iautos.cn/source/carupload/photo/2022/0511/09/2022051109163820281518771932.jpg-mediumpic
