工作名称,地址,薪资,经验要求,学历要求,技能要求,联系人,公司名,公司相关信息,公司福利,详情页url
数据分析师-今日头条/西瓜视频/番茄小说,北京/海淀区/知春路,20-40K·16薪,在校/应届,学历不限,方差分析,李先生/算法,今日头条,移动互联网/未融资/10000人以上,住房补贴/零食下午茶/年终奖/交通补助/定期体检/全勤奖/员工旅游/补充医疗保险/股票期权/加班补助/免费班车/节日福利/五险一金/带薪年假/包吃/通讯补贴,https://www.zhipin.com/job_detail/fe2af1bb664595dc1XRz29m_EVtX.html?lid=3AoHaVEK9Ia.search.1&securityId=mHjEZt2XhxkfZ-K1E1oTTqBVxLi4dyQEJiZsitdawY3XM1hMfli1Scr_d8Cd7v1RkBjbu_XpcWdVYrAstXcHKoKOHRNuB8gPsM2w5i-nC_HCnnBk4njmEgJ5uIq3Ot5MeswyMdX8
数据分析实习生,北京/朝阳区/国贸,3-4K,经验不限,本科,数据分析,陈品秀/HR,QuestMobile,移动互联网/未融资/100-499人,补充医疗保险/定期体检/员工旅游/晋升发展/扁平管理/年终奖/节日福利/带薪年假/办公环境/零食下午茶/五险一金,https://www.zhipin.com/job_detail/fe2af1bb664595dc1XRz29m_EVtX.html?lid=3AoHaVEK9Ia.search.2&securityId=IJxMMAVLYDq1Z-T1qHazKfH6pFAJPjv_lXl4vBXleCBZ52oYpwEYzt3fUFI2zq0l185HKJ5JcuPDVTbRv8gvoY-THrtx2zsgnKcYZO9HEhud62L9QddO8GWK44jJW27TsHxlGAFcgw~~
数据分析实习生,北京/海淀区/西北旺,200-260元/天,,学历不限,SQL/Python/Excel/Tableau/BI,王欣彦/数据分析实习生,滴滴,移动互联网/D轮及以上/1000-9999人,五险一金/补充医疗保险/定期体检,https://www.zhipin.com/job_detail/fe2af1bb664595dc1XRz29m_EVtX.html?lid=3AoHaVEK9Ia.search.3&securityId=EDztBGLXK2-Ou-e1yh97whfdJ3Z7AMpBiwkfz8qEjH0a31vcPExBB_USeZoFlm48cNf-yWT4xEeAv8SVzFu916hNmdtu9OrVKFOHoJ90daqXboHbhRmw0iqpfARB42JCXOkbe70F2AN-
数据分析实习生,北京/海淀区/西北旺,200-300元/天,,学历不限,SQL/Python/Excel,黄先生/战略总监,滴滴出行,移动互联网/D轮及以上/1000-9999人,交通补助/补充医疗保险/节日福利/免费班车/五险一金/年终奖/带薪年假/股票期权/零食下午茶/定期体检,https://www.zhipin.com/job_detail/fe2af1bb664595dc1XRz29m_EVtX.html?lid=3AoHaVEK9Ia.search.4&securityId=AsBGk7EIIge35-61hlqyZhNobH1-dND3z99_lYBsDmPJ8naJ_pv7GggnHvhJCLY7nBaLWo11Nw3U9P4AxF0aU51K0WorM6DmCFUdRFnGEPvOxJZA8ZwUGmw1mvbk3KPhRLY6HloM
安全数据分析实习生,北京/朝阳区/798,150-300元/天,,学历不限,Python/SQL/逆向分析/网络安全/数据安全/信息安全,端女士/360集团校招专员,奇虎360,互联网/已上市/1000-9999人,定期体检/补充医疗保险/零食下午茶/年终奖/免费班车/带薪年假/餐补/包吃/交通补助/股票期权/五险一金/节日福利,https://www.zhipin.com/job_detail/fe2af1bb664595dc1XRz29m_EVtX.html?lid=3AoHaVEK9Ia.search.5&securityId=6OUgfNUyh4jGN-51mZZ-kyzAxvoQc1DJvJLlE-QPDBi86qhEKk13_9IXShPBKPkJIBYNFHg_Qd3ErgiSJLu_vnj_Ib9efELeS8HDJP7Dzvs0bDaqXX_XyzTuxMlOzNLPS7lrMj0~
数据分析实习生-数据平台,北京/海淀区/上地,350-400元/天,,学历不限,SQL/Tableau,管越/研发线-数据平台部/产品运营,快手,社交网络/已上市/10000人以上,年终奖/补充医疗保险/定期体检/股票期权/五险一金/带薪年假/节日福利,https://www.zhipin.com/job_detail/fe2af1bb664595dc1XRz29m_EVtX.html?lid=3AoHaVEK9Ia.search.6&securityId=eQMOmcntXoFQ1-11Wsfgx4DtDFXTQLp-gA10iJAeG_aObZK6N2CYCO7rQqiYuZjO3BJEdlRnhm6UdGSzT6Lhdhk5QT23MtsHW1bfxMs0CAvnlST3fQnt-qa2xYdA4j_Uyz0Kt56HHw~~
数据分析（医学、红外图像方向 ）,北京/海淀区/上地,200-250元/天,,学历不限,SQL/Python/Tableau/R/BI,蔡心怡/招聘者,大有泰莱,医疗健康/未融资/0-20人,五险一金/餐补/节日福利,https://www.zhipin.com/job_detail/fe2af1bb664595dc1XRz29m_EVtX.html?lid=3AoHaVEK9Ia.search.7&securityId=sJDwd0sk3zZ7P-O1n5FSrh15SQ9Ks9_SWFuE8YDeZWBctBStdbd14Mt9gXSaOr1mVfUmXAF1P60NKWBJZdVKP42urDzeao_6i6lfSMfoHDYP2AT458ANC6YF7ukbukeVGFW6keNb3g1IXA~~
数据分析师,北京/朝阳区/国贸,7-11K·13薪,在校/应届,本科,相关分析/决策树/描述统计,谢文娟/创始合伙人,聚德公司,企业服务/未融资/0-20人,员工旅游/交通补助/通讯补贴/零食下午茶/五险一金/年终奖/定期体检/节日福利/带薪年假,https://www.zhipin.com/job_detail/fe2af1bb664595dc1XRz29m_EVtX.html?lid=3AoHaVEK9Ia.search.8&securityId=A8Z34zUSGkflu-B161VWbQ9bn0LiTdCXI3rJhXt1ZUt--O2KyUO91p6X0pGb1wDoJpIzLYjNMC-x_1aYzbshMZo0U201T3TLtRDzlOJ97k0OWtma3oVmb9zCO4zTDW3PLR_0XobxR60~
数据分析师,北京/海淀区/永泰,7-12K,经验不限,学历不限,咨询领域/Excel/描述统计/因子分析/多元统计分析,常女士/副总经理,国威永耀,咨询/未融资/0-20人,五险一金/员工旅游/全勤奖/股票期权/年终奖/带薪年假/加班补助,https://www.zhipin.com/job_detail/fe2af1bb664595dc1XRz29m_EVtX.html?lid=3AoHaVEK9Ia.search.9&securityId=RaXi15F0Tzgzy-N1tjjhnki7mxIwCXrDugOFnrXL-qMXh4jcK7oS-sj0llEtFGQo-RddaasbARU1CI1Xbo2PamThsyn23sGM0al7TPS35ieSyBmDJDP4-bTSPzMZ8NFlbPIhEQ3k3sI~
数据分析师,北京/大兴区/亦庄,14-18K·16薪,在校/应届,本科,SPSS/Hive/SQL/Python,周坤/总监,京东集团,电子商务/已上市/10000人以上,餐补/带薪年假/交通补助/股票期权/免费班车/包吃/五险一金/年终奖/节日福利/零食下午茶/员工旅游/补充医疗保险/定期体检,https://www.zhipin.com/job_detail/fe2af1bb664595dc1XRz29m_EVtX.html?lid=3AoHaVEK9Ia.search.10&securityId=-N_5Zdd3u5uLG-M1IlJmEXVi32NC8BLLDkKkBG3AI0gwRmMKsCTKBRdepzBckWIClUE8-k74InDb86v_mFgWOSt1wmKhAOrNYeBkPjniep6SXiTFIze3WBpzHJ7tyco5kIS_PU9GVg~~
数据分析师,北京//,12-24K,在校/应届,硕士,SQL/SAS/描述统计,陈卓/量化运营,京东科技集团,互联网/不需要融资/1000-9999人,免费班车/餐补/五险一金/补充医疗保险,https://www.zhipin.com/job_detail/fe2af1bb664595dc1XRz29m_EVtX.html?lid=3AoHaVEK9Ia.search.11&securityId=_xNMO7pxSvChn-I1xnqscsI_ObcfPHLncKChllpybm2Bu_-8EpR2yQkn7NRdcJ6TumwgknOwcYVgP1bb14aT6hKWq29klW_tZRtwSreO_aF4BIgxxlJESu6ToZ2dYlQoNOP6Aj1REgZI
数据分析师,北京/朝阳区/国贸,10-13K,在校/应届,本科,Python/SQL/Power BI,黄女士/行政人事专员,光尘,投资/融资/不需要融资/0-20人,交通补助/加班补助/年终奖/五险一金/餐补/零食下午茶,https://www.zhipin.com/job_detail/fe2af1bb664595dc1XRz29m_EVtX.html?lid=3AoHaVEK9Ia.search.12&securityId=TgZgwWIFkmNI5-Z1bpzxsnHXxdDOTqnbiPQxpq4H5btlBKuFkvoG8rayeBS0agGpc_YHg7ClsaxiTajvQs-4jc3rlS_HTnCldHk4J5mCYhebpDBYSzrnM4YTOu899pqeiDAImJLj4BPp
数据分析师,北京/朝阳区/亚运村,10-15K·14薪,在校/应届,本科,Python/Excel/Tableau/Pandas/Matplotlib/Hive,孟靖松/供应链规划高级经理,瑞幸咖啡,互联网/已上市/10000人以上,五险一金/年终奖/员工饮/餐补/员工旅游/带薪年假/节日福利/通讯补贴/交通补助/股票期权,https://www.zhipin.com/job_detail/fe2af1bb664595dc1XRz29m_EVtX.html?lid=3AoHaVEK9Ia.search.13&securityId=bANEeCf4Ae9Ci-11tOWtzTPZN1OXXxzCR_wZ6EQP4FXBde4PzP-ErD1_TyjZdd0TIOwR3JWU_bLG7l2AenrfK9k0t8BnZ-5iNikD-LTAF4R9KCnDyCVs21NP7Jzk3awtXwv6NW_Ltt-Z
数据分析师,北京/朝阳区/世贸天阶,8-13K·24薪,经验不限,学历不限,经济/工商管理相关专业/电商/零售行业数据相关经验/风控相关经验,张月强/招聘者,恒瑞拓鑫,其他专业服务//100-499人,,https://www.zhipin.com/job_detail/fe2af1bb664595dc1XRz29m_EVtX.html?lid=3AoHaVEK9Ia.search.14&securityId=WPUBkPsx0ywDC-M1VZ-ZM3DunIC5HAcpKz13ZlKytGKkje-BY6gj4TWy71FEBl38OHAkR7p36w6GT0VbVSSXlIcNq_JBxXpg1si3HIZq_5sPPv2qcuAQ9HQVNt_5HzBv-11qU65l9HAqxQ~~
数据分析师,北京/西城区/西单,10-15K·14薪,在校/应届,硕士,Python,聂晶/总裁/总经理/CEO,避雷针信用服务,互联网/天使轮/0-20人,员工旅游/生日福利/团建聚餐/五险一金/带薪年假/零食下午茶/节日福利/定期体检,https://www.zhipin.com/job_detail/fe2af1bb664595dc1XRz29m_EVtX.html?lid=3AoHaVEK9Ia.search.15&securityId=kmawcLmmrKGPw-h1ZNDznc2AZQY9EcrSL1m0ESAWIes55fAvRbVSR7f94NtrJROyOwr5hF9-peqqEdBeLoWWyjZg6rfVN-LihUJdW-KeW2woirZWysE5-qGkeCU_gsBW9YcoA8e3otqA
数据分析师,北京/朝阳区/太阳宫,10-15K·16薪,在校/应届,本科,SQLServer/python,李晓艺/数据分析师,BOSS直聘,人力资源服务/已上市/1000-9999人,交通补助/股票期权/员工旅游/加班补助/带薪年假/餐补/年终奖/补充医疗保险/节日福利/五险一金/住房补贴/定期体检,https://www.zhipin.com/job_detail/fe2af1bb664595dc1XRz29m_EVtX.html?lid=3AoHaVEK9Ia.search.16&securityId=CYynHP4rQiM3J-21Wef3qG4EBY79qKQODLIT5o4xyTi9_VNjZxYnOd1AMic8lti_wEPq4thozdtIs55W32hodtlgsKH0iOynUwdSDiTgyrFznoFIes8-HgUxs46VoFkJwEk~
数据分析师,北京/朝阳区/望京,10-12K·14薪,在校/应届,本科,Python/SQL/Excel/SPSS/Hadoop,张悦/数据分析,一点资讯,移动互联网/D轮及以上/1000-9999人,五险一金/员工旅游/股票期权/定期体检/带薪年假/补充医疗保险/节日福利/零食下午茶,https://www.zhipin.com/job_detail/fe2af1bb664595dc1XRz29m_EVtX.html?lid=3AoHaVEK9Ia.search.17&securityId=WU63VAFLDkoTP-81fv09z2ZldVRYxFEdBgBjw3CMxLhurQo1cSOdIM6bwex3jGnGeo2y80FqiXF_2N12ixVWO7dCePTECLBj1bMyVExCQ9S1Dq-Gx2xQSRCB7_RBfpzDieB_zUc~
数据分析师,北京/海淀区/上地,10-15K,经验不限,学历不限,Python/Matlab,卫贝/HR Manager,思源智能,智能硬件/B轮/20-99人,节日福利/工龄工资/股票期权/带薪年假/员工旅游/五险一金/年终奖,https://www.zhipin.com/job_detail/fe2af1bb664595dc1XRz29m_EVtX.html?lid=3AoHaVEK9Ia.search.18&securityId=hLAygr5cznAe1-o1_y2Ht_9wzTcWMYjww_0iIZZOtw6kf3XtdlsEk3iZwpf8t-P3v4F95E59JjqUQl2Ni6FZA5K5731n1kPmgKWtModD3Bi2j5_3uJDjI-s6siRATO1RRG_-ynptE9k~
数据分析师（北京）,北京/海淀区/万柳,12-20K·13薪,在校/应届,硕士,SPSS/SAS/R/Excel,朱莎/人事主管,麦可思数据科技,数据服务/未融资/100-499人,交通补助/餐补/零食下午茶/年终奖/定期体检/五险一金/带薪年假/节日福利/通讯补贴,https://www.zhipin.com/job_detail/fe2af1bb664595dc1XRz29m_EVtX.html?lid=3AoHaVEK9Ia.search.19&securityId=KeZygZQ4-XEDN-11AVe1ayXGes-4QA1xpq3wtkp8stbdGW3lkzihRVUJw5GkCDvx_DJMaE4LiJtF5Lxy5hvGsC0Kko69wrvuiVn_pMBOCm5VvqtTEfDQluKZPuSOyj25ADYxoi9vr4cd
助理数据分析师,北京/朝阳区/建国门,6-10K,在校/应届,本科,SQL/Python/Power BI,谢先生/HR,黑狮智高,移动互联网//20-99人,,https://www.zhipin.com/job_detail/fe2af1bb664595dc1XRz29m_EVtX.html?lid=3AoHaVEK9Ia.search.20&securityId=Qu7wYfAnQv-Nc-b13OP42nn8L5RgCHyx1B-LR83y82iKbH4fPPNWmih-jvVl6jiwRl15sM7WSKDbHndjrioI2uYhaJcCU4ePR5BdUZPo2nxvuTyrowTpNlfLvcFBzy-nr0YqwN6KjT5i
数据分析师（MJ000049）,北京/东城区/东四,11-20K,在校/应届,本科,Python/SQL,田女士/HR,杉数科技,数据服务/C轮/100-499人,年终奖/补充医疗保险/带薪年假/餐补/五险一金/定期体检/交通补助/零食下午茶/员工旅游/节日福利,https://www.zhipin.com/job_detail/fe2af1bb664595dc1XRz29m_EVtX.html?lid=3AoHaVEK9Ia.search.21&securityId=XoTjIHTrAAgJW-V1HjdqfDiPrQ03g8UtvLaUgwT5k4KM0Oft47w17kC8WKDKHzvmNy-o9QPqakKKHrSIbPBDqFp3mhD1n9J0Ncu60ds4GzjFWj3vQkyXUnT9XJA_j7hCTgSCrq89be0~
数据分析师（可实习）,北京/朝阳区/望京,9-12K·15薪,在校/应届,本科,SQL/多元统计分析/决策树/相关分析/方差分析/回归分析/SPSS/Excel,褚然/HR,明略科技,互联网/D轮及以上/1000-9999人,零食下午茶/补充医疗保险/年终奖/五险一金/交通补助/带薪年假/定期体检/加班补助,https://www.zhipin.com/job_detail/fe2af1bb664595dc1XRz29m_EVtX.html?lid=3AoHaVEK9Ia.search.22&securityId=tYazVCzO5ayjU-a1d_Fpsxs3NQ4VUzyMu50qcrY14sjfmaR5kI_Lkbt34vAhRnzVj0F4ZG3U_9hEN48mkGXa_lkSSu9Ed1Wf47FdU0yQSfW5_jX2NmE9d3waQ8gbDqd7_kSoDxgERg~~
数据分析师,北京/昌平区/回龙观,1-2K,经验不限,学历不限,Python/SQL/Excel/Pandas/决策树/描述统计,李纯青/经理,中金享,其他专业服务/不需要融资/0-20人,全勤奖/加班补助/交通补助/节日福利/年终奖/五险一金,https://www.zhipin.com/job_detail/fe2af1bb664595dc1XRz29m_EVtX.html?lid=3AoHaVEK9Ia.search.23&securityId=Ko5RTOkaeM5k5-p1vShwWriVM9v08d2DaOepmsMSYwOb6rycZj12gC7T95Us8sRH62Ax_kt1jfkDZwu6qIfFYzI7RqD7echbmBH0vr6zZoU_SLCpj_eBmvGReYOWwA2zr7h-d5zpcjqRxq5zHSeoYU49qtZj342dexA4-XmMR4wYSNyy
数据分析师,北京//,15-20K·15薪,在校/应届,硕士,Java/Python/Hadoop/SQL,李俊楠/hrbp,海尔智家用户云平台,移动互联网/已上市/500-999人,五险一金/带薪年假/定期体检/补充医疗保险/节日福利/餐补,https://www.zhipin.com/job_detail/fe2af1bb664595dc1XRz29m_EVtX.html?lid=3AoHaVEK9Ia.search.24&securityId=7W6MkEz2MJFul-T1y-OgrGDGl0eRLOGFNvFr6v5f-Z7rlyt3KyI8SrCShL7RxD6FB4mi21T4ci89AQwBNvKhUEJSIjYaf9hy7hxSDvMFB-hPKGfbEdjj2XbKygqpJ8_V43SrvCZRcvA~
数据分析师,北京//,150-200元/天,,本科,R/Python/数学/统计相关专业/数据分析/挖掘经验/金融行业数据相关经验,王朝政/HRBP,百融云创,数据服务/已上市/500-999人,餐补/年终奖/交通补助/零食下午茶/补充医疗保险/股票期权/五险一金/节日福利/定期体检/带薪年假/通讯补贴,https://www.zhipin.com/job_detail/fe2af1bb664595dc1XRz29m_EVtX.html?lid=3AoHaVEK9Ia.search.25&securityId=cJAtrH_Ftle9F-B1voSFulPFj6cjYcFt7e0PAJGR_bZkJ7x2XLG2s7mHzNUqmgwCTChGUrjiY6sV1UH0hkTfoir5G0KIbFJAOaVgnjCY5ahfNRR2jwoDE6n40jczubttCIPpdyFQLlA~
数据分析师,北京/海淀区/北太平庄,4-5K,在校/应届,本科,Excel/R/Python/SQL,夏海林/HRBP主管,北京字节跳动,移动互联网/D轮及以上/10000人以上,股票期权/嘀嘀打车/餐补/节日福利/定期体检/五险一金/带薪年假/加班补助/免费健身房/有无线网/住房补贴/零食下午茶/夜班补助/法定节假日三薪/补充医疗保险/年终奖,https://www.zhipin.com/job_detail/fe2af1bb664595dc1XRz29m_EVtX.html?lid=3AoHaVEK9Ia.search.26&securityId=lOsyRYMwqB6Oe-e1y8e7qRT7mfSLC2XIgZm-nYcxBpZ5Jx0fGJKmzrdKc_BewVS7Oi9jbF1Uw-KLxdmmjoteqWzH5obHFlhptmEUtFI07IH_sYs-5jpfT5Ux_R5o9u5jDq94lfU~
数据分析师（资产策略分析）,北京/东城区/安定门,8-11K·13薪,在校/应届,本科,SQL/Python/SPSS/持牌消金/资产策略分析,张睿/高级招聘经理,河北幸福消费金融,互联网金融/不需要融资/100-499人,工会福利/餐补/五险一金/带薪年假/节日福利/零食下午茶/定期体检/通讯补贴/年终奖/交通补助/员工旅游,https://www.zhipin.com/job_detail/fe2af1bb664595dc1XRz29m_EVtX.html?lid=3AoHaVEK9Ia.search.27&securityId=2dZrlLqDLM1xo-R1AFyGzFOBQtstj5JDCH0_fp2aUyc23JeXa4nzRVIHO6_0tXF2FUdYZnrXxfc3kOs7q-w5HToXa4zCwSaFZ7a76cmj_Ryi_KFeGW65RftFk9Imc5atIsCZStFfaQ~~
数据分析师,北京/海淀区/学院路,150-200元/天,,本科,Python/SQL/Excel/Pandas,常女士/招聘者,汇承,企业服务//0-20人,,https://www.zhipin.com/job_detail/fe2af1bb664595dc1XRz29m_EVtX.html?lid=3AoHaVEK9Ia.search.28&securityId=HAlyQnKjHfpgV-P1HvjwPteaTWLCls51fubwh3lAdFOMy9dpHqDrHsQXrCfMmmfyzw8dBzkrZ6jFnJhAN5lnAUr3vuvY8s2EQIGyIOjQ8DRJQ9Y03EExXeKbV0UV2pgNx38RBGCJN5o~
数据分析师,北京/海淀区/双榆树,100-120元/天,,本科,SQL/Python,李政倓/数据分析师,腾讯,互联网/不需要融资/10000人以上,包吃/零食下午茶/免费班车/免费早晚餐/带薪年假/五险一金/员工旅游/交通补助/定期体检/公仔周边活动/住房补贴/餐补/补充医疗保险/免费健身房/年终奖/股票期权/节日福利,https://www.zhipin.com/job_detail/fe2af1bb664595dc1XRz29m_EVtX.html?lid=3AoHaVEK9Ia.search.29&securityId=KX1IkAWdOwZHW-A1AEzyE4jyLSvKmKNVFbe6WLPxk7qTRN9K8mZqQKO7YFLBAWcGj7ngXCdylF7NaZA30Qicm67WMRQ5Qs3UuCu-Q8YPlrrvXxG_JO_1PaWSTu0f1gu20sfmh9XyqOe5
数据分析师,北京/海淀区/五道口,21-22K,在校/应届,博士,R/Stata/mplus/生信/Matlab/Python/Java,段亚斌/HRBP高级主管,巴州瑶光财务,数据服务//20-99人,,https://www.zhipin.com/job_detail/fe2af1bb664595dc1XRz29m_EVtX.html?lid=3AoHaVEK9Ia.search.30&securityId=7ge9SM1Bx2Jt3-c1qNRMJ-pImEud0YchldU9_-69-v_W_Wixmtsl680tEo25QQ6kYxd_IFZU9CfbCCA0lSBSczh2WsmzI_lYT-UV1fY_UaHGj4Ur1OKkbmiUQM1M6i0GzuM988lBFfmJ
数据分析师,北京/朝阳区/中央别墅区,20-40K·15薪,在校/应届,本科,数据分析/数据挖掘,胡薇/数据分析师,红海科技,游戏/不需要融资/100-499人,住房补贴/包吃/股票期权/年终奖/免费班车/员工旅游/五险一金/节日福利/零食下午茶/提供宿舍,https://www.zhipin.com/job_detail/fe2af1bb664595dc1XRz29m_EVtX.html?lid=3AoHaVEK9Ia.search.31&securityId=uRcw31RYEbiYF-a1IS2W0kKrt-IUnxB4K3HPuUo0Eera3aIIET1AGRFsdRas08Agj4lpok_12gxpaXfAmhYP0s38h7rBqDGahe9zSOlV1FxVt78LM-x8mLvAZhnBziW-AGoqDHqORA~~
数据分析师,北京/大兴区/亦庄,150-200元/天,,本科,SQL/Excel,李春晖/数据分析师,京东健康,电子商务/已上市/1000-9999人,补充医疗保险/年终奖/定期体检/员工旅游/五险一金/节日福利/餐补/带薪年假/加班补助/免费班车,https://www.zhipin.com/job_detail/fe2af1bb664595dc1XRz29m_EVtX.html?lid=3AoHaVEK9Ia.search.32&securityId=_B-IYZYIdQJZt-31wIgELlx8UiQjRIh-slqhUN6eqxfdJjDQpUSd4hgtm6UzDnnF8Dl9IczK4ZvohcEZlczGQAsmcGUNTgGrki6q6okpET3fwvAg3htNaMP_WzlL8S_PXC_2AOzKaTk~
数据分析师,北京//,100-200元/天,,硕士,Hive/SQL/Spark/Hbase/Hadoop/HDFS/Presto/Yarn,王天奇/商业分析师,京东世纪贸易有限公司,互联网/已上市/10000人以上,五险一金/补充医疗保险/定期体检/全勤奖/年终奖/餐补,https://www.zhipin.com/job_detail/fe2af1bb664595dc1XRz29m_EVtX.html?lid=3AoHaVEK9Ia.search.33&securityId=Hue4Le88tvQva-p1KMkKJqFb796bqxsFzhhQFFdK2lSn_IZGTC0TDIMdBxuBmL3s_Nng7K6uBz9pyxChQbZA4k2aVdUM57Upod9aKaiQkY6I1Tk71yWme12Vx423dkEBHbQ7psyBzLI~
数据分析师,北京/朝阳区/望京,150-220元/天,,本科,Excel/SQL,郑如雪/运营经理,美团优选,电子商务/已上市/10000人以上,带薪年假/有无线网/全勤奖/生日福利/五险一金/意外险/节假日加班费/定期体检/法定节假日三薪/团建聚餐/年终奖/补充医疗保险/绩效奖金/免费工装/高温补贴/员工旅游/节日福利/交通补助/保底工资/通讯补贴,https://www.zhipin.com/job_detail/fe2af1bb664595dc1XRz29m_EVtX.html?lid=3AoHaVEK9Ia.search.34&securityId=DhNLJVttfXnAh-M17miYq8viDubNm620aDF2Td5BFOs-DAZFZ-3nEo1l1AcgOHmwHrX6AQr9-0opzwrUY2v1uuJy-LPTgFY2udq3IszLywJrW43Xv8UH-f0GLGB_nzHE8fiqLT3-r8jY
数据分析师,北京/丰台区/菜户营,100-150元/天,,本科,Python/Shell/SQL/Kettle/Sqoop,王嫚/人力,中国电信全渠中心,运营商/增值服务//100-499人,交通补助/通讯补贴/五险一金/住房补贴/零食下午茶/带薪年假/年终奖/餐补/定期体检/补充医疗保险/节日福利,https://www.zhipin.com/job_detail/fe2af1bb664595dc1XRz29m_EVtX.html?lid=3AoHaVEK9Ia.search.35&securityId=VPAhXpbrU5haa-J1PvmAPSQTR4ACGV_dtWDRy7mKRGmJWkGXTji5Tg-srppqsqAV8TUl_I7QNkEb6FiWQXyNaii9OhDJHiqSfWQTXBU-ake1Acb_l45FtJtQxWmvpaIVpbrL3y8ViEwd2YFy94RUp3fBFL-Du7GcFvoIJ5kXCrRvT4cV0Q~~
数据分析师,北京/朝阳区/酒仙桥,100-150元/天,,本科,Python/R/大数据/机器人/自然语言处理,武昊昀/数据科学主管,默克,制药//10000人以上,,https://www.zhipin.com/job_detail/fe2af1bb664595dc1XRz29m_EVtX.html?lid=3AoHaVEK9Ia.search.36&securityId=3JAvBlpbrpT0v-k1XIUlonTWm_jRbZAWMn8VZqzq9SNy_oBFDMesVwI-xa9ljo8CPrybCw6AygW0p9dZOTnSkUQwzpBeUCsFX4eBq0tOo1UA9rwuiR4EpVHEOzy9rqhOrxAeqFSMlmnb2Q~~
数据分析师,北京/朝阳区/朝外,120-150元/天,,本科,数据分析/英文/需求分析,黄先生/招聘者,笑动科技,移动互联网/不需要融资/20-99人,团建聚餐/全勤奖/员工旅游/保底工资/带薪年假/绩效奖金/零食下午茶/年终奖/五险一金/出国出差,https://www.zhipin.com/job_detail/fe2af1bb664595dc1XRz29m_EVtX.html?lid=3AoHaVEK9Ia.search.37&securityId=2deZq5TNvaBFs-q1rYEr7du-x_gX_fEOobPjoPwyQQ_rbZRvNrnfPBaQ1EG5r5xyP2qEGifjCe7PHNLzJuBlq4SVVs304zXdiPtMO0cQRQm2WgMP7jhKjflmu3AOE9noGk8pdDCN2g~~
数据分析师,北京/海淀区/牡丹园,160-220元/天,,本科,SQL/医疗/临床试验,艾先生/数字质控总监,医渡云,互联网/已上市/1000-9999人,年终奖/餐补/补充商业保险/五险一金/定期团建/带薪年假/股票期权/节日福利/定期体检,https://www.zhipin.com/job_detail/fe2af1bb664595dc1XRz29m_EVtX.html?lid=3AoHaVEK9Ia.search.38&securityId=xtDtNzWn4njoh-E1CwiZego3BJtUPXrCDgN3Cz3U3QJa1JOtbjYPn01H75TjihXdogNk3BxHVvCF27y8YrbCugZyjzYKbP2yWNLB6hQoDxavtgDkcBaeDJ7kXMGZlqfCR4qXlQ~~
数据分析师,北京/海淀区/马连洼,150-250元/天,,本科,SQL/描述统计/Excel,韩岳宏/策略运营,北京百度网讯有限公司,互联网/已上市/10000人以上,五险一金/工作氛围好/补充医疗保险/定期体检/包吃/团队nice/通讯补贴/免费班车/餐补/节日福利/交通补助/零食下午茶/带薪年假/股票期权/员工旅游/年终奖/不打卡,https://www.zhipin.com/job_detail/fe2af1bb664595dc1XRz29m_EVtX.html?lid=3AoHaVEK9Ia.search.39&securityId=qwYcDe4c17fjn-v1memvHtLfKAu5DwvKlqB5hYgXYETYyYMn2M-nZECBtEztCIMcnr4ZaSa3_0MtrdRUJB0Dzq9Ip4c5ZyMnXwOQO4WVOa759-YUv-Nz8WdSZaTJg4ExhdaJri0rFw~~
数据分析师,北京/朝阳区/三里屯,15-25K·13薪,经验不限,学历不限,SQL/Excel/Hadoop/方差分析,OPPELWOLFGANGTORSTEN/经理,德国电信咨询,咨询/不需要融资/100-499人,定期体检/补充医疗保险/节日福利/五险一金/带薪年假/通讯补贴/员工旅游,https://www.zhipin.com/job_detail/fe2af1bb664595dc1XRz29m_EVtX.html?lid=3AoHaVEK9Ia.search.40&securityId=Poo2RfICnd2ra-N1MKup6n1X2OrKKkE-JZ-RsfkZW0ZgKOIFEpTmIXpECRGe0kX0OzjnqPQjhGeassC8FbD6NU5WMgLdhVvUil2McFY-JMUihjJ56lSzXF79aZJw49L8NgQDRHCYzE_B
数据分析师,北京/海淀区/上地,150-200元/天,,本科,回归分析/方差分析,于璐/技术,蓝风科技,计算机软件//0-20人,五险一金/年终奖/股票期权/加班补助,https://www.zhipin.com/job_detail/fe2af1bb664595dc1XRz29m_EVtX.html?lid=3AoHaVEK9Ia.search.41&securityId=CgBOfyhHUXRSo-r16C1uRZ9oGd-G4J96YLH27TPl_8dYlEyYkkYnyzsYZHWz_ruuUe2LGfCcVrzXUzWJnU1eEctZwPsQJJwQhcm49_VX-p9UpnUxOdzGP6bh_q2vdACiA6EsjOk8WuQu
数据分析师,北京/朝阳区/望京,200-300元/天,,本科,Python/SQL/R/Pandas,王婧/算法工程师,一起教育科技,互联网/已上市/10000人以上,带薪年假/餐补/带薪病假/员工旅游/定期体检/五险一金/零食下午茶/补充医疗保险/节日福利/公司福利年假/年终奖/股票期权/通讯补贴,https://www.zhipin.com/job_detail/fe2af1bb664595dc1XRz29m_EVtX.html?lid=3AoHaVEK9Ia.search.42&securityId=pcxQYCsTcjwAi-j1PFVyQHWlB0dM9UQJYg7wyfDH4wnYB6SjdGZXIyXy8qohUyxao80jM5ev4KN70N3Kjp6mXCWL4qIlfNojHuvpCQKqu9R6AFkO_C7Dw3C2dQLbxDvoy5ZdPfzO
Data analyst-数据分析师,北京/东城区/东单,8-10K,在校/应届,本科,数据分析/数据挖掘/数据库,Daisy/HR,安永华明会计师事务所,企业服务/不需要融资/10000人以上,五险一金/员工旅游/定期体检/年终奖/补充医疗保险/带薪年假/节日福利/零食下午茶,https://www.zhipin.com/job_detail/fe2af1bb664595dc1XRz29m_EVtX.html?lid=3AoHaVEK9Ia.search.43&securityId=Eywc1x-eBQIvu-71KNqQggfmnrBnuLG2zyVVdjV7SGWMmy9doVNb5RCA0eS5eZaU5lveKlQSMBlLjq1yHErQgHHQUT43TXdrZdH_ybcPKMlVrHvY7ko9Gtu51H7rSfJMX8DYBPDwsg~~
数据分析师,北京/海淀区/上地,16-25K,经验不限,学历不限,回归分析,王雪/招聘专员,敏悦,企业服务//0-20人,五险一金,https://www.zhipin.com/job_detail/fe2af1bb664595dc1XRz29m_EVtX.html?lid=3AoHaVEK9Ia.search.44&securityId=L8-HO4Arcdm9Y-a1fwkiu37b6UIEaTOnTt0H10czVVVGkg-c3jhrV8nt1bIFOlTmmnSwKZvQua2hxUxK1R8pfa9mtco97UOfEHXrZgbYyW4lYPsSF-YKHqg8GKKVRpdr-Kp7yyio21stKjsIGmJda6BF0J4_MwCUpKZZkJU7nkTGmicQ
数据分析师,北京/朝阳区/双井,18-35K,经验不限,学历不限,数据采集/行业分析,周建平/人事,神雕,移动互联网//20-99人,,https://www.zhipin.com/job_detail/fe2af1bb664595dc1XRz29m_EVtX.html?lid=3AoHaVEK9Ia.search.45&securityId=IbQ0Lfm6SJyYO-k1zVEajViRaFLVH60b0tDx72wG55VwU2NBL4X5RYFMFzIZQo6y6RZBFtkJjeLwAFSbv-PIse1Kxlk2jUqDJ_6rbsCdIJJnMkt7aMmug9ihKxwTW-jF2yBhB0X9_A~~
数据分析师,北京//,150-200元/天,,本科,Python/Java/聚类分析/Spark/Shell/大数据/相关分析,赵阳/安全工程师,沃东天骏信息技术,电子商务/已上市/10000人以上,定期体检/全勤奖/免费班车/五险一金/员工旅游/年终奖/股票期权/带薪年假/餐补/加班补助/补充医疗保险/节日福利,https://www.zhipin.com/job_detail/fe2af1bb664595dc1XRz29m_EVtX.html?lid=3AoHaVEK9Ia.search.46&securityId=laHpnxbrd4hCT-S1O5RuwV17bfoWQ_1cE8ZGJZ61_pEW5QcT_T_SjDHGDB1W6cBilOUwsLaGkGU6Fi6QmYQtf8odHyGUHHMcWuvYIwIUV7rGIrFjNIpMLYyooq2MVJFvk-NEDCm7kD4A
数据分析师,北京/朝阳区/酒仙桥,200-210元/天,,本科,SPSS/聚类分析/回归分析/因子分析,利女士/高级咨询总监,北京新思桥管理咨...,咨询/不需要融资/0-20人,带薪年假/员工旅游/五险一金,https://www.zhipin.com/job_detail/fe2af1bb664595dc1XRz29m_EVtX.html?lid=3AoHaVEK9Ia.search.47&securityId=Db2D0fo1hbj3f-X13KIXUyDstqvCHqLEtY3Wg7l_FG_yWSpIfi6G2bofcgypx0tW5SOSplp71As5gSrhA2rxiaLKqlKjLIIgsoTiJUZkk_nBjrGxC6vnhbmxI2ZrMVTt_HLW8pOfLwk~
数据分析师,北京/朝阳区/三里屯,15-30K,经验不限,学历不限,英语可作为工作语言/数学/统计学专业/社区类产品/平台类产品/社交类产品,董梁梓/hr,时代传浮,社交网络/A轮/20-99人,五险一金/弹性上班时间/零食下午茶/节日福利/无着装要求/游戏机/员工旅游/带薪年假/愉快的氛围/股票期权,https://www.zhipin.com/job_detail/fe2af1bb664595dc1XRz29m_EVtX.html?lid=3AoHaVEK9Ia.search.48&securityId=2jiDSUFueVYdV-y1-6K7m74yMa71C6IV49oL9ucC-gUXkx598PR6-9l2avC5OLocE8Rw9Ebczm8ZoLfei6CfNWcdJDfgJCFb6CBxqms3InA-WcmEfC9UJPeQVKEPuckRttqq9Tt10Y0~
数据分析师（2022应届生）,北京//,10-12K,在校/应届,硕士,回归分析/多元统计分析/因子分析/Excel/SPSS/R/SAS,李超/HRD,北纬通信,移动互联网/已上市/500-999人,零食下午茶/节日福利/五险一金/餐补/定期体检/带薪年假/通讯补贴/股票期权/年终奖/员工旅游,https://www.zhipin.com/job_detail/fe2af1bb664595dc1XRz29m_EVtX.html?lid=3AoHaVEK9Ia.search.49&securityId=ZXzE7KzUSRGr5-41Hn470x9AyruI2OcWRuNnj5Fw4t-PW03mo8d46NuAiJZi6wNknbSQj8fRrdFf141XcyM1crqKFjDcJUxdVl3UNZI-vSZdB3bZSIJGZp-6kP2b_hH1keAGv9cm_Q~~
数据分析师助理,北京/海淀区/安宁庄,120-180元/天,,本科,Java/Python/HDFS/Matlab/Hadoop,王文京/招聘者,小米,互联网/已上市/10000人以上,餐补/补充医疗保险/五险一金/节日福利/年终奖/带薪年假/定期体检/股票期权/12%公积金,https://www.zhipin.com/job_detail/fe2af1bb664595dc1XRz29m_EVtX.html?lid=3AoHaVEK9Ia.search.50&securityId=bUeAuyKaedUSZ-i17-xHx_Hn8JgfxFwQ2H18cTouHBJdR6We2tI-TsuFZ0u47lyR65Erxe7S2_vg3tQnmAS85Y7HuXrEAGrZbWwSwTLEEscCJpqt3XbMj2ALwI5zktdka2XbpIRs
实习数据分析师,北京/朝阳区/三元桥,90-140元/天,,本科,定性研究/竞品分析/营销活动效果分析/SQL/数据分析/商业分析经验/管理咨询工作经验/统计/数学相关专业,陆女士/HR,数说故事,互联网/C轮/500-999人,带薪年假/定期体检/节日福利/零食下午茶/员工旅游/五险一金/年终奖,https://www.zhipin.com/job_detail/fe2af1bb664595dc1XRz29m_EVtX.html?lid=3AoHaVEK9Ia.search.51&securityId=oWiYGoTeA2T9v-H1xgGq_fv3R9lAv1jq2tRP0uNJUJjcoCVdi4SGRPMa3zIno3wpjhFatAuKHrgV5s_EksljrNdWx88TqLHPtnsfvSebIuroK1-JAv0D5lOPf1SwqHtvhBbtQq67hA~~
股票数据分析师,北京/朝阳区/朝外,300-500元/天,,本科,Python,范祥高/HR,捷耐拓,服装/纺织/皮革/未融资/20-99人,定期团建/五险一金/带薪年假/员工旅游/带薪年假,https://www.zhipin.com/job_detail/fe2af1bb664595dc1XRz29m_EVtX.html?lid=3AoHaVEK9Ia.search.52&securityId=iU72WegPHskex-d1fErzXXIBhh2xSbuB2W2cUNPtjrnINJAQ1r7hPoP7ZLZkO5HaP_HcRG25fbl6a5GFtyU3mdU4gujTdb1A7ekWe5R2jciuQLWHxS7bGOVxbLLIHwdFRdS2Zb_Zjrs~
python数据分析师,北京/海淀区/上地,15-30K·13薪,经验不限,学历不限,Python/描述统计/相关分析/聚类分析,史先生/数据部,车慧达,互联网/天使轮/20-99人,员工旅游/年终奖/定期体检/全勤奖/通讯补贴/五险一金/节日福利/餐补,https://www.zhipin.com/job_detail/fe2af1bb664595dc1XRz29m_EVtX.html?lid=3AoHaVEK9Ia.search.53&securityId=t5cIGV9AFO-4R-Y1-X1F5HblEtaSojaZAD78gh5325egcS8CvLufh8Wx1xiqpAEUqa9N1f9BasA5dAWusiTzIwaju6siix_R5jF-i1M7Si4UBLQNkBfsT65h-Dv2d_-qPJeyeuH1EqY~
数据分析师-BI,北京//,30-60K·15薪,经验不限,学历不限,Python/SQL/Tableau/BI,王女士/猎头顾问,某大型互联网上市集团公司,电子商务/D轮及以上/1000-9999人,五险一金/定期体检/餐补/加班补助/包吃/带薪年假/年终奖,https://www.zhipin.com/job_detail/fe2af1bb664595dc1XRz29m_EVtX.html?lid=3AoHaVEK9Ia.search.54&securityId=mXdQ3owv06486-V1fasROoL8i71XC5Xx0V1fmOPx6b7Rw2-Javnx0M02BmQCe2z0vg0-EzrA9WEbdg6jHFNJOo_vgk8uSqgMZNWuZzt-MYKPmCa7A506PdRpOXpMN4eaUMl8vOCrZBQkzpbNJ7zbwtjwcsz1qkxh0Ehv2QjvL1gBrjf1
风险数据分析师,北京/朝阳区/鸟巢,150-200元/天,,本科,数据分析/金融行业/舆情风险/风控策略/金融,周宁捷/招聘者,拓尔思,互联网/已上市/1000-9999人,五险一金/年终奖/定期体检/零食下午茶/带薪年假/餐补/通讯补贴/交通补助/节日福利/补充医疗保险,https://www.zhipin.com/job_detail/fe2af1bb664595dc1XRz29m_EVtX.html?lid=3AoHaVEK9Ia.search.55&securityId=RI518SEbih3DW-y1-x30VGCF8nXpgEU8b_A_Cg6ZJ92cEZ0CkQ8xs_JoHIBysZDTKSbvYWzD93-f1FOlMDUkjiQVtyuDax6e2Nxj6kY4cNO-ZlYTAB-yLkH3z3tnMcX-sglU
数据分析师（含实习生）,北京/海淀区/中关村,150-260元/天,,本科,Pandas/Python,陈先生/招聘者,中金创新,基金//20-99人,,https://www.zhipin.com/job_detail/fe2af1bb664595dc1XRz29m_EVtX.html?lid=3AoHaVEK9Ia.search.56&securityId=azoxhHi4sAfp1-71MZGZ-3Y4rGj2gvxDhkqwL1UZ0zdQsbLM1shdnsQ0MCfE4h2BiM4ydA_XJL65Cgkffypu3Ymgi3_CjcrAuQpNWN5eOO4YL-TxWW1u0R4fzWd32svWKeQZD9oD9yvdNA~~
资深数据分析师（北京）,北京//,30-40K,经验不限,学历不限,Python/SQL,赵曼蕾/猎头顾问,某大型数据服务公司,数据服务/C轮/500-999人,,https://www.zhipin.com/job_detail/fe2af1bb664595dc1XRz29m_EVtX.html?lid=3AoHaVEK9Ia.search.57&securityId=1OBhlkIiJuO2l-u1E8i6a9-utp7KR8YbEQmtYqSY_m1h_XyGnZya0j0xoRcrKjL6oPDWm_FWNMrZwNm9hRUvVWOSczMfBQ3Vwk5Bj6thwnoo-d6vE7E-V-ZdQiE2ajzIF4Bpw0UI8Hs~
数据分析师实习生,北京/西城区/马甸,2-3K,在校/应届,本科,数据分析,张学帅/人力资源,中科易研,数据服务/未融资/20-99人,五险一金/零食下午茶/员工旅游/带薪年假/节日福利,https://www.zhipin.com/job_detail/fe2af1bb664595dc1XRz29m_EVtX.html?lid=3AoHaVEK9Ia.search.58&securityId=HRMSNVk7qeVIf-W1yEydghcxk4ociWW6dBZ7ledMi7CYdSIK0wVD7OTNybzmrDpjPihK17aDoumXa7hkj6eosaX-4GnyLYxz9GXv0W4b27bAvhUci9cHG089vzrXWZ4Eg6d1Mer_u4HN9weV9tflb1JjtvwSatVP4j1FNBZoG-Cr0Q~~
数据分析师（HR方向）,北京/朝阳区/望京,150-300元/天,,本科,SQL/Tableau,孙雷雷/HR数据分析师,美团,互联网/已上市/10000人以上,通讯补贴/意外险/五险一金/带薪年假/股票期权/高温补贴/团建聚餐/补充医疗保险/保底工资/年终奖/餐补/节日福利/夜班补助/生日福利/交通补助/工龄奖/有无线网/底薪加提成/定期体检/员工旅游,https://www.zhipin.com/job_detail/fe2af1bb664595dc1XRz29m_EVtX.html?lid=3AoHaVEK9Ia.search.59&securityId=SzM14sbmmQBFo-k1xfCj0Rs0_cyHBOStp5j-v3KUeHoMdc7KzejAe9kJXYtXZLAdHFiA0rSJP8B8oQzSsFF6g-ETmUrRjcEIiFeZgukqvezElbHtJ7Ea9IjA7TT8hKWF0nTyKFc9qG3b
数据分析师实习生,北京/朝阳区/大望路,200-250元/天,,本科,SQL/Python,马方平/CEO,酒台网,媒体/A轮/20-99人,五险一金/股票期权/员工旅游,https://www.zhipin.com/job_detail/fe2af1bb664595dc1XRz29m_EVtX.html?lid=3AoHaVEK9Ia.search.60&securityId=7MAA5J72epRlk-Z1gS0G3IR9e0KrWZ06lfWHkjrTrCOY9Z5ROtfYFkSure-dyY0vjqQpvP55ACee314sneo8PpBh0kPvGk-pcdgoOlvhaOGAkvv8WvJrRvVT4qc_t5eYUGjeiz4r4Vy3
高级数据分析师（运营）,北京/朝阳区/立水桥,15-25K·14薪,经验不限,学历不限,MMORPG/游戏/手游/Tableau,李女士/HRBP专员,龙图游戏,游戏/D轮及以上/1000-9999人,定期体检/五险一金/节日福利/加班补助/年终奖/全勤奖/带薪年假/补充医疗保险/零食下午茶/员工旅游/餐补,https://www.zhipin.com/job_detail/fe2af1bb664595dc1XRz29m_EVtX.html?lid=3AoHaVEK9Ia.search.61&securityId=SCuH9nb8b5lVn-l1nToTCEhMWFE8iJii9mUNLYkzjlBYZJ01lj60dGl5slbKPyRQmqQb_os4ij5Qxszs1KsEsapkx2VRsYaX1IrW237TPfWmbQZZq1dyXkFNQyrof4SUUbZ29-QhENc~
数据分析师 (MJ000095),北京/朝阳区/望京,35-45K·14薪,经验不限,学历不限,Python/SQL/Java,孙先生/北京HRBP,数数科技,数据服务/C轮/100-499人,年终奖/补充医疗保险/节日福利/股票期权/打车报销/定期体检/带薪年假/入职体检/企业资质/五险一金/带薪病假/零食下午茶/加班补助/苹果电脑办公/员工旅游,https://www.zhipin.com/job_detail/fe2af1bb664595dc1XRz29m_EVtX.html?lid=3AoHaVEK9Ia.search.62&securityId=IGypfcGUmH48v-41RReuULHOvQNCcjxmKQkmAgVg2_q2e-dLkm-aSKLpm30L8qp5OZcx3WmFq5QQNXcB_jBNxbhJ4IITMTMgAdVaB2bCAtI8uGZmsArfycSP2Km6xfSUo3nwouUc3w~~
数据分析,北京/海淀区/上地,10-15K,经验不限,学历不限,SQL/Power BI/Excel,包海雁/招聘HR,高途集团,在线教育/已上市/10000人以上,带薪年假/年终奖/补充医疗保险/团建聚餐/节日福利,https://www.zhipin.com/job_detail/fe2af1bb664595dc1XRz29m_EVtX.html?lid=3AoHaVEK9Ia.search.63&securityId=E0OMK0B0-Jlte-k1bsc98xCUhEAbm9aIHfaFlgAqvOy737YGzcUTKvliOPH_EjiPjFt_fL72GsIwFaTR6xhfLn_e5CSWYcf6nc0VWYBMzORH9QcN-8FX3KzVwR7klITMAtZM4PIECL49d5Lidfyeytqxt7mAe_1bKwqVF5IGk-giMZQz
2022校招 | 数据分析师,北京/朝阳区/奥运村,16-18K·15薪,在校/应届,本科,Python,金孟/校招HR,博乐科技,游戏/B轮/500-999人,带薪年假/补充医疗保险/定期体检/员工旅游/五险一金/年终奖/包吃/餐补/住房补贴/节日福利/零食下午茶,https://www.zhipin.com/job_detail/fe2af1bb664595dc1XRz29m_EVtX.html?lid=3AoHaVEK9Ia.search.64&securityId=ug4HNv2OXlOxE-61d2-w3nNAhN6hm2Yw5KXjfkAcyQujQgil-g02pqB-iYSaEBrW_K4q6AxYKZCiY5wRjlMxSAd26WXhtbiOCy5uuyQ_z5gQlqUd76jPnrzTV5n8LqT5ekGWTjVCh2PxaQ~~
数据分析师（实习生岗位）,北京/海淀区/五道口,180-200元/天,,本科,数据分析/SPSS/Python/大数据/Excel,牛晓莉/招聘者,小立教育,移动互联网/A轮/0-20人,,https://www.zhipin.com/job_detail/fe2af1bb664595dc1XRz29m_EVtX.html?lid=3AoHaVEK9Ia.search.65&securityId=9WHy4AyJOtSx0-91OFSfgkzaUlqEb6B3ArJFFJpmQLkYHgZ97T6ikkD3rFzVHIMy2aD2mDPQg3C8NlCCaPPxk4gp38gUnhX4Qxwn6b71gehnL2GR1sZ1CdLAdHBWnqxk8rc-NTh0
数据分析 (MJ001439),北京/东城区/东单,15-25K,在校/应届,本科,Power BI/Tableau/SQL,许女士/HRBP,云非科技,互联网金融/C轮/500-999人,交通补助/补充医疗保险/节日福利/带薪年假/股票期权/包吃/五险一金/餐补/年终奖,https://www.zhipin.com/job_detail/fe2af1bb664595dc1XRz29m_EVtX.html?lid=3AoHaVEK9Ia.search.66&securityId=5pCTMuQIZI8a4-N1cPEVtDc3eCc6WWFRTOmMQ84aSEh-GbM9JxSgfudWcTKbUYYSLYlSblGavRIy6saD2bOYjvD571uW5Qfd9k2brmjfJwH0o8MAJ_GaYtuEIZ2rphqzxgboocmPEA~~
急招数据分析师（22年春招补录）,北京/海淀区/西北旺,15-25K·15薪,在校/应届,本科,Python/Tableau,郭女士/hrbp,Aibee,互联网/B轮/500-999人,零食下午茶/年终奖/技术氛围好/餐补/节日福利/定期体检/免费班车/五险一金/带薪年假/住房补贴/补充医疗保险/股票期权,https://www.zhipin.com/job_detail/fe2af1bb664595dc1XRz29m_EVtX.html?lid=3AoHaVEK9Ia.search.67&securityId=qWedvpKgXy6Wf-M1xihBK_avcvIKYLVh-GMo1MYVtPeEDiX0212HHxcd3OyNa760zx-TiAVaIp4DhzaPuD5XYSrGWt_y-2dgR0D8-GiMHw1r9_lOKmpA21BmXxyhXCcy9hJPkZeZuTb6
数据分析专员,北京/海淀区/西北旺,9-14K,在校/应届,本科,相关分析/Excel/SQL/Python/描述统计/经营数据分析,程先生/HR,北京千喜鹤公司,餐饮/不需要融资/10000人以上,五险一金/节日福利/住房补贴/通讯补贴/交通补助,https://www.zhipin.com/job_detail/fe2af1bb664595dc1XRz29m_EVtX.html?lid=3AoHaVEK9Ia.search.68&securityId=C9r7hiqw39D2T-B1ohXtJPlFAfpWPJ--zASgVsHyJbjbAF8A7aNS2KnZ8KY5nolWWNtrCzezXV0H36Fo7zIUSPfDpXdLuKultnPSoSI6yPu2z3pEcL8jR4Bd15_GTYnAmucx5sWKwD0U
数据分析专员,北京/海淀区/航天桥,6-10K,在校/应届,本科,商业分析/数据分析/数据挖掘,李女士/招聘经理,中视购物,贸易/进出口/不需要融资/500-999人,补充医疗保险/五险一金/定期体检/餐补/带薪年假/节日福利,https://www.zhipin.com/job_detail/fe2af1bb664595dc1XRz29m_EVtX.html?lid=3AoHaVEK9Ia.search.69&securityId=o1SNLxNOnOWLg-z16tzFnbw4c54v_XdiyQ7-bUy7L0N3PtqCF_5kddhuJ_ZP4MNhUwLc4La9FKHfN4FixWm0YSsWHtxwKnhpAtqJS5S60q8lwnaaB-0Uj-t8J6iDIIe6lsojLYys
数据分析专员,北京/朝阳区/高碑店,6-10K,在校/应届,本科,Python/Excel/SPSS/BI,李晖/招聘主管,环球购物,媒体/不需要融资/1000-9999人,餐补/免费班车/年终奖/全勤奖/五险一金/带薪年假/节日福利,https://www.zhipin.com/job_detail/fe2af1bb664595dc1XRz29m_EVtX.html?lid=3AoHaVEK9Ia.search.70&securityId=1kFb4cid8Tn0S-I1mrGjL-QW4vO4cKJ2UdpFZpbTkDduKQLn1e-BBFS3n1xq0sSd8edbBPI4yojoMfTwbHs8JOIaOMP8Ks_c8MaArncTBlP-Pi4-3Ck5cYY54rnnTJiAKfCabF-SIA~~
数据分析师,北京/海淀区/双榆树,12-20K·18薪,在校/应届,本科,SQL/Python/Excel/Hive/描述统计/相关分析,童先生/数据分析,今日头条,移动互联网/未融资/10000人以上,五险一金/补充医疗保险/加班补助/交通补助/股票期权/通讯补贴/免费班车/住房补贴/包吃/零食下午茶/带薪年假/员工旅游/全勤奖/年终奖/节日福利/定期体检,https://www.zhipin.com/job_detail/fe2af1bb664595dc1XRz29m_EVtX.html?lid=3AoHaVEK9Ia.search.71&securityId=poA4mcLfSuyqt-q1zYWko6w0Yg_aaKHTwgEoVjdbeG8juHJfNAWqXTpgMq33cvBouMtCQgZU9wlTSv2fy6M0cRhEUOXxM6h-TsGp0Q8-bwOlBDXl2t5ednQrNnd7gGKahECO0n74
数据分析工程师,北京/昌平区/西三旗,13-17K,在校/应届,硕士,Python/SPSS/Excel/Spark/Hadoop,颜玄/HR,易达未来,计算机软件/未融资/100-499人,五险一金/全勤奖/年终奖/绩效,https://www.zhipin.com/job_detail/fe2af1bb664595dc1XRz29m_EVtX.html?lid=3AoHaVEK9Ia.search.72&securityId=o7sOf2lqn7uwI-41PJtKMjMj2lFNkGvzjegBQy1PeqFdxTpZz6FrFX9lUarVisj06tBFmuQSM-NuTQ5Y3RDS6fZuQOXuc10u4K2RIN4FDKhhJMuCNGTiONL_M1pPYS4etJ_VcaKBLeZJ
数据分析师（2022/2023留学生招聘）,北京/海淀区/西北旺,18-35K·15薪,在校/应届,本科,python/数据分析,朱先生/招聘HR,华为,计算机软件/不需要融资/10000人以上,五险一金/补充医疗保险/零食下午茶/加班补助/节日福利/定期体检/员工旅游/餐补/股票期权/年终奖,https://www.zhipin.com/job_detail/fe2af1bb664595dc1XRz29m_EVtX.html?lid=3AoHaVEK9Ia.search.73&securityId=FbU2kKUWSMjt9-Y1D4Z8YUvZ4Wr-evMT7l3Uhqxz4n6lyq4_-Yajbv-EHJtWq9y2aXmHUePF55iOcupxcpYhJgREgyq-ZQUfJEiBxHosWqmnQSn0XzI5a5cVzpV3vDQy0LtB15k~
数据分析工程师,北京/海淀区/清河,11-22K·13薪,在校/应届,本科,Python/SQL/Spark,赵思妍/高级招聘经理,锐安科技,互联网/未融资/1000-9999人,通讯补贴/零食下午茶/交通补助/节日福利/带薪年假/加班补助/餐补/股票期权/员工旅游/年终奖,https://www.zhipin.com/job_detail/fe2af1bb664595dc1XRz29m_EVtX.html?lid=3AoHaVEK9Ia.search.74&securityId=Fz7JcWi6jO7Qy-U1BolPafCarUOejUNCDwmUkUY9ckBtzajZt0YbmqR1y_5wAMieuwnf0eQUsT5DYBuqBZ9jJqYAhqV86lP0qB-qcLxwrxp9FcQueE_o9T0AZfDufD-skA~~
数据分析,北京/朝阳区/三元桥,100-150元/天,,本科,Excel,高民芳/联合创始人,盒子鱼英语,在线教育/未融资/20-99人,五险一金,https://www.zhipin.com/job_detail/fe2af1bb664595dc1XRz29m_EVtX.html?lid=3AoHaVEK9Ia.search.75&securityId=zzDlSYqDPmdBh-r1ph2Z9F50JKKpp6Gv6RScoEtuJUNcGFMhoqW3CY3z8BYyLm9v6mgby7aOlEowLtEZ4Am1eP5L13YwcxF1U6A_JGb64Bg5H2mhkeXKRY0ehddlCrR7mZasocEj
数据分析,北京//,23-24K,经验不限,学历不限,金融,季女士/猎头顾问,某大型金融集团公司,计算机软件/未融资/1000-9999人,补充医疗保险/交通补助/员工旅游/企业年金/加班补助/包吃/带薪年假/定期体检/节日福利/五险一金/通讯补贴/住房补贴/生日券,https://www.zhipin.com/job_detail/fe2af1bb664595dc1XRz29m_EVtX.html?lid=3AoHaVEK9Ia.search.76&securityId=uGDYenfGhygAH-E1XRKa9woZn6hb9pSOkK3efBLk_ponO1aYPEVA9EtVjB_DyT2xTCl3_xAOSLWu5vhecPghanyJz5O95pc6-9IificSPNRQU0_TZfk-5pzeuZEqny54VKPBSfl0tYE~
数据分析,北京/朝阳区/望京,140-200元/天,,本科,Excel/SQL,焦女士/经理,墨迹天气,移动互联网/不需要融资/100-499人,补充医疗保险/节日福利/定期体检/加班补助/零食下午茶/带薪年假/年终奖/五险一金/员工旅游/餐补,https://www.zhipin.com/job_detail/fe2af1bb664595dc1XRz29m_EVtX.html?lid=3AoHaVEK9Ia.search.77&securityId=Bj2FY0RC9rWcJ-Q1UWqyBlF5HUZNemo_508cwpodRU0HZxOBqmoWCZt7itdfY7waWNY9Zb14TEbsc-rV-kKrs0Gpiq3gLnMZ-SbsJDYXhOi4lAGrP4fQHVL2MZiff_MKzWLr6lu9
数据分析,北京/大兴区/亦庄,150-200元/天,,本科,Python/SPSS/Excel,朱逸辉/产品运营经理,去哪儿网,互联网/不需要融资/1000-9999人,定期体检/带薪年假/交通补助/五险一金/年终奖/员工旅游/节日福利,https://www.zhipin.com/job_detail/fe2af1bb664595dc1XRz29m_EVtX.html?lid=3AoHaVEK9Ia.search.78&securityId=rj0hFvwEz0_6f-Y1DAOX6F2QM2kI8qyA3iTm0AjC41wiMnac7-kn8aeVufWG04n0FR-N3gB2LyjsdKcuw2gCh39D9fct9NDkNDQh7WBPc2Pt_kje4fqYlEtE4-1-Vm7TUVPr1-NU0Lw~
数据分析,北京/朝阳区/国贸,80-120元/天,,本科,Excel/PPT,王女士/人事,CSM,数据服务/不需要融资/1000-9999人,零食下午茶/餐补/带薪年假/节日福利/五险一金/加班补助/补充医疗保险/定期体检,https://www.zhipin.com/job_detail/fe2af1bb664595dc1XRz29m_EVtX.html?lid=3AoHaVEK9Ia.search.79&securityId=1sPffYP7o110H-r1fvxlzni_J_V11bAttMum-_Dx46CUtAXARa9bXYFQ-B4FsPZSzLXoNyLVq7XYfoFSd0lLRKhlKqOdTJDpKOTtWcKo7IDzxVKRTUVLIMZ3hHJdr3LiADVc581xO34~
数据分析岗(J10684),北京/大兴区/亦庄,6-8K·15薪,在校/应届,本科,数据分析/商业分析经验,郑宇辰/HR,北汽新能源,汽车生产/已上市/1000-9999人,年终奖/补充医疗保险/定期体检/免费班车/员工旅游/五险一金/带薪年假/餐补/通讯补贴/交通补助/节日福利/零食下午茶,https://www.zhipin.com/job_detail/fe2af1bb664595dc1XRz29m_EVtX.html?lid=3AoHaVEK9Ia.search.80&securityId=jYdTtzEYotkJ7-v1zqHKICaf-pf5T5hRfagyuoZRhSlMazrQYpH-m7cL7RShKcGo0GYzHSR_b__4QOUdEUtXCaw1H0bLLKKID9104ZAKJEkJJM-7CFyjZO9SC1XsBqYItsjbiXS0HA~~
数据分析——应届生,北京/朝阳区/国贸,8-10K,经验不限,学历不限,Tableau/SQL/Python,李莉/HR,仲量联行,咨询/已上市/10000人以上,零食下午茶/五险一金/定期体检/带薪年假/年终奖/节日福利/通讯补贴/补充医疗保险,https://www.zhipin.com/job_detail/fe2af1bb664595dc1XRz29m_EVtX.html?lid=3AoHaVEK9Ia.search.81&securityId=3q6N1F76MG6Hh-U13azw5q4MfBxk9S-12WcmT2eSzR81FJP9DTNmh313W-o7KEG92aN57jQG5ufwEYnw1NdEvBQzh6wz_Csy7fojHvd2t1mvBzYKPBe3u_X8eh05HaYZpATjV7-1TckM
数据分析与挖掘工程师,北京//,12-15K·16薪,在校/应届,硕士,Python/Java/SQL/深度学习算法/机器学习算法/Hbase,吴波/hr,轩宇空间,信息安全/不需要融资/100-499人,五险一金/定期体检/年终奖/补充医疗保险,https://www.zhipin.com/job_detail/fe2af1bb664595dc1XRz29m_EVtX.html?lid=3AoHaVEK9Ia.search.82&securityId=dZIOh8KAzTTZ--k1GmrRWaOq75a_7LMLYBPvC76SIasCuXUijG3joLMHua5CuevX9Fo-ncfvCT1EgfZqe-kITW1E_YsLglCCGdCi58urakTe6eCtNaEUfaw1x9klQLALVHe52XU~
数据分析师,北京/朝阳区/酒仙桥,200-310元/天,,本科,Pandas/Matlab/NumPy/Matplotlib/多元统计分析/信度分析/参数检验/因子分析,王先生/数据挖掘专家,奇虎360,互联网/已上市/1000-9999人,五险一金/补充医疗保险/年终奖/零食下午茶/节日福利/带薪年假/股票期权/餐补/包吃/定期体检/免费班车/交通补助,https://www.zhipin.com/job_detail/fe2af1bb664595dc1XRz29m_EVtX.html?lid=3AoHaVEK9Ia.search.83&securityId=1Oh67IuMXzXm_-h1m5egCUk7BVH_NIlM_EkKQAkNmaXKC8GaAGhlqVywyhutStegXwzjotecpDYNMkEPr1H6BpABcahQ7Mr6Iin123rPcRTXP_gocCis0_3T6OHZwi58T5IStg~~
数据分析师,北京/大兴区/亦庄,15-20K,在校/应届,硕士,SQL/Python/Java/Excel/R/SPSS,王衡/招聘者,京东集团,电子商务/已上市/10000人以上,节日福利/员工旅游/定期体检/餐补/股票期权/补充医疗保险/带薪年假/免费班车/交通补助/年终奖/零食下午茶/五险一金/包吃,https://www.zhipin.com/job_detail/fe2af1bb664595dc1XRz29m_EVtX.html?lid=3AoHaVEK9Ia.search.84&securityId=F6U3m9SddCkIP-K1gMPI9s6JzC-9oyxHLN_1IZ4xnroLMjrCxoF6chxhcek-nWkm1TdW4xu6aA_5IYtCeJXhnKQq0Bf8irDO1aDWdAxxPP7PlFPPI97k-vCxJtgyElMun44hIhgN3w~~
数据分析师,北京/海淀区/上地,250-350元/天,,本科,Excel/Python/业务分析/SQL,李婷婷/数据分析师,快手,社交网络/已上市/10000人以上,补充医疗保险/股票期权/带薪年假/定期体检/节日福利/五险一金/年终奖,https://www.zhipin.com/job_detail/fe2af1bb664595dc1XRz29m_EVtX.html?lid=3AoHaVEK9Ia.search.85&securityId=Ju_zoR423U6Ew-C1hdla2yCNENKQHMc_MogOym7QlzvVfa303VGK9JaGMaWZLEX1Qjv-2rxYeAQcTw11dzcWKHzLiqtsyya04ZdhkAmggHazlnZ8-PdxIn3LVO_kcjOiVaHbPK4~
数据分析师,北京/海淀区/回龙观,290-300元/天,,本科,SQL/Excel/Python,王婷婷/数据科学与智能部,滴滴,移动互联网/D轮及以上/1000-9999人,定期体检/五险一金/补充医疗保险,https://www.zhipin.com/job_detail/fe2af1bb664595dc1XRz29m_EVtX.html?lid=3AoHaVEK9Ia.search.86&securityId=rDlp6ALnU4M5b-J1_shXqxZICDDbcHQAVmnAPSTuunJseImizGxwlmCbvIaupJv4d_5sT4BGfRfrY-vWIGXQFLAEeHTHUWjy5H_xfrG7jVvNmHcWbQFfK4BDS2-KmqJ8Ay6-SaOpmfQ~
数据分析师,北京/海淀区/上地,240-300元/天,,本科,SQL/Excel/描述统计/Python,卓越/数据分析师,滴滴出行,移动互联网/D轮及以上/1000-9999人,定期体检/补充医疗保险/年终奖/股票期权/免费班车/节日福利/五险一金/带薪年假/交通补助/零食下午茶,https://www.zhipin.com/job_detail/fe2af1bb664595dc1XRz29m_EVtX.html?lid=3AoHaVEK9Ia.search.87&securityId=UtEGOHMqi07pR-c1fs9eTWl6mXWS-LqSXm1-tKsH_VjqmdAxM2uy8KcmWggJCXrXs8G6HKGIPOvoZwjzOSY4Tf3Y0ghi4Z9l6PbBsY0WvSBGc1lrnmbo3_zER7MQSmxLJs-O-tWU3Q~~
资深数据分析,北京//,30-50K,经验不限,学历不限,Python/SQL/决策树/SAS,郭先生/猎头顾问,某500强上市公司,信息安全/已上市/1000-9999人,节日福利/通讯补贴/定期体检/员工旅游/补充医疗保险/年终奖/带薪年假/餐补/五险一金/全勤奖/交通补助/加班补助,https://www.zhipin.com/job_detail/fe2af1bb664595dc1XRz29m_EVtX.html?lid=3AoHaVEK9Ia.search.88&securityId=YQcHk1vu3weYp-q1CFCrWfktf0edOdVzVdVcSQHAuPs224wHeDTwuCkbmcaNEnfLxEnqAcHQ24rK45tCGL_u7xR69mzo8DTVsgNbU2-LchPy_p_08KDcpJ9_agPBJoD6AOs0HDDCy6g~
数据分析（实习）,北京/海淀区/中关村,180-200元/天,,本科,SQL/Excel,姜芳/数据分析,途家网,互联网/D轮及以上/500-999人,员工旅游/定期体检/五险一金/节日福利/带薪年假/餐补/股票期权/补充医疗保险,https://www.zhipin.com/job_detail/fe2af1bb664595dc1XRz29m_EVtX.html?lid=3AoHaVEK9Ia.search.89&securityId=oaMU_iDo-lWUN-H15wSnXPsMVtxEAc5oOi4HHWSmdH3uxzWGoBdWgYAJfZkVuKab-r3CIBeO-RDuTThZcJvkkj0s-BdG7SbjZxSAsvZu3HwZx4XDFIk4wKVHljokqJ_MnCLIFvU~
数据分析师,北京/朝阳区/太阳宫,150-200元/天,,本科,SQL/Python/Tableau,王小禾/数据分析师,BOSS直聘,人力资源服务/已上市/1000-9999人,带薪年假/五险一金/定期体检/餐补/员工旅游/节日福利/补充医疗保险/年终奖/交通补助/加班补助/股票期权/住房补贴,https://www.zhipin.com/job_detail/fe2af1bb664595dc1XRz29m_EVtX.html?lid=3AoHaVEK9Ia.search.90&securityId=LdAh5fF6R9e0O-i1Csl8UQ4CbdV6PfDfv8vJYKALYySC7wQU2WPu8PYL4AGEDeM-kh2Csa8GMo306V7N8-W2Z3M5rSdQn7Vx4K5shYzJijgVSY_-Vuj9c6SOJ73XEjGOFzrTCw~~
董事会管培生（数据分析方向）,北京/海淀区/西北旺,8-12K,在校/应届,本科,Java/Python/SQL/相关分析/Excel,李良珺/HR,北京千喜鹤,生活服务/未融资/10000人以上,五险一金/年终奖/加班补助/员工旅游/通讯补贴/住房补贴/节日福利/带薪年假/包吃/交通补助/餐补,https://www.zhipin.com/job_detail/fe2af1bb664595dc1XRz29m_EVtX.html?lid=3AoHaVEK9Ia.search.91&securityId=WJz4yEeHlD4fj-r1aI864IfBiEG72kc_RQE5zjKriyqOaxyCUPo4er-hJuQFLRLNFZYj1t7OKIGkQpAYKc1p2DL0GbzpvF1-tfEYBtdnBvx8LlNGReCccllBPzp8fFZN6AT8TMP6
数据分析师,北京/大兴区/亦庄,200-250元/天,,本科,SQL/BI/相关分析,杨女士/数据分析师,京东世纪贸易有限公司,互联网/已上市/10000人以上,补充医疗保险/年终奖/餐补/定期体检/五险一金/全勤奖,https://www.zhipin.com/job_detail/fe2af1bb664595dc1XRz29m_EVtX.html?lid=3AoHaVEK9Ia.search.92&securityId=E66n7C2z2cEXK-B1UYbYPzuMyf1CtvRUr4MuBUupGSG_nHKsXALXF9oY2LLtUgXvc8xDDeJjbrEo04grTtQeLP4F_gqXHbV05s3ryUKbJ4lWIdC4MZlIpM6KLEyRYBcK0r7agysT9w~~
数据分析（实习）,北京/朝阳区/左家庄,100-110元/天,,本科,Python/SQL/Excel/Tableau/R,王先生/资深商业策略分析师,微博,互联网/已上市/1000-9999人,免费班车/年终奖/节日福利/定期体检/补充医疗保险/餐补/五险一金/带薪年假,https://www.zhipin.com/job_detail/fe2af1bb664595dc1XRz29m_EVtX.html?lid=3AoHaVEK9Ia.search.93&securityId=FAE7PPEJmixwy-p1LUYq_LL5hj0FoeKTvUKn93TDyjDV0Tc4y32UscYi9fyw7fbclAMynTQEQt0zGAkqyRkVqEbqnaJgNqYLKRlWBhAocwqlf8_XDngWRjby2cBugf23q6UNlWYv
数据分析师,北京/大兴区/亦庄,100-200元/天,,本科,Python/SQL,刘先生/招聘者,京东科技集团,互联网/不需要融资/1000-9999人,餐补/补充医疗保险/五险一金/免费班车,https://www.zhipin.com/job_detail/fe2af1bb664595dc1XRz29m_EVtX.html?lid=3AoHaVEK9Ia.search.94&securityId=sxN7Ip3x3LCYi-k10Yil-6q_Qt2iFwJgIj6LO0HQ6BpVZN83HDw--K6tiR5vDdqyV_GKPIKJmZEWZgTUE696ooCEQg9DN4og0rcoAEgsNo8qGuexyDaIwVsAOC9_hMc7R9bX-BfVeDg7
数据分析工程师,北京//,200-300元/天,,本科,Python/机器学习经验/自然语言处理经验/数据分析/数据挖掘/Python,黄乐/联合创始人 | 技术总监,掌数,信息安全/未融资/0-20人,五险一金/年终奖/零食下午茶/带薪年假/通讯补贴/股票期权/住房补贴/培训补贴,https://www.zhipin.com/job_detail/fe2af1bb664595dc1XRz29m_EVtX.html?lid=3AoHaVEK9Ia.search.95&securityId=iy4Zn3SQvpyxF-u1eRki3FW2JG3rpTh1FFFHKCjMcLGdCwOsjSIf5Kb0XbYcNfpjkHbvvLbmk3pFla2ZfXrXwIHzXmOP8DWd2QFpfxGrzNIcV5e4jfs2LNS6RG-k8F02cHisj89NiXI~
数据分析-实习生,北京/朝阳区/望京,200-250元/天,,硕士,Python/R/数据分析/挖掘经验/数学/统计相关专业,张立荣/体验研究总监,谷雨互动智能,企业服务/天使轮/0-20人,全勤奖/股票期权/五险一金,https://www.zhipin.com/job_detail/fe2af1bb664595dc1XRz29m_EVtX.html?lid=3AoHaVEK9Ia.search.96&securityId=QmntSPgpJCcfe-L1ZcVkxEuMCd7IovOuebzsw2zRdFuv0B5S9_gX71c8kHtn_xSZH4Z7UrflhLh7wTBieXvOJsr1AmD1K_U3h6DS1Fia0FtqwC_luKTjDYuPcReHAuGaFNjGOChpy3KR
数据分析实习生,北京/大兴区/亦庄,200-250元/天,,硕士,Java/Python/SPSS/Tableau/R/Matlab,包女士/招聘经理,BOE,计算机软件/已上市/10000人以上,加班补助/节日福利/全勤奖/年终奖/带薪年假/五险一金/餐补/包吃,https://www.zhipin.com/job_detail/fe2af1bb664595dc1XRz29m_EVtX.html?lid=3AoHaVEK9Ia.search.97&securityId=mSoeiyAZBYYaG-61gx4Bit4wr6Tjni-2p_Ly9msMPkE-7zA0H8znP3fFlaN3zzY2Y2csKgMXjgBqAtMBHOzlAX2njfDsRuK-Chh_rBA07g4pSn6TqBFyW-tlO-cA6UvYt0VgGkVreg~~
数据分析实习生,北京/朝阳区/来广营,200-250元/天,,硕士,Python/SAS/Matlab,朱女士/招聘,一零跃动,互联网/不需要融资/1000-9999人,补充医疗保险/年终奖/定期体检/员工旅游/带薪年假/零食下午茶/餐补/节日福利/五险一金,https://www.zhipin.com/job_detail/fe2af1bb664595dc1XRz29m_EVtX.html?lid=3AoHaVEK9Ia.search.98&securityId=WaKIRZLOhpUgg-X1Ytj27ENxj39BxWiTUAvlKz6gX6oZJ4YN5HE4H2Fcn0ShJHw-KvoE6bU5krm-wEYeK_4aGAFm77Fep2_SoZSpcslOdNf6EagO0-GpXrILVp53C3AilI0aI8JXy4k~
数据分析实习生,北京/海淀区/西北旺,220-260元/天,,本科,Python/SQL/Excel,刘凤霞/数据分析,网易云音乐,音乐/视频/阅读/B轮/500-999人,五险一金/定期体检/包吃/员工旅游/免费班车/节日福利,https://www.zhipin.com/job_detail/fe2af1bb664595dc1XRz29m_EVtX.html?lid=3AoHaVEK9Ia.search.99&securityId=aWjG3SfHaYPN8-M1K2WJua050Heol3-4BMPYfVKlTcY5TUCMoPqbQEzHOU-VQZhucvtNYjw_9Gdnmk45XTNeuSigEo557wPYeofrcqUK_KLkBh2wWy8KAIMqSiFA4yIWkh_ddmOJfg~~
数据分析实习生,北京/朝阳区/大望路,100-120元/天,,本科,数据处理,朱大培/招聘者,中金云金融,互联网金融/A轮/20-99人,带薪年假/补充医疗保险/员工旅游/五险一金/年终奖,https://www.zhipin.com/job_detail/fe2af1bb664595dc1XRz29m_EVtX.html?lid=3AoHaVEK9Ia.search.100&securityId=KCMRwqtbIRPUA-k1XYdxjEq82in6peSHy6BJJYc_nm2Uw4fwOP4C_S1wsGuFdp4_UYB0cm5-5sMArsqV1ZH2k5jpb-MS663dIN6wAOy0Ur2KhKRElX7M5JoutD-EczjSC3rn
数据分析工程师,北京/海淀区/马连洼,240-250元/天,,硕士,SQL/Python/数学/统计相关专业/数据分析/挖掘经验/机器学习建模经验/数据科学/机器学习/统计学,黄彦博/高级数据分析工程师,百度,互联网/已上市/10000人以上,交通补助/节日福利/餐补/加班补助/零食下午茶/娱乐健身/住房补贴/带薪年假/定期体检/通讯补贴/免费班车/补充医疗保险/年终奖/五险一金/员工旅游,https://www.zhipin.com/job_detail/fe2af1bb664595dc1XRz29m_EVtX.html?lid=3AoHaVEK9Ia.search.101&securityId=nfEZDgrQ8BQLH-H1kfFnTkT2F9Zcyj2NwYchNSqZXLpmONko2O-vKp7AYovtyeAUWE_UNoaA5WNBqwrX61ieqFM2AKq0atgbNelSFJb9d0gy-LNnzVc1z5p74nLYuO4G03Pr
数据分析实习生,北京/朝阳区/常营,200-250元/天,,本科,数据分析/挖掘经验/计算机相关专业/Python,金女士/HR,遥领医疗科技,医疗健康/A轮/20-99人,交通补助/股票期权/带薪年假/餐补/节日福利/五险一金/通讯补贴,https://www.zhipin.com/job_detail/fe2af1bb664595dc1XRz29m_EVtX.html?lid=3AoHaVEK9Ia.search.102&securityId=UGy7s52B7NCa2-31RMYTYy9-t57RDT0IegJiz5QiymDLxtZF_muDiwAwXhVi9C3JbPfL4gj00VmiPSI8bL19VWvQE2bGK8bxDioYHagoeScS20eE0p1iVAb6PBQ10Hb1AkIUizfKAQ~~
数据分析实习生,北京/朝阳区/亚运村,120-150元/天,,本科,Python/Power BI/Excel/责任心强、善沟通/mysql,谭女士/行政,瓜豆星球,新闻/出版/不需要融资/0-20人,员工旅游/带薪年假/年终奖/五险一金,https://www.zhipin.com/job_detail/fe2af1bb664595dc1XRz29m_EVtX.html?lid=3AoHaVEK9Ia.search.103&securityId=BCPllaFD-nIii-y1WThCbW6wtjfePKuo187Huv0-7Nk21JqugtIo0xbazgJ5UBTtDPLYfsqtxer_oUxL9iAcBLjpT2MklvqVeMay26XEvloXoRHntntk064waDdYZhzvWqviP6mS6LRZ
数据分析实习生,北京/朝阳区/望京,150-200元/天,,本科,SQL/数据分析,孙女士/招聘者,雪球公司,互联网金融/D轮及以上/500-999人,五险一金/节日福利/交通补助/零食下午茶/通讯补贴/年终奖/股票期权/补充医疗保险/员工旅游/餐补/定期体检/带薪年假,https://www.zhipin.com/job_detail/fe2af1bb664595dc1XRz29m_EVtX.html?lid=3AoHaVEK9Ia.search.104&securityId=B0whHXRkQ59IG-G10IR6i_2Rt2Py_Cybznp273URjlT5N6SxvsFqL24je67WdJRFTn2EyvnIjTkh8K2EK83v39DvjDwro_KWBuBrJ8ZStvRogKHiS2Zb2Z03w8EP7exP_dKCpJM~
数据分析实习生,北京/西城区/德外大街,120-160元/天,,本科,Excel,江亚军/HR,数智工场,数据服务/天使轮/20-99人,五险一金/带薪年假/零食下午茶/年终奖/员工旅游/定期体检/节日福利/股票期权,https://www.zhipin.com/job_detail/fe2af1bb664595dc1XRz29m_EVtX.html?lid=3AoHaVEK9Ia.search.105&securityId=yRGHgQ8uaNF20-z1JB_UVJIU_y_3aQHWlfUXSsO292DkGTW7btrKUV5UaHczNDFNRTYzX9BWtcbQbOZ9MCR6MgdFsOyAT5fe6qE7HNwj-CO4rzZp7y7CEfLZuP06KQEOj-EffSELHQ~~
数据分析实习生,北京/昌平区/回龙观,400-800元/天,,硕士,多元统计分析/A/B测试/变现数据指标/商业变现,黄维/CEO,中传聚看,互联网/未融资/100-499人,年终奖/五险一金/员工旅游/餐补/定期体检/零食下午茶/节日福利,https://www.zhipin.com/job_detail/fe2af1bb664595dc1XRz29m_EVtX.html?lid=3AoHaVEK9Ia.search.106&securityId=374XmuVmHHZRx-o1b-gjxVKlI7iensjw_9Izpr8N8xjRnZg_tHc00Am7lmykKPP12AlrvOtDZ3U3Dh0OEU83pKW3obeoJQHr_UltW_UauTKQV-YAfqcetjq06YnwGr-7sGGGGNMrgxUP
数据分析实习生,北京/朝阳区/呼家楼,250-310元/天,,本科,Tableau/SQL/Excel/Salesforce/参数检验,林燕芳/HRM,众信联保,其他专业服务//20-99人,五险一金/补充医疗保险/节日福利,https://www.zhipin.com/job_detail/fe2af1bb664595dc1XRz29m_EVtX.html?lid=3AoHaVEK9Ia.search.107&securityId=S9ndLa-GrQ6MR-g14Xp8qb94a9cM5WkcavBdHldCRtSgqw_MPg6Q2Y6cgpzCPZnttjpRhLV57buIF9jfvNe3KBdRBmv_61_IehMuJIwlshZaxbQ0-FzuYswoe6GY-j_rY98HxF5sQm21
数据分析实习生,北京/海淀区/北太平庄,150-200元/天,,本科,SQL/Python/Excel/Tableau/Pandas/Hive/Power BI/Hadoop,岑润哲/产品总监,数势科技,企业服务/A轮/100-499人,五险一金/零食下午茶/股票期权/节日福利/带薪年假/年终奖/出差补助,https://www.zhipin.com/job_detail/fe2af1bb664595dc1XRz29m_EVtX.html?lid=3AoHaVEK9Ia.search.108&securityId=Vj9SVceNEyP9A-H1VEPvaSZwKXHJsh1Ptc3VYXZANgrzmQhU3AX3wV3LXJstMBlgwKaifNpRyy7-pPGFprQ_ulSqRCbuZmyabbjyH-8ky8HnRdco5XNngFFpfuh12UrR0g7lttsBwjH2
数据分析实习生,北京/大兴区/亦庄,150-160元/天,,硕士,SQL/Python,刘女士/招聘经理,金风科技,计算机软件/已上市/1000-9999人,五险一金/包吃/年终奖/节日福利/带薪年假/餐补/免费班车/补充医疗保险/定期体检,https://www.zhipin.com/job_detail/fe2af1bb664595dc1XRz29m_EVtX.html?lid=3AoHaVEK9Ia.search.109&securityId=UcvKqcHCiPDWj-m1OGi4S9ZwydPIT0UXCJma_52YWmWaJ9d23x3xXVtY7PNA2IOzuypRxHHEwwWXFEyz5GJciyTrpsXh9NA8GB8cKPzOoxwF-s1suhuIj591U8-RFpPxfjQ-afOT1A~~
数据分析实习生,北京/海淀区/清河,200-400元/天,,本科,数据分析/商业分析/SQL/Python/计算广告,高先生/资深数据分析师,快手,互联网/已上市/1000-9999人,交通补助/零食下午茶/年终奖/五险一金/补充医疗保险/带薪年假/住房补贴/餐补/节日福利/加班补助/包吃,https://www.zhipin.com/job_detail/fe2af1bb664595dc1XRz29m_EVtX.html?lid=3AoHaVEK9Ia.search.110&securityId=C9-5IpKPgkhXF-N15Dy076OXWiuuFkdCb14Qg5SjNu2Go_p3jJOtPX8b7PnxmbDZuLPkg-oKJUuyo6Zv_OJrojk1rIlJ8Xukrzp8YI61yfVXWlSM2xFBGPYDXgvSmXTJeWw0aqpv3Q~~
数据分析实习生,北京/朝阳区/朝外,180-220元/天,,硕士,Tableau/Python/SQL/回归分析/聚类分析/决策树,郑丹楠/产品经理,SandStar视达,计算机软件/B轮/100-499人,餐补/五险一金/节日福利/员工旅游/包吃/带薪年假/通讯补贴/年终奖/交通补助/加班补助/定期体检/股票期权/零食下午茶,https://www.zhipin.com/job_detail/fe2af1bb664595dc1XRz29m_EVtX.html?lid=3AoHaVEK9Ia.search.111&securityId=NsmG_3JGWD5NP-I1ySjikRzGV-mw4IM44o-GXs4UeRNvYf-oOn02WoI55mGJaz2lp6jI35uj6dwa_zFsZxoZbtrXkF8Fzhw7XtHl2XVH01aZlESnFiWMNGIhZu40zbADiHK7weDohs4Z
数据分析实习生,北京/海淀区/西北旺,200-250元/天,,本科,Python/SQL/聚类分析/R,宋女士/数据分析师,腾讯科技(北京)公司,移动互联网/已上市/10000人以上,五险一金/节日福利/定期体检/免费班车/加班补助/包吃/零食下午茶/补充医疗保险/餐补,https://www.zhipin.com/job_detail/fe2af1bb664595dc1XRz29m_EVtX.html?lid=3AoHaVEK9Ia.search.112&securityId=agEBImf21IPNG-g1wddtdbq6omt7pKegyWwvzEmtYT-62SBLWfxd0_lNvmbH5xn9eXvVzLOf0mXtFRP4XY-MCxvupuMl9hKEq9_oYOfSznTJnoC8zyqjzve1XHbLrL6pCt5DF84aPg~~
数据分析实习生,北京/海淀区/西北旺,200-250元/天,,本科,SQL/Python/Excel/R,陆先生/招聘HR,网易,移动互联网/已上市/10000人以上,五险一金/年终奖/定期体检/补充医疗保险/全勤奖/带薪年假/免费班车/包吃/节日福利,https://www.zhipin.com/job_detail/fe2af1bb664595dc1XRz29m_EVtX.html?lid=3AoHaVEK9Ia.search.113&securityId=-XUoGM7JrcJMK-C1tNxkVeRWkjevoW8ibq7ooqB3jSS2YrJPsliTjDzEd6QfSp0B4hIFihypuNEJ4hBSEccSwGLLIcgQ7zpL4l3YZACddkXUb_2EX64yL26bxCreDGvyOjrl0g~~
数据分析实习生,北京/海淀区/清河,200-250元/天,,硕士,SQL/相关分析/回归分析/因子分析/方差分析/决策树/聚类分析,王先生/hr,贝塔科技,移动互联网/D轮及以上/500-999人,股票期权/定期体检/包吃/五险一金/节日福利/补充医疗保险/带薪年假/年终奖/餐补/零食下午茶,https://www.zhipin.com/job_detail/fe2af1bb664595dc1XRz29m_EVtX.html?lid=3AoHaVEK9Ia.search.114&securityId=wyHQYDGJQ6kjo-k19MxMFE_D5u1mGvkrLmCRrLrMkMvlenswYG-qdsI-17r17nP02ebGYcG59GIoKfLtypU2UeTwH9eJG2ZwpWBJepK-vkl9xOTAC5q9RpOg71XkwE-lZaZgb8uQj4k~
数据分析实习生,北京/海淀区/西北旺,180-300元/天,,硕士,Python/SQL/回归分析/相关分析/SPSS/SAS/Excel/Pandas,许晨/产品总监,匡正信息技术,数据服务/未融资/20-99人,五险一金/有奖娱乐活动/带薪年假/加班补助/节日福利/零食下午茶/餐补/年终奖,https://www.zhipin.com/job_detail/fe2af1bb664595dc1XRz29m_EVtX.html?lid=3AoHaVEK9Ia.search.115&securityId=EfNj8Lxr7BkpQ-T1eVDLh6AfL20dbLRa1TURNVvWXipI11w_UOW3DUfDWThPh3TVdEGgc1aA3l_xqy-kTBlQtq-JIJtzgDXQ2UDAYdvyH3dM3UHN48AIdPTO11lfCksv_8zqXe9qnvzh
实习生（数据分析）,北京/西城区/广安门,150-200元/天,,硕士,Java/Python/Spark/R,王亚明/HRBP经理,远光软件,计算机软件/已上市/1000-9999人,五险一金/餐补/定期体检/零食下午茶/意外险/年终奖/节日福利/通讯补贴/员工旅游/包吃/带薪年假/职业双通道,https://www.zhipin.com/job_detail/fe2af1bb664595dc1XRz29m_EVtX.html?lid=3AoHaVEK9Ia.search.116&securityId=ds90eX964opBg-P1ucuMtvsWOiENLRk4tpUDJncYUWJgqh55U-uSSFfZRSLVHezuUZDnJREPmUptM-St0z9ty-SXyL1N4zf_gpmETH3rnkmQ8Hzo_JPz_Skukc5Ag2-3aevQb4gq
数据分析实习生,北京/朝阳区/团结湖,100-140元/天,,本科,Python/SQL/Tableau/Power BI,吴迪/人事招聘,拜耳(中国)有限公司,制药//10000人以上,,https://www.zhipin.com/job_detail/fe2af1bb664595dc1XRz29m_EVtX.html?lid=3AoHaVEK9Ia.search.117&securityId=EDipIeexUGYPY--1wmFa42bVlShxnf1UESqJfsR18otdIaxoDouWChdQ77Xt45zMyMTsoksx4Y1jHVrpaWrXs36-vv0T93fzBXOVf3qX5CKrSOmg3X5F_dZlvUEUJZOp5qdwleaWPwU~
数据分析-策略分析,北京/大兴区/亦庄,15-28K·14薪,经验不限,学历不限,数据分析-策略分析,张咄/风控总监,致鑫科技,企业服务/未融资/100-499人,员工旅游/五险一金/年终奖/定期体检/节日福利/带薪年假/零食下午茶,https://www.zhipin.com/job_detail/fe2af1bb664595dc1XRz29m_EVtX.html?lid=3AoHaVEK9Ia.search.118&securityId=NlWAoVbsZJNYe-m1iuB1XDYcQki1Rs31dzykN8pPbJtQ7E0Rfzprem0nR-x88kJJdN6Y8BfGMEmGK9SJ-hkDnwos2LDpwkg-fC9nfUfVYe2HUKk-VxHYpmcwknV5NhzoEO2Sq5nziRw~
数据分析实习生,北京/丰台区/宋家庄,150-200元/天,,本科,Python/Pandas,马建龙/产品经理,亿保创元,企业服务/A轮/20-99人,五险一金/零食下午茶/年终奖/员工旅游/股票期权,https://www.zhipin.com/job_detail/fe2af1bb664595dc1XRz29m_EVtX.html?lid=3AoHaVEK9Ia.search.119&securityId=GJPSOrkToOeIW-a1GE55dYa2VmB4_Hinar92DDXn8w2YysLKnIjdmIZVWh-j8VSb1qI7oiIOmLjJKjxpVQZePK669s5tSUl442afGHRnr8ekscOjbRgzTX1i6JsAWIHBcnU_p8H-o1g~
数据分析实习生,北京/朝阳区/来广营,150-200元/天,,本科,Hive/Python/SQL,段女士/HR,北京新氧万维,互联网/已上市/1000-9999人,体检/五险一金/餐补/定期体检/补充医疗保险/加班补助/年终奖/员工旅游/股票期权/带薪年假/免费班车/节日福利,https://www.zhipin.com/job_detail/fe2af1bb664595dc1XRz29m_EVtX.html?lid=3AoHaVEK9Ia.search.120&securityId=Kd1Dyjx8NZUlb-q1Fx5KSrPliaLdn4RcAHYL5qY4Hh6pRKVSPsKkLUp5rnq96mKbJlgNoyqld5KkKzvWOjmctJKp8-1ivIihnF_mmgJrixCjUcfUfsMLFEj66fu2Jv9SMN64zobMl8o~
